ridge,weighting_stratum,feature,coefficient,converged,iterations,selected
0.1,Bundesliga|Attack,intercept,-2.371406609312925,True,8,False
0.1,Bundesliga|Attack,age_at_world_cup,-0.5154184646064969,True,8,False
0.1,Bundesliga|Attack,market_value_log,0.19574671397151652,True,8,False
0.1,Bundesliga|Attack,pre_minutes_share,2.3638044863617025,True,8,False
0.1,Bundesliga|Attack,pre_squad_rate,-0.4097877516647195,True,8,False
0.1,Bundesliga|Attack,pre_start_rate,0.7636048191441707,True,8,False
0.1,Bundesliga|Attack,pre_npxg_xa,-0.8120856878980462,True,8,False
0.1,Bundesliga|Attack,pre_injury_days,0.9896362305068697,True,8,False
0.1,Bundesliga|Attack,pre_club_ppg,2.209977574196648,True,8,False
0.1,Bundesliga|Attack,pre_opponent_ppg,-1.500734373863984,True,8,False
0.1,Bundesliga|Attack,pre_trend_minutes_share,0.3485339365553286,True,8,False
0.1,Bundesliga|Attack,pre_trend_npxg_xa,-0.7276525505351438,True,8,False
0.1,Bundesliga|Attack,missing_pre_npxg_xa,-0.8065984798560245,True,8,False
0.1,Bundesliga|Attack,missing_pre_trend_npxg_xa,-0.8065984798560245,True,8,False
0.1,Bundesliga|Defender,intercept,-2.015428542010559,True,8,False
0.1,Bundesliga|Defender,age_at_world_cup,0.47631940255679456,True,8,False
0.1,Bundesliga|Defender,market_value_log,2.3595277837114614,True,8,False
0.1,Bundesliga|Defender,pre_minutes_share,0.34026846502764885,True,8,False
0.1,Bundesliga|Defender,pre_squad_rate,-1.325197645821629,True,8,False
0.1,Bundesliga|Defender,pre_start_rate,0.322150665679481,True,8,False
0.1,Bundesliga|Defender,pre_npxg_xa,0.37617174809371406,True,8,False
0.1,Bundesliga|Defender,pre_injury_days,-0.7550254011110832,True,8,False
0.1,Bundesliga|Defender,pre_club_ppg,0.03840433534144852,True,8,False
0.1,Bundesliga|Defender,pre_opponent_ppg,-0.05887872467611994,True,8,False
0.1,Bundesliga|Defender,pre_trend_minutes_share,0.7176694723037017,True,8,False
0.1,Bundesliga|Defender,pre_trend_npxg_xa,-0.5469604934508083,True,8,False
0.1,Bundesliga|Defender,missing_pre_npxg_xa,-1.0180319043235615,True,8,False
0.1,Bundesliga|Defender,missing_pre_trend_npxg_xa,-1.0180319043235615,True,8,False
0.1,Bundesliga|Midfield,intercept,-1.091833953578217,True,7,False
0.1,Bundesliga|Midfield,age_at_world_cup,0.8038811766594025,True,7,False
0.1,Bundesliga|Midfield,market_value_log,1.6623853041709404,True,7,False
0.1,Bundesliga|Midfield,pre_minutes_share,-0.6377105269197709,True,7,False
0.1,Bundesliga|Midfield,pre_squad_rate,-0.5209324721085921,True,7,False
0.1,Bundesliga|Midfield,pre_start_rate,0.5777659925946773,True,7,False
0.1,Bundesliga|Midfield,pre_npxg_xa,0.22807886005241162,True,7,False
0.1,Bundesliga|Midfield,pre_injury_days,-0.13702981420554664,True,7,False
0.1,Bundesliga|Midfield,pre_club_ppg,0.48116108260453166,True,7,False
0.1,Bundesliga|Midfield,pre_opponent_ppg,0.5952677328634197,True,7,False
0.1,Bundesliga|Midfield,pre_trend_minutes_share,-0.024402900428813618,True,7,False
0.1,Bundesliga|Midfield,pre_trend_npxg_xa,0.2364259808779995,True,7,False
0.1,Bundesliga|Midfield,missing_pre_npxg_xa,-0.9498263661300097,True,7,False
0.1,Bundesliga|Midfield,missing_pre_trend_npxg_xa,-0.9498263661300097,True,7,False
0.1,LaLiga|Attack,intercept,-1.7117815036092348,True,8,False
0.1,LaLiga|Attack,age_at_world_cup,0.22161842534193937,True,8,False
0.1,LaLiga|Attack,market_value_log,2.231899470005785,True,8,False
0.1,LaLiga|Attack,pre_minutes_share,-0.4567823836998086,True,8,False
0.1,LaLiga|Attack,pre_squad_rate,-0.7587016986735302,True,8,False
0.1,LaLiga|Attack,pre_start_rate,-0.008597737029684438,True,8,False
0.1,LaLiga|Attack,pre_npxg_xa,0.9239070502690506,True,8,False
0.1,LaLiga|Attack,pre_injury_days,-0.0027994878904779824,True,8,False
0.1,LaLiga|Attack,pre_club_ppg,0.19670861414664376,True,8,False
0.1,LaLiga|Attack,pre_opponent_ppg,0.509304377951678,True,8,False
0.1,LaLiga|Attack,pre_trend_minutes_share,-0.5061784867342807,True,8,False
0.1,LaLiga|Attack,pre_trend_npxg_xa,0.08471149532213387,True,8,False
0.1,LaLiga|Attack,missing_pre_npxg_xa,-0.3200332664582566,True,8,False
0.1,LaLiga|Attack,missing_pre_trend_npxg_xa,-0.3200332664582566,True,8,False
0.1,LaLiga|Defender,intercept,-2.155581595233875,True,7,False
0.1,LaLiga|Defender,age_at_world_cup,0.21839184466586078,True,7,False
0.1,LaLiga|Defender,market_value_log,1.0555068160990524,True,7,False
0.1,LaLiga|Defender,pre_minutes_share,1.4792577193260001,True,7,False
0.1,LaLiga|Defender,pre_squad_rate,-0.7072365184760309,True,7,False
0.1,LaLiga|Defender,pre_start_rate,-0.8203793855753545,True,7,False
0.1,LaLiga|Defender,pre_npxg_xa,-0.2652663452644669,True,7,False
0.1,LaLiga|Defender,pre_injury_days,-0.5262864306278376,True,7,False
0.1,LaLiga|Defender,pre_club_ppg,0.5472895399873766,True,7,False
0.1,LaLiga|Defender,pre_opponent_ppg,0.3718668953450756,True,7,False
0.1,LaLiga|Defender,pre_trend_minutes_share,0.01301170427068031,True,7,False
0.1,LaLiga|Defender,pre_trend_npxg_xa,0.23569159133800444,True,7,False
0.1,LaLiga|Defender,missing_pre_npxg_xa,-0.3998821120815618,True,7,False
0.1,LaLiga|Defender,missing_pre_trend_npxg_xa,-0.3998821120815618,True,7,False
0.1,LaLiga|Midfield,intercept,-1.9373602202102698,True,7,False
0.1,LaLiga|Midfield,age_at_world_cup,0.8068743261522888,True,7,False
0.1,LaLiga|Midfield,market_value_log,1.7189838578083645,True,7,False
0.1,LaLiga|Midfield,pre_minutes_share,-0.8005987130551536,True,7,False
0.1,LaLiga|Midfield,pre_squad_rate,0.6987944720274903,True,7,False
0.1,LaLiga|Midfield,pre_start_rate,0.7243950611274207,True,7,False
0.1,LaLiga|Midfield,pre_npxg_xa,-0.7766128857847127,True,7,False
0.1,LaLiga|Midfield,pre_injury_days,-0.06764974752650404,True,7,False
0.1,LaLiga|Midfield,pre_club_ppg,0.5801896699581187,True,7,False
0.1,LaLiga|Midfield,pre_opponent_ppg,-0.11037237537068637,True,7,False
0.1,LaLiga|Midfield,pre_trend_minutes_share,0.024093719788242537,True,7,False
0.1,LaLiga|Midfield,pre_trend_npxg_xa,0.2522500268981747,True,7,False
0.1,LaLiga|Midfield,missing_pre_npxg_xa,-0.13419886214136978,True,7,False
0.1,LaLiga|Midfield,missing_pre_trend_npxg_xa,-0.13419886214136978,True,7,False
0.1,Ligue 1|Attack,intercept,-2.525601507501646,True,8,False
0.1,Ligue 1|Attack,age_at_world_cup,0.3788067651068755,True,8,False
0.1,Ligue 1|Attack,market_value_log,0.48420883161043216,True,8,False
0.1,Ligue 1|Attack,pre_minutes_share,-1.295597119878011,True,8,False
0.1,Ligue 1|Attack,pre_squad_rate,0.15544525072098397,True,8,False
0.1,Ligue 1|Attack,pre_start_rate,0.01760771126050701,True,8,False
0.1,Ligue 1|Attack,pre_npxg_xa,1.2662434505075983,True,8,False
0.1,Ligue 1|Attack,pre_injury_days,-1.3625079982389516,True,8,False
0.1,Ligue 1|Attack,pre_club_ppg,1.143949901468819,True,8,False
0.1,Ligue 1|Attack,pre_opponent_ppg,0.30190965583226265,True,8,False
0.1,Ligue 1|Attack,pre_trend_minutes_share,0.8723792073449218,True,8,False
0.1,Ligue 1|Attack,pre_trend_npxg_xa,-1.4091601475491096,True,8,False
0.1,Ligue 1|Defender,intercept,-1.9087313072917764,True,8,False
0.1,Ligue 1|Defender,age_at_world_cup,0.14614325517563717,True,8,False
0.1,Ligue 1|Defender,market_value_log,0.9056309401970482,True,8,False
0.1,Ligue 1|Defender,pre_minutes_share,-0.42449295992800395,True,8,False
0.1,Ligue 1|Defender,pre_squad_rate,-0.20579371324175727,True,8,False
0.1,Ligue 1|Defender,pre_start_rate,0.26922837713695674,True,8,False
0.1,Ligue 1|Defender,pre_npxg_xa,0.35965364937946337,True,8,False
0.1,Ligue 1|Defender,pre_injury_days,-0.878509386483726,True,8,False
0.1,Ligue 1|Defender,pre_club_ppg,-0.021718406849906384,True,8,False
0.1,Ligue 1|Defender,pre_opponent_ppg,-0.852734086551317,True,8,False
0.1,Ligue 1|Defender,pre_trend_minutes_share,0.012095719600803528,True,8,False
0.1,Ligue 1|Defender,pre_trend_npxg_xa,0.001052152684583719,True,8,False
0.1,Ligue 1|Defender,missing_pre_npxg_xa,-0.6582064678799356,True,8,False
0.1,Ligue 1|Defender,missing_pre_trend_npxg_xa,-0.6582064678799356,True,8,False
0.1,Ligue 1|Midfield,intercept,-2.520969863423958,True,8,False
0.1,Ligue 1|Midfield,age_at_world_cup,0.13912672826771574,True,8,False
0.1,Ligue 1|Midfield,market_value_log,1.5127391559189147,True,8,False
0.1,Ligue 1|Midfield,pre_minutes_share,1.9016809514070503,True,8,False
0.1,Ligue 1|Midfield,pre_squad_rate,-0.519946708091887,True,8,False
0.1,Ligue 1|Midfield,pre_start_rate,-2.1222306218918177,True,8,False
0.1,Ligue 1|Midfield,pre_npxg_xa,0.16392378911274985,True,8,False
0.1,Ligue 1|Midfield,pre_injury_days,-0.6988280609276628,True,8,False
0.1,Ligue 1|Midfield,pre_club_ppg,0.43460898447272023,True,8,False
0.1,Ligue 1|Midfield,pre_opponent_ppg,0.22723668033948424,True,8,False
0.1,Ligue 1|Midfield,pre_trend_minutes_share,0.9067794441164924,True,8,False
0.1,Ligue 1|Midfield,pre_trend_npxg_xa,-0.5758772004450002,True,8,False
0.1,Ligue 1|Midfield,missing_pre_npxg_xa,-0.10916570531078124,True,8,False
0.1,Ligue 1|Midfield,missing_pre_trend_npxg_xa,-0.10916570531078124,True,8,False
0.1,Premier League|Attack,intercept,-0.5147321887871652,True,7,False
0.1,Premier League|Attack,age_at_world_cup,0.21803323607610764,True,7,False
0.1,Premier League|Attack,market_value_log,0.9819161259994158,True,7,False
0.1,Premier League|Attack,pre_minutes_share,-0.1925864131160806,True,7,False
0.1,Premier League|Attack,pre_squad_rate,0.007866693369253086,True,7,False
0.1,Premier League|Attack,pre_start_rate,0.1980464896316501,True,7,False
0.1,Premier League|Attack,pre_npxg_xa,-0.33244940965248176,True,7,False
0.1,Premier League|Attack,pre_injury_days,-0.23566437389682995,True,7,False
0.1,Premier League|Attack,pre_club_ppg,1.3732961076196677,True,7,False
0.1,Premier League|Attack,pre_opponent_ppg,-0.2070291214911607,True,7,False
0.1,Premier League|Attack,pre_trend_minutes_share,0.5248796099212542,True,7,False
0.1,Premier League|Attack,pre_trend_npxg_xa,0.42520524555253797,True,7,False
0.1,Premier League|Defender,intercept,-0.33044951765788066,True,7,False
0.1,Premier League|Defender,age_at_world_cup,0.25718735511571794,True,7,False
0.1,Premier League|Defender,market_value_log,0.9214396157093802,True,7,False
0.1,Premier League|Defender,pre_minutes_share,1.0070747539605691,True,7,False
0.1,Premier League|Defender,pre_squad_rate,0.4697984217944211,True,7,False
0.1,Premier League|Defender,pre_start_rate,-1.0324548044713981,True,7,False
0.1,Premier League|Defender,pre_npxg_xa,0.3996873677915123,True,7,False
0.1,Premier League|Defender,pre_injury_days,0.3340381502736488,True,7,False
0.1,Premier League|Defender,pre_club_ppg,0.6365363241470064,True,7,False
0.1,Premier League|Defender,pre_opponent_ppg,-0.0317170466888458,True,7,False
0.1,Premier League|Defender,pre_trend_minutes_share,-0.06761598314893412,True,7,False
0.1,Premier League|Defender,pre_trend_npxg_xa,0.08064009554417126,True,7,False
0.1,Premier League|Defender,missing_pre_npxg_xa,-1.86358688787586,True,7,False
0.1,Premier League|Defender,missing_pre_trend_npxg_xa,-1.86358688787586,True,7,False
0.1,Premier League|Midfield,intercept,-0.1171316309024134,True,7,False
0.1,Premier League|Midfield,age_at_world_cup,1.0910619245693487,True,7,False
0.1,Premier League|Midfield,market_value_log,1.4277956446978175,True,7,False
0.1,Premier League|Midfield,pre_minutes_share,1.2585602038496309,True,7,False
0.1,Premier League|Midfield,pre_squad_rate,-0.7452941891905006,True,7,False
0.1,Premier League|Midfield,pre_start_rate,-0.9987322918170427,True,7,False
0.1,Premier League|Midfield,pre_npxg_xa,-0.6158115344112585,True,7,False
0.1,Premier League|Midfield,pre_injury_days,-1.1311454339952631,True,7,False
0.1,Premier League|Midfield,pre_club_ppg,0.8561154748994759,True,7,False
0.1,Premier League|Midfield,pre_opponent_ppg,0.48710838154057073,True,7,False
0.1,Premier League|Midfield,pre_trend_minutes_share,0.0321093867372074,True,7,False
0.1,Premier League|Midfield,pre_trend_npxg_xa,-0.06434510991796985,True,7,False
0.1,Premier League|Midfield,missing_pre_npxg_xa,-1.1944510457382478,True,7,False
0.1,Premier League|Midfield,missing_pre_trend_npxg_xa,-1.1944510457382478,True,7,False
0.1,Serie A|Attack,intercept,-1.876564422002273,True,8,False
0.1,Serie A|Attack,age_at_world_cup,0.5660950343384696,True,8,False
0.1,Serie A|Attack,market_value_log,1.393051250940688,True,8,False
0.1,Serie A|Attack,pre_minutes_share,0.013058515556478904,True,8,False
0.1,Serie A|Attack,pre_squad_rate,-0.8001924200232223,True,8,False
0.1,Serie A|Attack,pre_start_rate,-0.5999802135101242,True,8,False
0.1,Serie A|Attack,pre_npxg_xa,0.3812564398850667,True,8,False
0.1,Serie A|Attack,pre_injury_days,-2.8554671998424124,True,8,False
0.1,Serie A|Attack,pre_club_ppg,0.002676618601590488,True,8,False
0.1,Serie A|Attack,pre_opponent_ppg,-0.7143085281452569,True,8,False
0.1,Serie A|Attack,pre_trend_minutes_share,0.19360418693249443,True,8,False
0.1,Serie A|Attack,pre_trend_npxg_xa,-1.262386949407791,True,8,False
0.1,Serie A|Defender,intercept,-0.707895424886616,True,7,False
0.1,Serie A|Defender,age_at_world_cup,0.4384206111559618,True,7,False
0.1,Serie A|Defender,market_value_log,0.9443081688235708,True,7,False
0.1,Serie A|Defender,pre_minutes_share,0.07896735363703186,True,7,False
0.1,Serie A|Defender,pre_squad_rate,0.29246408600875146,True,7,False
0.1,Serie A|Defender,pre_start_rate,-0.16681260801915831,True,7,False
0.1,Serie A|Defender,pre_npxg_xa,-0.2531048411543396,True,7,False
0.1,Serie A|Defender,pre_injury_days,-0.7210036228182483,True,7,False
0.1,Serie A|Defender,pre_club_ppg,-0.22823947089508728,True,7,False
0.1,Serie A|Defender,pre_opponent_ppg,-0.23431356621674168,True,7,False
0.1,Serie A|Defender,pre_trend_minutes_share,0.28544553995622385,True,7,False
0.1,Serie A|Defender,pre_trend_npxg_xa,-0.20106190605959665,True,7,False
0.1,Serie A|Defender,missing_pre_npxg_xa,-0.5080144897133791,True,7,False
0.1,Serie A|Defender,missing_pre_trend_npxg_xa,-0.5080144897133791,True,7,False
0.1,Serie A|Midfield,intercept,-0.972380566350565,True,7,False
0.1,Serie A|Midfield,age_at_world_cup,0.37866249365774796,True,7,False
0.1,Serie A|Midfield,market_value_log,1.082379541192451,True,7,False
0.1,Serie A|Midfield,pre_minutes_share,0.4876460628124333,True,7,False
0.1,Serie A|Midfield,pre_squad_rate,-1.0313376638482548,True,7,False
0.1,Serie A|Midfield,pre_start_rate,-0.2783991817539584,True,7,False
0.1,Serie A|Midfield,pre_npxg_xa,0.6808441444728268,True,7,False
0.1,Serie A|Midfield,pre_injury_days,0.06330885456407717,True,7,False
0.1,Serie A|Midfield,pre_club_ppg,-0.2413465184082555,True,7,False
0.1,Serie A|Midfield,pre_opponent_ppg,0.315751312809045,True,7,False
0.1,Serie A|Midfield,pre_trend_minutes_share,0.1135837604350328,True,7,False
0.1,Serie A|Midfield,pre_trend_npxg_xa,-0.2132651961431937,True,7,False
0.1,Serie A|Midfield,missing_pre_npxg_xa,0.4670792908063288,True,7,False
0.1,Serie A|Midfield,missing_pre_trend_npxg_xa,0.4670792908063288,True,7,False
0.2,Bundesliga|Attack,intercept,-2.143636091681807,True,8,False
0.2,Bundesliga|Attack,age_at_world_cup,-0.4174912639226419,True,8,False
0.2,Bundesliga|Attack,market_value_log,0.27156888402343404,True,8,False
0.2,Bundesliga|Attack,pre_minutes_share,1.776722784269386,True,8,False
0.2,Bundesliga|Attack,pre_squad_rate,-0.321193017352109,True,8,False
0.2,Bundesliga|Attack,pre_start_rate,0.749274897307102,True,8,False
0.2,Bundesliga|Attack,pre_npxg_xa,-0.5375958779617027,True,8,False
0.2,Bundesliga|Attack,pre_injury_days,0.8739296004547786,True,8,False
0.2,Bundesliga|Attack,pre_club_ppg,1.8930737120510022,True,8,False
0.2,Bundesliga|Attack,pre_opponent_ppg,-1.301542640406639,True,8,False
0.2,Bundesliga|Attack,pre_trend_minutes_share,0.3373307139117381,True,8,False
0.2,Bundesliga|Attack,pre_trend_npxg_xa,-0.6677446540708116,True,8,False
0.2,Bundesliga|Attack,missing_pre_npxg_xa,-0.584832364141341,True,8,False
0.2,Bundesliga|Attack,missing_pre_trend_npxg_xa,-0.584832364141341,True,8,False
0.2,Bundesliga|Defender,intercept,-1.9526098315886122,True,8,False
0.2,Bundesliga|Defender,age_at_world_cup,0.423744499135286,True,8,False
0.2,Bundesliga|Defender,market_value_log,2.23639348458657,True,8,False
0.2,Bundesliga|Defender,pre_minutes_share,0.29090128588847797,True,8,False
0.2,Bundesliga|Defender,pre_squad_rate,-1.2050012701161814,True,8,False
0.2,Bundesliga|Defender,pre_start_rate,0.31925462643976354,True,8,False
0.2,Bundesliga|Defender,pre_npxg_xa,0.371905662157371,True,8,False
0.2,Bundesliga|Defender,pre_injury_days,-0.6696207575975813,True,8,False
0.2,Bundesliga|Defender,pre_club_ppg,0.08120486346611117,True,8,False
0.2,Bundesliga|Defender,pre_opponent_ppg,-0.03330910160202435,True,8,False
0.2,Bundesliga|Defender,pre_trend_minutes_share,0.6816902166882055,True,8,False
0.2,Bundesliga|Defender,pre_trend_npxg_xa,-0.5343521979508064,True,8,False
0.2,Bundesliga|Defender,missing_pre_npxg_xa,-0.8277133646013993,True,8,False
0.2,Bundesliga|Defender,missing_pre_trend_npxg_xa,-0.8277133646013993,True,8,False
0.2,Bundesliga|Midfield,intercept,-1.076490856800387,True,7,False
0.2,Bundesliga|Midfield,age_at_world_cup,0.760177076452076,True,7,False
0.2,Bundesliga|Midfield,market_value_log,1.5860629207552066,True,7,False
0.2,Bundesliga|Midfield,pre_minutes_share,-0.4728009644639587,True,7,False
0.2,Bundesliga|Midfield,pre_squad_rate,-0.516078341447619,True,7,False
0.2,Bundesliga|Midfield,pre_start_rate,0.4283116086774382,True,7,False
0.2,Bundesliga|Midfield,pre_npxg_xa,0.24334167958032143,True,7,False
0.2,Bundesliga|Midfield,pre_injury_days,-0.12750415616602181,True,7,False
0.2,Bundesliga|Midfield,pre_club_ppg,0.48493053363566824,True,7,False
0.2,Bundesliga|Midfield,pre_opponent_ppg,0.5791763035562315,True,7,False
0.2,Bundesliga|Midfield,pre_trend_minutes_share,-0.02276338224511544,True,7,False
0.2,Bundesliga|Midfield,pre_trend_npxg_xa,0.2164825756040382,True,7,False
0.2,Bundesliga|Midfield,missing_pre_npxg_xa,-0.7210081321507676,True,7,False
0.2,Bundesliga|Midfield,missing_pre_trend_npxg_xa,-0.7210081321507676,True,7,False
0.2,LaLiga|Attack,intercept,-1.6758464124086605,True,8,False
0.2,LaLiga|Attack,age_at_world_cup,0.19178785120261505,True,8,False
0.2,LaLiga|Attack,market_value_log,2.125568776053635,True,8,False
0.2,LaLiga|Attack,pre_minutes_share,-0.42613393773191605,True,8,False
0.2,LaLiga|Attack,pre_squad_rate,-0.735490411069667,True,8,False
0.2,LaLiga|Attack,pre_start_rate,-0.021496000210316023,True,8,False
0.2,LaLiga|Attack,pre_npxg_xa,0.9075461633314775,True,8,False
0.2,LaLiga|Attack,pre_injury_days,0.0045422786392433,True,8,False
0.2,LaLiga|Attack,pre_club_ppg,0.22727057118035707,True,8,False
0.2,LaLiga|Attack,pre_opponent_ppg,0.5053902330113271,True,8,False
0.2,LaLiga|Attack,pre_trend_minutes_share,-0.48079686959427037,True,8,False
0.2,LaLiga|Attack,pre_trend_npxg_xa,0.0709763766477093,True,8,False
0.2,LaLiga|Attack,missing_pre_npxg_xa,-0.30787055686820414,True,8,False
0.2,LaLiga|Attack,missing_pre_trend_npxg_xa,-0.30787055686820414,True,8,False
0.2,LaLiga|Defender,intercept,-2.1382307833777583,True,7,False
0.2,LaLiga|Defender,age_at_world_cup,0.22786538514037902,True,7,False
0.2,LaLiga|Defender,market_value_log,1.0407469721199099,True,7,False
0.2,LaLiga|Defender,pre_minutes_share,1.1841616630959577,True,7,False
0.2,LaLiga|Defender,pre_squad_rate,-0.6596520895517808,True,7,False
0.2,LaLiga|Defender,pre_start_rate,-0.5456511829493759,True,7,False
0.2,LaLiga|Defender,pre_npxg_xa,-0.25889403718614284,True,7,False
0.2,LaLiga|Defender,pre_injury_days,-0.5050890618429598,True,7,False
0.2,LaLiga|Defender,pre_club_ppg,0.5413917919791515,True,7,False
0.2,LaLiga|Defender,pre_opponent_ppg,0.3666889537386606,True,7,False
0.2,LaLiga|Defender,pre_trend_minutes_share,0.03426384428996873,True,7,False
0.2,LaLiga|Defender,pre_trend_npxg_xa,0.22598953981560824,True,7,False
0.2,LaLiga|Defender,missing_pre_npxg_xa,-0.36985197523124863,True,7,False
0.2,LaLiga|Defender,missing_pre_trend_npxg_xa,-0.36985197523124863,True,7,False
0.2,LaLiga|Midfield,intercept,-1.9032039743467604,True,7,False
0.2,LaLiga|Midfield,age_at_world_cup,0.7612845671365848,True,7,False
0.2,LaLiga|Midfield,market_value_log,1.6324737083503107,True,7,False
0.2,LaLiga|Midfield,pre_minutes_share,-0.6249725772164281,True,7,False
0.2,LaLiga|Midfield,pre_squad_rate,0.6413144246893079,True,7,False
0.2,LaLiga|Midfield,pre_start_rate,0.5647747843912981,True,7,False
0.2,LaLiga|Midfield,pre_npxg_xa,-0.7359483079696622,True,7,False
0.2,LaLiga|Midfield,pre_injury_days,-0.0878950935418747,True,7,False
0.2,LaLiga|Midfield,pre_club_ppg,0.5925142353986907,True,7,False
0.2,LaLiga|Midfield,pre_opponent_ppg,-0.10272021322908849,True,7,False
0.2,LaLiga|Midfield,pre_trend_minutes_share,0.03349257341258884,True,7,False
0.2,LaLiga|Midfield,pre_trend_npxg_xa,0.2346421512200666,True,7,False
0.2,LaLiga|Midfield,missing_pre_npxg_xa,-0.08766986623224231,True,7,False
0.2,LaLiga|Midfield,missing_pre_trend_npxg_xa,-0.08766986623224231,True,7,False
0.2,Ligue 1|Attack,intercept,-2.390458500769759,True,8,False
0.2,Ligue 1|Attack,age_at_world_cup,0.3513307813221502,True,8,False
0.2,Ligue 1|Attack,market_value_log,0.5137726892806934,True,8,False
0.2,Ligue 1|Attack,pre_minutes_share,-1.004522633502639,True,8,False
0.2,Ligue 1|Attack,pre_squad_rate,0.1574344064639391,True,8,False
0.2,Ligue 1|Attack,pre_start_rate,-0.1421667268034148,True,8,False
0.2,Ligue 1|Attack,pre_npxg_xa,1.135845256698653,True,8,False
0.2,Ligue 1|Attack,pre_injury_days,-1.207673400017091,True,8,False
0.2,Ligue 1|Attack,pre_club_ppg,1.0463763444853598,True,8,False
0.2,Ligue 1|Attack,pre_opponent_ppg,0.26711993206907575,True,8,False
0.2,Ligue 1|Attack,pre_trend_minutes_share,0.793619532843176,True,8,False
0.2,Ligue 1|Attack,pre_trend_npxg_xa,-1.2846075742776129,True,8,False
0.2,Ligue 1|Defender,intercept,-1.894263165207124,True,7,False
0.2,Ligue 1|Defender,age_at_world_cup,0.1324433580716648,True,7,False
0.2,Ligue 1|Defender,market_value_log,0.8785151283241662,True,7,False
0.2,Ligue 1|Defender,pre_minutes_share,-0.3308051985165818,True,7,False
0.2,Ligue 1|Defender,pre_squad_rate,-0.20386436476231076,True,7,False
0.2,Ligue 1|Defender,pre_start_rate,0.19657800461049527,True,7,False
0.2,Ligue 1|Defender,pre_npxg_xa,0.3514658337848392,True,7,False
0.2,Ligue 1|Defender,pre_injury_days,-0.8278620692868509,True,7,False
0.2,Ligue 1|Defender,pre_club_ppg,-0.008635804497342841,True,7,False
0.2,Ligue 1|Defender,pre_opponent_ppg,-0.836096249806737,True,7,False
0.2,Ligue 1|Defender,pre_trend_minutes_share,0.009155672532376577,True,7,False
0.2,Ligue 1|Defender,pre_trend_npxg_xa,0.0038120033507136213,True,7,False
0.2,Ligue 1|Defender,missing_pre_npxg_xa,-0.4753270078568639,True,7,False
0.2,Ligue 1|Defender,missing_pre_trend_npxg_xa,-0.4753270078568639,True,7,False
0.2,Ligue 1|Midfield,intercept,-2.4152963431468293,True,8,False
0.2,Ligue 1|Midfield,age_at_world_cup,0.13060838141330922,True,8,False
0.2,Ligue 1|Midfield,market_value_log,1.4318042713398724,True,8,False
0.2,Ligue 1|Midfield,pre_minutes_share,1.438602383160844,True,8,False
0.2,Ligue 1|Midfield,pre_squad_rate,-0.42115729586114536,True,8,False
0.2,Ligue 1|Midfield,pre_start_rate,-1.665301769198327,True,8,False
0.2,Ligue 1|Midfield,pre_npxg_xa,0.1751579552180551,True,8,False
0.2,Ligue 1|Midfield,pre_injury_days,-0.6228037328822204,True,8,False
0.2,Ligue 1|Midfield,pre_club_ppg,0.4145695543569733,True,8,False
0.2,Ligue 1|Midfield,pre_opponent_ppg,0.20994725134281525,True,8,False
0.2,Ligue 1|Midfield,pre_trend_minutes_share,0.8272403304804085,True,8,False
0.2,Ligue 1|Midfield,pre_trend_npxg_xa,-0.5135274866060444,True,8,False
0.2,Ligue 1|Midfield,missing_pre_npxg_xa,-0.10210623200434105,True,8,False
0.2,Ligue 1|Midfield,missing_pre_trend_npxg_xa,-0.10210623200434105,True,8,False
0.2,Premier League|Attack,intercept,-0.509580674750999,True,7,False
0.2,Premier League|Attack,age_at_world_cup,0.2046611415255714,True,7,False
0.2,Premier League|Attack,market_value_log,0.9513594367160878,True,7,False
0.2,Premier League|Attack,pre_minutes_share,-0.1487991730255994,True,7,False
0.2,Premier League|Attack,pre_squad_rate,0.003226097398402704,True,7,False
0.2,Premier League|Attack,pre_start_rate,0.1545363166528508,True,7,False
0.2,Premier League|Attack,pre_npxg_xa,-0.30962571345645395,True,7,False
0.2,Premier League|Attack,pre_injury_days,-0.22669121558408997,True,7,False
0.2,Premier League|Attack,pre_club_ppg,1.3315251090226885,True,7,False
0.2,Premier League|Attack,pre_opponent_ppg,-0.19433597001192696,True,7,False
0.2,Premier League|Attack,pre_trend_minutes_share,0.5095325911810258,True,7,False
0.2,Premier League|Attack,pre_trend_npxg_xa,0.40310665084831526,True,7,False
0.2,Premier League|Defender,intercept,-0.3306832518649824,True,7,False
0.2,Premier League|Defender,age_at_world_cup,0.25734878818907,True,7,False
0.2,Premier League|Defender,market_value_log,0.8963600852557561,True,7,False
0.2,Premier League|Defender,pre_minutes_share,0.75622567789034,True,7,False
0.2,Premier League|Defender,pre_squad_rate,0.4592838252821499,True,7,False
0.2,Premier League|Defender,pre_start_rate,-0.7827521397469684,True,7,False
0.2,Premier League|Defender,pre_npxg_xa,0.39141078852515,True,7,False
0.2,Premier League|Defender,pre_injury_days,0.3247131839004981,True,7,False
0.2,Premier League|Defender,pre_club_ppg,0.6185785016961565,True,7,False
0.2,Premier League|Defender,pre_opponent_ppg,-0.024630589367834937,True,7,False
0.2,Premier League|Defender,pre_trend_minutes_share,-0.06110256260675664,True,7,False
0.2,Premier League|Defender,pre_trend_npxg_xa,0.07695075915071828,True,7,False
0.2,Premier League|Defender,missing_pre_npxg_xa,-1.5325371947898143,True,7,False
0.2,Premier League|Defender,missing_pre_trend_npxg_xa,-1.5325371947898143,True,7,False
0.2,Premier League|Midfield,intercept,-0.11917204807684031,True,7,False
0.2,Premier League|Midfield,age_at_world_cup,1.0436211558905686,True,7,False
0.2,Premier League|Midfield,market_value_log,1.3727556214987457,True,7,False
0.2,Premier League|Midfield,pre_minutes_share,1.0043660870725672,True,7,False
0.2,Premier League|Midfield,pre_squad_rate,-0.7020188194841228,True,7,False
0.2,Premier League|Midfield,pre_start_rate,-0.7644536394418765,True,7,False
0.2,Premier League|Midfield,pre_npxg_xa,-0.5881006551611715,True,7,False
0.2,Premier League|Midfield,pre_injury_days,-1.0899079902304778,True,7,False
0.2,Premier League|Midfield,pre_club_ppg,0.837338047694598,True,7,False
0.2,Premier League|Midfield,pre_opponent_ppg,0.4688438586979577,True,7,False
0.2,Premier League|Midfield,pre_trend_minutes_share,0.0284051832479579,True,7,False
0.2,Premier League|Midfield,pre_trend_npxg_xa,-0.06587060213184741,True,7,False
0.2,Premier League|Midfield,missing_pre_npxg_xa,-0.922043780916314,True,7,False
0.2,Premier League|Midfield,missing_pre_trend_npxg_xa,-0.922043780916314,True,7,False
0.2,Serie A|Attack,intercept,-1.6879516996141157,True,7,False
0.2,Serie A|Attack,age_at_world_cup,0.46696600244312625,True,7,False
0.2,Serie A|Attack,market_value_log,1.137683281825295,True,7,False
0.2,Serie A|Attack,pre_minutes_share,-0.05875744094364992,True,7,False
0.2,Serie A|Attack,pre_squad_rate,-0.6339931117414037,True,7,False
0.2,Serie A|Attack,pre_start_rate,-0.4078600045800916,True,7,False
0.2,Serie A|Attack,pre_npxg_xa,0.4199228164537654,True,7,False
0.2,Serie A|Attack,pre_injury_days,-2.3199410998920076,True,7,False
0.2,Serie A|Attack,pre_club_ppg,0.05306007954718689,True,7,False
0.2,Serie A|Attack,pre_opponent_ppg,-0.6450852166799187,True,7,False
0.2,Serie A|Attack,pre_trend_minutes_share,0.12729878236302294,True,7,False
0.2,Serie A|Attack,pre_trend_npxg_xa,-1.109704194482939,True,7,False
0.2,Serie A|Defender,intercept,-0.7041913543141811,True,7,False
0.2,Serie A|Defender,age_at_world_cup,0.41330110579678375,True,7,False
0.2,Serie A|Defender,market_value_log,0.902191076927354,True,7,False
0.2,Serie A|Defender,pre_minutes_share,0.06826050860633685,True,7,False
0.2,Serie A|Defender,pre_squad_rate,0.28763977171672006,True,7,False
0.2,Serie A|Defender,pre_start_rate,-0.1443667007151655,True,7,False
0.2,Serie A|Defender,pre_npxg_xa,-0.2404439260577538,True,7,False
0.2,Serie A|Defender,pre_injury_days,-0.6940501739083488,True,7,False
0.2,Serie A|Defender,pre_club_ppg,-0.20077704945534625,True,7,False
0.2,Serie A|Defender,pre_opponent_ppg,-0.22620358829007978,True,7,False
0.2,Serie A|Defender,pre_trend_minutes_share,0.27430322780543387,True,7,False
0.2,Serie A|Defender,pre_trend_npxg_xa,-0.19667483214292328,True,7,False
0.2,Serie A|Defender,missing_pre_npxg_xa,-0.4701979783889019,True,7,False
0.2,Serie A|Defender,missing_pre_trend_npxg_xa,-0.4701979783889019,True,7,False
0.2,Serie A|Midfield,intercept,-0.9612698058354876,True,7,False
0.2,Serie A|Midfield,age_at_world_cup,0.3685174828119419,True,7,False
0.2,Serie A|Midfield,market_value_log,1.0380101287773278,True,7,False
0.2,Serie A|Midfield,pre_minutes_share,0.417626703499305,True,7,False
0.2,Serie A|Midfield,pre_squad_rate,-1.011273874863196,True,7,False
0.2,Serie A|Midfield,pre_start_rate,-0.19456121499985485,True,7,False
0.2,Serie A|Midfield,pre_npxg_xa,0.6530436657512354,True,7,False
0.2,Serie A|Midfield,pre_injury_days,0.07292102000592429,True,7,False
0.2,Serie A|Midfield,pre_club_ppg,-0.20078020484056286,True,7,False
0.2,Serie A|Midfield,pre_opponent_ppg,0.31399096653415765,True,7,False
0.2,Serie A|Midfield,pre_trend_minutes_share,0.11258677245914518,True,7,False
0.2,Serie A|Midfield,pre_trend_npxg_xa,-0.21427775388586717,True,7,False
0.2,Serie A|Midfield,missing_pre_npxg_xa,0.3504560231492402,True,7,False
0.2,Serie A|Midfield,missing_pre_trend_npxg_xa,0.3504560231492402,True,7,False
0.3,Bundesliga|Attack,intercept,-2.0089143295374488,True,8,False
0.3,Bundesliga|Attack,age_at_world_cup,-0.36835096762720615,True,8,False
0.3,Bundesliga|Attack,market_value_log,0.3135816293108961,True,8,False
0.3,Bundesliga|Attack,pre_minutes_share,1.4685113414980129,True,8,False
0.3,Bundesliga|Attack,pre_squad_rate,-0.2733755114660135,True,8,False
0.3,Bundesliga|Attack,pre_start_rate,0.7112701852700221,True,8,False
0.3,Bundesliga|Attack,pre_npxg_xa,-0.38245896493406484,True,8,False
0.3,Bundesliga|Attack,pre_injury_days,0.8023226501250651,True,8,False
0.3,Bundesliga|Attack,pre_club_ppg,1.7049100721788537,True,8,False
0.3,Bundesliga|Attack,pre_opponent_ppg,-1.1875593381353236,True,8,False
0.3,Bundesliga|Attack,pre_trend_minutes_share,0.32109770386273456,True,8,False
0.3,Bundesliga|Attack,pre_trend_npxg_xa,-0.6225050090128449,True,8,False
0.3,Bundesliga|Attack,missing_pre_npxg_xa,-0.47197787001763575,True,8,False
0.3,Bundesliga|Attack,missing_pre_trend_npxg_xa,-0.47197787001763575,True,8,False
0.3,Bundesliga|Defender,intercept,-1.9045607189348863,True,7,False
0.3,Bundesliga|Defender,age_at_world_cup,0.3825091075650137,True,7,False
0.3,Bundesliga|Defender,market_value_log,2.1374640966677325,True,7,False
0.3,Bundesliga|Defender,pre_minutes_share,0.2617028400343955,True,7,False
0.3,Bundesliga|Defender,pre_squad_rate,-1.1163452284788349,True,7,False
0.3,Bundesliga|Defender,pre_start_rate,0.3095135248180306,True,7,False
0.3,Bundesliga|Defender,pre_npxg_xa,0.3690095046342009,True,7,False
0.3,Bundesliga|Defender,pre_injury_days,-0.6084808266781577,True,7,False
0.3,Bundesliga|Defender,pre_club_ppg,0.11514775946636174,True,7,False
0.3,Bundesliga|Defender,pre_opponent_ppg,-0.014726465565280442,True,7,False
0.3,Bundesliga|Defender,pre_trend_minutes_share,0.652815059761704,True,7,False
0.3,Bundesliga|Defender,pre_trend_npxg_xa,-0.5236998260903968,True,7,False
0.3,Bundesliga|Defender,missing_pre_npxg_xa,-0.7090282907668102,True,7,False
0.3,Bundesliga|Defender,missing_pre_trend_npxg_xa,-0.7090282907668102,True,7,False
0.3,Bundesliga|Midfield,intercept,-1.0631530504352213,True,7,False
0.3,Bundesliga|Midfield,age_at_world_cup,0.7245187200098246,True,7,False
0.3,Bundesliga|Midfield,market_value_log,1.5261531747847716,True,7,False
0.3,Bundesliga|Midfield,pre_minutes_share,-0.3684367855799395,True,7,False
0.3,Bundesliga|Midfield,pre_squad_rate,-0.508868426993754,True,7,False
0.3,Bundesliga|Midfield,pre_start_rate,0.3351701197034002,True,7,False
0.3,Bundesliga|Midfield,pre_npxg_xa,0.25269085259572394,True,7,False
0.3,Bundesliga|Midfield,pre_injury_days,-0.11846847987769168,True,7,False
0.3,Bundesliga|Midfield,pre_club_ppg,0.4857385200892359,True,7,False
0.3,Bundesliga|Midfield,pre_opponent_ppg,0.5643437554837504,True,7,False
0.3,Bundesliga|Midfield,pre_trend_minutes_share,-0.022154298357566417,True,7,False
0.3,Bundesliga|Midfield,pre_trend_npxg_xa,0.20212527268517316,True,7,False
0.3,Bundesliga|Midfield,missing_pre_npxg_xa,-0.5982395868977602,True,7,False
0.3,Bundesliga|Midfield,missing_pre_trend_npxg_xa,-0.5982395868977602,True,7,False
0.3,LaLiga|Attack,intercept,-1.6459869221693755,True,7,False
0.3,LaLiga|Attack,age_at_world_cup,0.16683499996260115,True,7,False
0.3,LaLiga|Attack,market_value_log,2.0362973148433183,True,7,False
0.3,LaLiga|Attack,pre_minutes_share,-0.4009261551791086,True,7,False
0.3,LaLiga|Attack,pre_squad_rate,-0.7150031152802512,True,7,False
0.3,LaLiga|Attack,pre_start_rate,-0.030770744151723473,True,7,False
0.3,LaLiga|Attack,pre_npxg_xa,0.8917243922979017,True,7,False
0.3,LaLiga|Attack,pre_injury_days,0.010290508295764037,True,7,False
0.3,LaLiga|Attack,pre_club_ppg,0.2507030341858142,True,7,False
0.3,LaLiga|Attack,pre_opponent_ppg,0.5000040106392439,True,7,False
0.3,LaLiga|Attack,pre_trend_minutes_share,-0.46007330084790626,True,7,False
0.3,LaLiga|Attack,pre_trend_npxg_xa,0.05938366399451576,True,7,False
0.3,LaLiga|Attack,missing_pre_npxg_xa,-0.2957374047589315,True,7,False
0.3,LaLiga|Attack,missing_pre_trend_npxg_xa,-0.2957374047589315,True,7,False
0.3,LaLiga|Defender,intercept,-2.1249361322990894,True,7,False
0.3,LaLiga|Defender,age_at_world_cup,0.23133519260542654,True,7,False
0.3,LaLiga|Defender,market_value_log,1.0274423289113244,True,7,False
0.3,LaLiga|Defender,pre_minutes_share,1.0054781621960824,True,7,False
0.3,LaLiga|Defender,pre_squad_rate,-0.6257152214180641,True,7,False
0.3,LaLiga|Defender,pre_start_rate,-0.3823741151137431,True,7,False
0.3,LaLiga|Defender,pre_npxg_xa,-0.25275496964073996,True,7,False
0.3,LaLiga|Defender,pre_injury_days,-0.48657023667241345,True,7,False
0.3,LaLiga|Defender,pre_club_ppg,0.5369797043801081,True,7,False
0.3,LaLiga|Defender,pre_opponent_ppg,0.36146973378195096,True,7,False
0.3,LaLiga|Defender,pre_trend_minutes_share,0.04709021958601464,True,7,False
0.3,LaLiga|Defender,pre_trend_npxg_xa,0.21793682897325695,True,7,False
0.3,LaLiga|Defender,missing_pre_npxg_xa,-0.3466791999794854,True,7,False
0.3,LaLiga|Defender,missing_pre_trend_npxg_xa,-0.3466791999794854,True,7,False
0.3,LaLiga|Midfield,intercept,-1.8761003695692178,True,7,False
0.3,LaLiga|Midfield,age_at_world_cup,0.7215657756813438,True,7,False
0.3,LaLiga|Midfield,market_value_log,1.5606620599475913,True,7,False
0.3,LaLiga|Midfield,pre_minutes_share,-0.5098153223759276,True,7,False
0.3,LaLiga|Midfield,pre_squad_rate,0.5957298945842142,True,7,False
0.3,LaLiga|Midfield,pre_start_rate,0.4630135700169867,True,7,False
0.3,LaLiga|Midfield,pre_npxg_xa,-0.7025615526230651,True,7,False
0.3,LaLiga|Midfield,pre_injury_days,-0.10257710517957862,True,7,False
0.3,LaLiga|Midfield,pre_club_ppg,0.6036527375679672,True,7,False
0.3,LaLiga|Midfield,pre_opponent_ppg,-0.09722571163564214,True,7,False
0.3,LaLiga|Midfield,pre_trend_minutes_share,0.041423753433899736,True,7,False
0.3,LaLiga|Midfield,pre_trend_npxg_xa,0.22133791218486354,True,7,False
0.3,LaLiga|Midfield,missing_pre_npxg_xa,-0.0688599373386408,True,7,False
0.3,LaLiga|Midfield,missing_pre_trend_npxg_xa,-0.0688599373386408,True,7,False
0.3,Ligue 1|Attack,intercept,-2.2945258284436614,True,8,False
0.3,Ligue 1|Attack,age_at_world_cup,0.33363003146341863,True,8,False
0.3,Ligue 1|Attack,market_value_log,0.5259841005706072,True,8,False
0.3,Ligue 1|Attack,pre_minutes_share,-0.8471040915946274,True,8,False
0.3,Ligue 1|Attack,pre_squad_rate,0.15596200130392612,True,8,False
0.3,Ligue 1|Attack,pre_start_rate,-0.20593230987515337,True,8,False
0.3,Ligue 1|Attack,pre_npxg_xa,1.044548252175076,True,8,False
0.3,Ligue 1|Attack,pre_injury_days,-1.0968743632190872,True,8,False
0.3,Ligue 1|Attack,pre_club_ppg,0.9796467921212506,True,8,False
0.3,Ligue 1|Attack,pre_opponent_ppg,0.24767702889441243,True,8,False
0.3,Ligue 1|Attack,pre_trend_minutes_share,0.7308737523705306,True,8,False
0.3,Ligue 1|Attack,pre_trend_npxg_xa,-1.191686502511321,True,8,False
0.3,Ligue 1|Defender,intercept,-1.8802261967209115,True,7,False
0.3,Ligue 1|Defender,age_at_world_cup,0.11889763485429942,True,7,False
0.3,Ligue 1|Defender,market_value_log,0.852955832381844,True,7,False
0.3,Ligue 1|Defender,pre_minutes_share,-0.27301706967325456,True,7,False
0.3,Ligue 1|Defender,pre_squad_rate,-0.19824051777274448,True,7,False
0.3,Ligue 1|Defender,pre_start_rate,0.15516749267191915,True,7,False
0.3,Ligue 1|Defender,pre_npxg_xa,0.3439061528162425,True,7,False
0.3,Ligue 1|Defender,pre_injury_days,-0.7831448907760167,True,7,False
0.3,Ligue 1|Defender,pre_club_ppg,0.004568498826805606,True,7,False
0.3,Ligue 1|Defender,pre_opponent_ppg,-0.8196586358138186,True,7,False
0.3,Ligue 1|Defender,pre_trend_minutes_share,0.005999369935627815,True,7,False
0.3,Ligue 1|Defender,pre_trend_npxg_xa,0.005932679480643407,True,7,False
0.3,Ligue 1|Defender,missing_pre_npxg_xa,-0.38383852922348827,True,7,False
0.3,Ligue 1|Defender,missing_pre_trend_npxg_xa,-0.38383852922348827,True,7,False
0.3,Ligue 1|Midfield,intercept,-2.3473217756354745,True,7,False
0.3,Ligue 1|Midfield,age_at_world_cup,0.12310706820108835,True,7,False
0.3,Ligue 1|Midfield,market_value_log,1.3692698288336083,True,7,False
0.3,Ligue 1|Midfield,pre_minutes_share,1.153934185625162,True,7,False
0.3,Ligue 1|Midfield,pre_squad_rate,-0.3568334075264141,True,7,False
0.3,Ligue 1|Midfield,pre_start_rate,-1.3807983767160743,True,7,False
0.3,Ligue 1|Midfield,pre_npxg_xa,0.1844517913590703,True,7,False
0.3,Ligue 1|Midfield,pre_injury_days,-0.5695655342258714,True,7,False
0.3,Ligue 1|Midfield,pre_club_ppg,0.4063282707224037,True,7,False
0.3,Ligue 1|Midfield,pre_opponent_ppg,0.1976247250748449,True,7,False
0.3,Ligue 1|Midfield,pre_trend_minutes_share,0.7704164784397575,True,7,False
0.3,Ligue 1|Midfield,pre_trend_npxg_xa,-0.47158266226324624,True,7,False
0.3,Ligue 1|Midfield,missing_pre_npxg_xa,-0.09371442785418017,True,7,False
0.3,Ligue 1|Midfield,missing_pre_trend_npxg_xa,-0.09371442785418017,True,7,False
0.3,Premier League|Attack,intercept,-0.5055207248472297,True,6,False
0.3,Premier League|Attack,age_at_world_cup,0.19295480617198862,True,6,False
0.3,Premier League|Attack,market_value_log,0.9244891434627919,True,6,False
0.3,Premier League|Attack,pre_minutes_share,-0.12358486465117667,True,6,False
0.3,Premier League|Attack,pre_squad_rate,-0.0004799183179787157,True,6,False
0.3,Premier League|Attack,pre_start_rate,0.12877233454856127,True,6,False
0.3,Premier League|Attack,pre_npxg_xa,-0.2886235358149813,True,6,False
0.3,Premier League|Attack,pre_injury_days,-0.21912669191009027,True,6,False
0.3,Premier League|Attack,pre_club_ppg,1.2936275265600383,True,6,False
0.3,Premier League|Attack,pre_opponent_ppg,-0.18343281043811532,True,6,False
0.3,Premier League|Attack,pre_trend_minutes_share,0.4962591989583726,True,6,False
0.3,Premier League|Attack,pre_trend_npxg_xa,0.3833807554398018,True,6,False
0.3,Premier League|Defender,intercept,-0.33148365100660476,True,7,False
0.3,Premier League|Defender,age_at_world_cup,0.2553692807827116,True,7,False
0.3,Premier League|Defender,market_value_log,0.8768513369308307,True,7,False
0.3,Premier League|Defender,pre_minutes_share,0.6075052556239272,True,7,False
0.3,Premier League|Defender,pre_squad_rate,0.45042971069577464,True,7,False
0.3,Premier League|Defender,pre_start_rate,-0.632893379908892,True,7,False
0.3,Premier League|Defender,pre_npxg_xa,0.3855409445529952,True,7,False
0.3,Premier League|Defender,pre_injury_days,0.31864364897254127,True,7,False
0.3,Premier League|Defender,pre_club_ppg,0.6057167288290618,True,7,False
0.3,Premier League|Defender,pre_opponent_ppg,-0.01975368574917203,True,7,False
0.3,Premier League|Defender,pre_trend_minutes_share,-0.05798300778662867,True,7,False
0.3,Premier League|Defender,pre_trend_npxg_xa,0.07530224431805739,True,7,False
0.3,Premier League|Defender,missing_pre_npxg_xa,-1.3382576610113983,True,7,False
0.3,Premier League|Defender,missing_pre_trend_npxg_xa,-1.3382576610113983,True,7,False
0.3,Premier League|Midfield,intercept,-0.1202613227712522,True,7,False
0.3,Premier League|Midfield,age_at_world_cup,1.005773287054234,True,7,False
0.3,Premier League|Midfield,market_value_log,1.328678599860874,True,7,False
0.3,Premier League|Midfield,pre_minutes_share,0.8430142383293768,True,7,False
0.3,Premier League|Midfield,pre_squad_rate,-0.6661207889179761,True,7,False
0.3,Premier League|Midfield,pre_start_rate,-0.6165691067768242,True,7,False
0.3,Premier League|Midfield,pre_npxg_xa,-0.5649066317319312,True,7,False
0.3,Premier League|Midfield,pre_injury_days,-1.0519561239317385,True,7,False
0.3,Premier League|Midfield,pre_club_ppg,0.8196147480913802,True,7,False
0.3,Premier League|Midfield,pre_opponent_ppg,0.4553372591346589,True,7,False
0.3,Premier League|Midfield,pre_trend_minutes_share,0.025162369954681716,True,7,False
0.3,Premier League|Midfield,pre_trend_npxg_xa,-0.06668259930007946,True,7,False
0.3,Premier League|Midfield,missing_pre_npxg_xa,-0.7705515812052671,True,7,False
0.3,Premier League|Midfield,missing_pre_trend_npxg_xa,-0.7705515812052671,True,7,False
0.3,Serie A|Attack,intercept,-1.5819565856784976,True,7,False
0.3,Serie A|Attack,age_at_world_cup,0.419893720928428,True,7,False
0.3,Serie A|Attack,market_value_log,1.0028815571359804,True,7,False
0.3,Serie A|Attack,pre_minutes_share,-0.0875582793823671,True,7,False
0.3,Serie A|Attack,pre_squad_rate,-0.556679045352386,True,7,False
0.3,Serie A|Attack,pre_start_rate,-0.30414716701536487,True,7,False
0.3,Serie A|Attack,pre_npxg_xa,0.4313248102025083,True,7,False
0.3,Serie A|Attack,pre_injury_days,-2.0276485198390013,True,7,False
0.3,Serie A|Attack,pre_club_ppg,0.08349973170107036,True,7,False
0.3,Serie A|Attack,pre_opponent_ppg,-0.592009314333106,True,7,False
0.3,Serie A|Attack,pre_trend_minutes_share,0.0825488492031224,True,7,False
0.3,Serie A|Attack,pre_trend_npxg_xa,-1.0125718770251426,True,7,False
0.3,Serie A|Defender,intercept,-0.7007977381864389,True,6,False
0.3,Serie A|Defender,age_at_world_cup,0.391275249279974,True,6,False
0.3,Serie A|Defender,market_value_log,0.8649734637099813,True,6,False
0.3,Serie A|Defender,pre_minutes_share,0.06239014649529983,True,6,False
0.3,Serie A|Defender,pre_squad_rate,0.2829675021731662,True,6,False
0.3,Serie A|Defender,pre_start_rate,-0.1278861498397426,True,6,False
0.3,Serie A|Defender,pre_npxg_xa,-0.22928491324542144,True,6,False
0.3,Serie A|Defender,pre_injury_days,-0.6700971459560778,True,6,False
0.3,Serie A|Defender,pre_club_ppg,-0.1767251555778863,True,6,False
0.3,Serie A|Defender,pre_opponent_ppg,-0.21932363026882762,True,6,False
0.3,Serie A|Defender,pre_trend_minutes_share,0.2644097739117618,True,6,False
0.3,Serie A|Defender,pre_trend_npxg_xa,-0.19279292483153265,True,6,False
0.3,Serie A|Defender,missing_pre_npxg_xa,-0.43814651595093557,True,6,False
0.3,Serie A|Defender,missing_pre_trend_npxg_xa,-0.43814651595093557,True,6,False
0.3,Serie A|Midfield,intercept,-0.9520962166998115,True,7,False
0.3,Serie A|Midfield,age_at_world_cup,0.35835880371659096,True,7,False
0.3,Serie A|Midfield,market_value_log,0.9998823599030973,True,7,False
0.3,Serie A|Midfield,pre_minutes_share,0.37134937319644307,True,7,False
0.3,Serie A|Midfield,pre_squad_rate,-0.9930723415178008,True,7,False
0.3,Serie A|Midfield,pre_start_rate,-0.13741951911051428,True,7,False
0.3,Serie A|Midfield,pre_npxg_xa,0.6309487790372045,True,7,False
0.3,Serie A|Midfield,pre_injury_days,0.08120003286454672,True,7,False
0.3,Serie A|Midfield,pre_club_ppg,-0.16833300749460622,True,7,False
0.3,Serie A|Midfield,pre_opponent_ppg,0.3119500712280632,True,7,False
0.3,Serie A|Midfield,pre_trend_minutes_share,0.10990420780638943,True,7,False
0.3,Serie A|Midfield,pre_trend_npxg_xa,-0.214674785232207,True,7,False
0.3,Serie A|Midfield,missing_pre_npxg_xa,0.2825506982860765,True,7,False
0.3,Serie A|Midfield,missing_pre_trend_npxg_xa,0.2825506982860765,True,7,False
0.4,Bundesliga|Attack,intercept,-1.914080074691906,True,8,False
0.4,Bundesliga|Attack,age_at_world_cup,-0.3379563926840318,True,8,False
0.4,Bundesliga|Attack,market_value_log,0.34067446442288435,True,8,False
0.4,Bundesliga|Attack,pre_minutes_share,1.2720371971958264,True,8,False
0.4,Bundesliga|Attack,pre_squad_rate,-0.24251327009670934,True,8,False
0.4,Bundesliga|Attack,pre_start_rate,0.6729171493448123,True,8,False
0.4,Bundesliga|Attack,pre_npxg_xa,-0.27989389494048034,True,8,False
0.4,Bundesliga|Attack,pre_injury_days,0.7502891700721926,True,8,False
0.4,Bundesliga|Attack,pre_club_ppg,1.5736815667204418,True,8,False
0.4,Bundesliga|Attack,pre_opponent_ppg,-1.1090570412409806,True,8,False
0.4,Bundesliga|Attack,pre_trend_minutes_share,0.304859427312797,True,8,False
0.4,Bundesliga|Attack,pre_trend_npxg_xa,-0.5855333541543324,True,8,False
0.4,Bundesliga|Attack,missing_pre_npxg_xa,-0.40131953788425934,True,8,False
0.4,Bundesliga|Attack,missing_pre_trend_npxg_xa,-0.40131953788425934,True,8,False
0.4,Bundesliga|Defender,intercept,-1.8654212544492934,True,7,False
0.4,Bundesliga|Defender,age_at_world_cup,0.34855086432834714,True,7,False
0.4,Bundesliga|Defender,market_value_log,2.0541727471322844,True,7,False
0.4,Bundesliga|Defender,pre_minutes_share,0.24162552381451297,True,7,False
0.4,Bundesliga|Defender,pre_squad_rate,-1.0460606064307452,True,7,False
0.4,Bundesliga|Defender,pre_start_rate,0.29868009443938,True,7,False
0.4,Bundesliga|Defender,pre_npxg_xa,0.36675130526025124,True,7,False
0.4,Bundesliga|Defender,pre_injury_days,-0.5614092669702881,True,7,False
0.4,Bundesliga|Defender,pre_club_ppg,0.14289246704800146,True,7,False
0.4,Bundesliga|Defender,pre_opponent_ppg,-0.000582498226019239,True,7,False
0.4,Bundesliga|Defender,pre_trend_minutes_share,0.6283168054944264,True,7,False
0.4,Bundesliga|Defender,pre_trend_npxg_xa,-0.5142985814778206,True,7,False
0.4,Bundesliga|Defender,missing_pre_npxg_xa,-0.6249798604738309,True,7,False
0.4,Bundesliga|Defender,missing_pre_trend_npxg_xa,-0.6249798604738309,True,7,False
0.4,Bundesliga|Midfield,intercept,-1.0512590962454862,True,6,False
0.4,Bundesliga|Midfield,age_at_world_cup,0.6939761024105362,True,6,False
0.4,Bundesliga|Midfield,market_value_log,1.4760933062797943,True,6,False
0.4,Bundesliga|Midfield,pre_minutes_share,-0.2966681185213691,True,6,False
0.4,Bundesliga|Midfield,pre_squad_rate,-0.5008106382207754,True,6,False
0.4,Bundesliga|Midfield,pre_start_rate,0.2722361226119052,True,6,False
0.4,Bundesliga|Midfield,pre_npxg_xa,0.25880723215675167,True,6,False
0.4,Bundesliga|Midfield,pre_injury_days,-0.11012313713630924,True,6,False
0.4,Bundesliga|Midfield,pre_club_ppg,0.4850244222858823,True,6,False
0.4,Bundesliga|Midfield,pre_opponent_ppg,0.550585838606965,True,6,False
0.4,Bundesliga|Midfield,pre_trend_minutes_share,-0.022005153383979747,True,6,False
0.4,Bundesliga|Midfield,pre_trend_npxg_xa,0.1909940224025366,True,6,False
0.4,Bundesliga|Midfield,missing_pre_npxg_xa,-0.5172471227069776,True,6,False
0.4,Bundesliga|Midfield,missing_pre_trend_npxg_xa,-0.5172471227069776,True,6,False
0.4,LaLiga|Attack,intercept,-1.6204766890347235,True,7,False
0.4,LaLiga|Attack,age_at_world_cup,0.14554425918018715,True,7,False
0.4,LaLiga|Attack,market_value_log,1.9595344441674918,True,7,False
0.4,LaLiga|Attack,pre_minutes_share,-0.37949187251610395,True,7,False
0.4,LaLiga|Attack,pre_squad_rate,-0.6966496209684904,True,7,False
0.4,LaLiga|Attack,pre_start_rate,-0.03770351526866585,True,7,False
0.4,LaLiga|Attack,pre_npxg_xa,0.8765517062050865,True,7,False
0.4,LaLiga|Attack,pre_injury_days,0.014981767364550876,True,7,False
0.4,LaLiga|Attack,pre_club_ppg,0.2692577918556956,True,7,False
0.4,LaLiga|Attack,pre_opponent_ppg,0.4938246802912412,True,7,False
0.4,LaLiga|Attack,pre_trend_minutes_share,-0.44267455982561293,True,7,False
0.4,LaLiga|Attack,pre_trend_npxg_xa,0.04945844129074751,True,7,False
0.4,LaLiga|Attack,missing_pre_npxg_xa,-0.2841651391488079,True,7,False
0.4,LaLiga|Attack,missing_pre_trend_npxg_xa,-0.2841651391488079,True,7,False
0.4,LaLiga|Defender,intercept,-2.113394073941089,True,7,False
0.4,LaLiga|Defender,age_at_world_cup,0.23180729479247347,True,7,False
0.4,LaLiga|Defender,market_value_log,1.0149402691909857,True,7,False
0.4,LaLiga|Defender,pre_minutes_share,0.884684825447756,True,7,False
0.4,LaLiga|Defender,pre_squad_rate,-0.5989295393031027,True,7,False
0.4,LaLiga|Defender,pre_start_rate,-0.2744414891233982,True,7,False
0.4,LaLiga|Defender,pre_npxg_xa,-0.24683012248434733,True,7,False
0.4,LaLiga|Defender,pre_injury_days,-0.4697592417240436,True,7,False
0.4,LaLiga|Defender,pre_club_ppg,0.5331820850940837,True,7,False
0.4,LaLiga|Defender,pre_opponent_ppg,0.3563794723331693,True,7,False
0.4,LaLiga|Defender,pre_trend_minutes_share,0.05557511762417783,True,7,False
0.4,LaLiga|Defender,pre_trend_npxg_xa,0.2108867768352136,True,7,False
0.4,LaLiga|Defender,missing_pre_npxg_xa,-0.3276254600168441,True,7,False
0.4,LaLiga|Defender,missing_pre_trend_npxg_xa,-0.3276254600168441,True,7,False
0.4,LaLiga|Midfield,intercept,-1.8534156253222545,True,7,False
0.4,LaLiga|Midfield,age_at_world_cup,0.6864649201244968,True,7,False
0.4,LaLiga|Midfield,market_value_log,1.499074801753812,True,7,False
0.4,LaLiga|Midfield,pre_minutes_share,-0.42829364362054967,True,7,False
0.4,LaLiga|Midfield,pre_squad_rate,0.5579901429341226,True,7,False
0.4,LaLiga|Midfield,pre_start_rate,0.39294246503217933,True,7,False
0.4,LaLiga|Midfield,pre_npxg_xa,-0.6740112441932274,True,7,False
0.4,LaLiga|Midfield,pre_injury_days,-0.11349178217719015,True,7,False
0.4,LaLiga|Midfield,pre_club_ppg,0.6133004293213646,True,7,False
0.4,LaLiga|Midfield,pre_opponent_ppg,-0.09308329136767249,True,7,False
0.4,LaLiga|Midfield,pre_trend_minutes_share,0.04819580988465465,True,7,False
0.4,LaLiga|Midfield,pre_trend_npxg_xa,0.21075619547671612,True,7,False
0.4,LaLiga|Midfield,missing_pre_npxg_xa,-0.05820416062246198,True,7,False
0.4,LaLiga|Midfield,missing_pre_trend_npxg_xa,-0.05820416062246198,True,7,False
0.4,Ligue 1|Attack,intercept,-2.221275838783316,True,8,False
0.4,Ligue 1|Attack,age_at_world_cup,0.31960351729578185,True,8,False
0.4,Ligue 1|Attack,market_value_log,0.5307741534110414,True,8,False
0.4,Ligue 1|Attack,pre_minutes_share,-0.7439243121555487,True,8,False
0.4,Ligue 1|Attack,pre_squad_rate,0.1532237441690692,True,8,False
0.4,Ligue 1|Attack,pre_start_rate,-0.23600266231653064,True,8,False
0.4,Ligue 1|Attack,pre_npxg_xa,0.9750347207538799,True,8,False
0.4,Ligue 1|Attack,pre_injury_days,-1.012531385401812,True,8,False
0.4,Ligue 1|Attack,pre_club_ppg,0.9297450147887125,True,8,False
0.4,Ligue 1|Attack,pre_opponent_ppg,0.23458065033345085,True,8,False
0.4,Ligue 1|Attack,pre_trend_minutes_share,0.680129299986647,True,8,False
0.4,Ligue 1|Attack,pre_trend_npxg_xa,-1.1179978876960273,True,8,False
0.4,Ligue 1|Defender,intercept,-1.867135256441249,True,7,False
0.4,Ligue 1|Defender,age_at_world_cup,0.1061531641125353,True,7,False
0.4,Ligue 1|Defender,market_value_log,0.8292944913880903,True,7,False
0.4,Ligue 1|Defender,pre_minutes_share,-0.23307709499795026,True,7,False
0.4,Ligue 1|Defender,pre_squad_rate,-0.19137975290235879,True,7,False
0.4,Ligue 1|Defender,pre_start_rate,0.1288005735000307,True,7,False
0.4,Ligue 1|Defender,pre_npxg_xa,0.33699814958769947,True,7,False
0.4,Ligue 1|Defender,pre_injury_days,-0.7434201736393669,True,7,False
0.4,Ligue 1|Defender,pre_club_ppg,0.017185695178193943,True,7,False
0.4,Ligue 1|Defender,pre_opponent_ppg,-0.8039411804008165,True,7,False
0.4,Ligue 1|Defender,pre_trend_minutes_share,0.0029339452226551867,True,7,False
0.4,Ligue 1|Defender,pre_trend_npxg_xa,0.007622019476875466,True,7,False
0.4,Ligue 1|Defender,missing_pre_npxg_xa,-0.32653103995096644,True,7,False
0.4,Ligue 1|Defender,missing_pre_trend_npxg_xa,-0.32653103995096644,True,7,False
0.4,Ligue 1|Midfield,intercept,-2.2976543763427446,True,7,False
0.4,Ligue 1|Midfield,age_at_world_cup,0.11612158055249792,True,7,False
0.4,Ligue 1|Midfield,market_value_log,1.3171522023865676,True,7,False
0.4,Ligue 1|Midfield,pre_minutes_share,0.9600474278272871,True,7,False
0.4,Ligue 1|Midfield,pre_squad_rate,-0.3104521638010826,True,7,False
0.4,Ligue 1|Midfield,pre_start_rate,-1.1844873790696895,True,7,False
0.4,Ligue 1|Midfield,pre_npxg_xa,0.19217867077448705,True,7,False
0.4,Ligue 1|Midfield,pre_injury_days,-0.5284556803451543,True,7,False
0.4,Ligue 1|Midfield,pre_club_ppg,0.4031171779062187,True,7,False
0.4,Ligue 1|Midfield,pre_opponent_ppg,0.18811969190981673,True,7,False
0.4,Ligue 1|Midfield,pre_trend_minutes_share,0.7255809712091056,True,7,False
0.4,Ligue 1|Midfield,pre_trend_npxg_xa,-0.4400006965606707,True,7,False
0.4,Ligue 1|Midfield,missing_pre_npxg_xa,-0.08582562349229625,True,7,False
0.4,Ligue 1|Midfield,missing_pre_trend_npxg_xa,-0.08582562349229625,True,7,False
0.4,Premier League|Attack,intercept,-0.5021578334260446,True,6,False
0.4,Premier League|Attack,age_at_world_cup,0.18263461826982308,True,6,False
0.4,Premier League|Attack,market_value_log,0.9004868706992398,True,6,False
0.4,Premier League|Attack,pre_minutes_share,-0.10696450221344285,True,6,False
0.4,Premier League|Attack,pre_squad_rate,-0.0035532448658973257,True,6,False
0.4,Premier League|Attack,pre_start_rate,0.11145282003451451,True,6,False
0.4,Premier League|Attack,pre_npxg_xa,-0.26955932822635265,True,6,False
0.4,Premier League|Attack,pre_injury_days,-0.21238114074835007,True,6,False
0.4,Premier League|Attack,pre_club_ppg,1.2592422649088366,True,6,False
0.4,Premier League|Attack,pre_opponent_ppg,-0.17384344997732706,True,6,False
0.4,Premier League|Attack,pre_trend_minutes_share,0.4843246908110962,True,6,False
0.4,Premier League|Attack,pre_trend_npxg_xa,0.36583666104264234,True,6,False
0.4,Premier League|Defender,intercept,-0.33240999136553806,True,6,False
0.4,Premier League|Defender,age_at_world_cup,0.2523209212713713,True,6,False
0.4,Premier League|Defender,market_value_log,0.8602708856324318,True,6,False
0.4,Premier League|Defender,pre_minutes_share,0.5093293452862945,True,6,False
0.4,Premier League|Defender,pre_squad_rate,0.4424714302318773,True,6,False
0.4,Premier League|Defender,pre_start_rate,-0.5323744989842671,True,6,False
0.4,Premier League|Defender,pre_npxg_xa,0.3807819187562693,True,6,False
0.4,Premier League|Defender,pre_injury_days,0.3141321933865524,True,6,False
0.4,Premier League|Defender,pre_club_ppg,0.5957684524832065,True,6,False
0.4,Premier League|Defender,pre_opponent_ppg,-0.016065154544705768,True,6,False
0.4,Premier League|Defender,pre_trend_minutes_share,-0.05645535788363669,True,6,False
0.4,Premier League|Defender,pre_trend_npxg_xa,0.07459167006888544,True,6,False
0.4,Premier League|Defender,missing_pre_npxg_xa,-1.2019797278610105,True,6,False
0.4,Premier League|Defender,missing_pre_trend_npxg_xa,-1.2019797278610105,True,6,False
0.4,Premier League|Midfield,intercept,-0.12094965747896877,True,7,False
0.4,Premier League|Midfield,age_at_world_cup,0.9737332013643424,True,7,False
0.4,Premier League|Midfield,market_value_log,1.291073731052207,True,7,False
0.4,Premier League|Midfield,pre_minutes_share,0.730935264930386,True,7,False
0.4,Premier League|Midfield,pre_squad_rate,-0.6352829757484268,True,7,False
0.4,Premier League|Midfield,pre_start_rate,-0.5142438171465152,True,7,False
0.4,Premier League|Midfield,pre_npxg_xa,-0.5446736789913312,True,7,False
0.4,Premier League|Midfield,pre_injury_days,-1.0172299150005826,True,7,False
0.4,Premier League|Midfield,pre_club_ppg,0.8031243536957413,True,7,False
0.4,Premier League|Midfield,pre_opponent_ppg,0.4444457926455179,True,7,False
0.4,Premier League|Midfield,pre_trend_minutes_share,0.0222746647399497,True,7,False
0.4,Premier League|Midfield,pre_trend_npxg_xa,-0.06721700641098717,True,7,False
0.4,Premier League|Midfield,missing_pre_npxg_xa,-0.6684665891397982,True,7,False
0.4,Premier League|Midfield,missing_pre_trend_npxg_xa,-0.6684665891397982,True,7,False
0.4,Serie A|Attack,intercept,-1.5089513698031094,True,7,False
0.4,Serie A|Attack,age_at_world_cup,0.39045290484606604,True,7,False
0.4,Serie A|Attack,market_value_log,0.913661674389818,True,7,False
0.4,Serie A|Attack,pre_minutes_share,-0.09844158284504723,True,7,False
0.4,Serie A|Attack,pre_squad_rate,-0.5083124627995623,True,7,False
0.4,Serie A|Attack,pre_start_rate,-0.23855468823552184,True,7,False
0.4,Serie A|Attack,pre_npxg_xa,0.433975694217621,True,7,False
0.4,Serie A|Attack,pre_injury_days,-1.8280455856046287,True,7,False
0.4,Serie A|Attack,pre_club_ppg,0.10579819489644168,True,7,False
0.4,Serie A|Attack,pre_opponent_ppg,-0.5501450660153742,True,7,False
0.4,Serie A|Attack,pre_trend_minutes_share,0.04854657532059868,True,7,False
0.4,Serie A|Attack,pre_trend_npxg_xa,-0.9411624111715382,True,7,False
0.4,Serie A|Defender,intercept,-0.6976915628778789,True,6,False
0.4,Serie A|Defender,age_at_world_cup,0.3717677618471105,True,6,False
0.4,Serie A|Defender,market_value_log,0.8317856039918834,True,6,False
0.4,Serie A|Defender,pre_minutes_share,0.058898520635640154,True,6,False
0.4,Serie A|Defender,pre_squad_rate,0.2785425830608065,True,6,False
0.4,Serie A|Defender,pre_start_rate,-0.11478462009290101,True,6,False
0.4,Serie A|Defender,pre_npxg_xa,-0.2193126799091499,True,6,False
0.4,Serie A|Defender,pre_injury_days,-0.6486128028574699,True,6,False
0.4,Serie A|Defender,pre_club_ppg,-0.15542162054886696,True,6,False
0.4,Serie A|Defender,pre_opponent_ppg,-0.21335510556370668,True,6,False
0.4,Serie A|Defender,pre_trend_minutes_share,0.2555820899658965,True,6,False
0.4,Serie A|Defender,pre_trend_npxg_xa,-0.18929038126743075,True,6,False
0.4,Serie A|Defender,missing_pre_npxg_xa,-0.41059539894187935,True,6,False
0.4,Serie A|Defender,missing_pre_trend_npxg_xa,-0.41059539894187935,True,6,False
0.4,Serie A|Midfield,intercept,-0.9440266013599836,True,7,False
0.4,Serie A|Midfield,age_at_world_cup,0.3483650523959894,True,7,False
0.4,Serie A|Midfield,market_value_log,0.966254893885139,True,7,False
0.4,Serie A|Midfield,pre_minutes_share,0.3385178016928579,True,7,False
0.4,Serie A|Midfield,pre_squad_rate,-0.9761211331797331,True,7,False
0.4,Serie A|Midfield,pre_start_rate,-0.09595847857465302,True,7,False
0.4,Serie A|Midfield,pre_npxg_xa,0.6126289935781523,True,7,False
0.4,Serie A|Midfield,pre_injury_days,0.08847455977657463,True,7,False
0.4,Serie A|Midfield,pre_club_ppg,-0.14148036398347594,True,7,False
0.4,Serie A|Midfield,pre_opponent_ppg,0.30979498957867,True,7,False
0.4,Serie A|Midfield,pre_trend_minutes_share,0.10644456918177483,True,7,False
0.4,Serie A|Midfield,pre_trend_npxg_xa,-0.21464412540587602,True,7,False
0.4,Serie A|Midfield,missing_pre_npxg_xa,0.23799196807578946,True,7,False
0.4,Serie A|Midfield,missing_pre_trend_npxg_xa,0.23799196807578946,True,7,False
0.45,Bundesliga|Attack,intercept,-1.8755545332638424,True,8,False
0.45,Bundesliga|Attack,age_at_world_cup,-0.3265160774533891,True,8,False
0.45,Bundesliga|Attack,market_value_log,0.3509732036626364,True,8,False
0.45,Bundesliga|Attack,pre_minutes_share,1.1972371968980693,True,8,False
0.45,Bundesliga|Attack,pre_squad_rate,-0.23071388679964433,True,8,False
0.45,Bundesliga|Attack,pre_start_rate,0.6549988319519755,True,8,False
0.45,Bundesliga|Attack,pre_npxg_xa,-0.2402840020726383,True,8,False
0.45,Bundesliga|Attack,pre_injury_days,0.7287262601286727,True,8,False
0.45,Bundesliga|Attack,pre_club_ppg,1.5208484837103067,True,8,False
0.45,Bundesliga|Attack,pre_opponent_ppg,-1.0774854582812579,True,8,False
0.45,Bundesliga|Attack,pre_trend_minutes_share,0.2971214920690161,True,8,False
0.45,Bundesliga|Attack,pre_trend_npxg_xa,-0.5692552476595325,True,8,False
0.45,Bundesliga|Attack,missing_pre_npxg_xa,-0.3747831960030046,True,8,False
0.45,Bundesliga|Attack,missing_pre_trend_npxg_xa,-0.3747831960030046,True,8,False
0.45,Bundesliga|Defender,intercept,-1.848254245285336,True,7,False
0.45,Bundesliga|Defender,age_at_world_cup,0.33360837505768426,True,7,False
0.45,Bundesliga|Defender,market_value_log,2.0169429760459834,True,7,False
0.45,Bundesliga|Defender,pre_minutes_share,0.23362234984141747,True,7,False
0.45,Bundesliga|Defender,pre_squad_rate,-1.0157518262509884,True,7,False
0.45,Bundesliga|Defender,pre_start_rate,0.29337584293193536,True,7,False
0.45,Bundesliga|Defender,pre_npxg_xa,0.3657633191215319,True,7,False
0.45,Bundesliga|Defender,pre_injury_days,-0.5415169018200313,True,7,False
0.45,Bundesliga|Defender,pre_club_ppg,0.1549759962103624,True,7,False
0.45,Bundesliga|Defender,pre_opponent_ppg,0.005283125682281602,True,7,False
0.45,Bundesliga|Defender,pre_trend_minutes_share,0.6172828428357974,True,7,False
0.45,Bundesliga|Defender,pre_trend_npxg_xa,-0.5099585941084255,True,7,False
0.45,Bundesliga|Defender,missing_pre_npxg_xa,-0.5910608685560123,True,7,False
0.45,Bundesliga|Defender,missing_pre_trend_npxg_xa,-0.5910608685560123,True,7,False
0.45,Bundesliga|Midfield,intercept,-1.045746950781983,True,6,False
0.45,Bundesliga|Midfield,age_at_world_cup,0.6801246843215235,True,6,False
0.45,Bundesliga|Midfield,market_value_log,1.4536989147685224,True,6,False
0.45,Bundesliga|Midfield,pre_minutes_share,-0.2686161149197746,True,6,False
0.45,Bundesliga|Midfield,pre_squad_rate,-0.4966725419981421,True,6,False
0.45,Bundesliga|Midfield,pre_start_rate,0.24800412232661848,True,6,False
0.45,Bundesliga|Midfield,pre_npxg_xa,0.261068699796593,True,6,False
0.45,Bundesliga|Midfield,pre_injury_days,-0.10619022623731618,True,6,False
0.45,Bundesliga|Midfield,pre_club_ppg,0.4843248950802052,True,6,False
0.45,Bundesliga|Midfield,pre_opponent_ppg,0.5440641099171941,True,6,False
0.45,Bundesliga|Midfield,pre_trend_minutes_share,-0.02203191461442529,True,6,False
0.45,Bundesliga|Midfield,pre_trend_npxg_xa,0.18625943553374338,True,6,False
0.45,Bundesliga|Midfield,missing_pre_npxg_xa,-0.485729145099521,True,6,False
0.45,Bundesliga|Midfield,missing_pre_trend_npxg_xa,-0.485729145099521,True,6,False
0.45,LaLiga|Attack,intercept,-1.6089994529530531,True,7,False
0.45,LaLiga|Attack,age_at_world_cup,0.13600496203799597,True,7,False
0.45,LaLiga|Attack,market_value_log,1.9248832720327036,True,7,False
0.45,LaLiga|Attack,pre_minutes_share,-0.3698722495841741,True,7,False
0.45,LaLiga|Attack,pre_squad_rate,-0.6881378637842476,True,7,False
0.45,LaLiga|Attack,pre_start_rate,-0.04052596694550442,True,7,False
0.45,LaLiga|Attack,pre_npxg_xa,0.8692220988980455,True,7,False
0.45,LaLiga|Attack,pre_injury_days,0.017031993430082566,True,7,False
0.45,LaLiga|Attack,pre_club_ppg,0.2771561212823287,True,7,False
0.45,LaLiga|Attack,pre_opponent_ppg,0.49056436852516183,True,7,False
0.45,LaLiga|Attack,pre_trend_minutes_share,-0.43494535392771494,True,7,False
0.45,LaLiga|Attack,pre_trend_npxg_xa,0.04500981220269886,True,7,False
0.45,LaLiga|Attack,missing_pre_npxg_xa,-0.2786487005522434,True,7,False
0.45,LaLiga|Attack,missing_pre_trend_npxg_xa,-0.2786487005522434,True,7,False
0.45,LaLiga|Defender,intercept,-2.108025349740538,True,7,False
0.45,LaLiga|Defender,age_at_world_cup,0.23136926692759086,True,7,False
0.45,LaLiga|Defender,market_value_log,1.0089252586092334,True,7,False
0.45,LaLiga|Defender,pre_minutes_share,0.8376831763585674,True,7,False
0.45,LaLiga|Defender,pre_squad_rate,-0.587296287497081,True,7,False
0.45,LaLiga|Defender,pre_start_rate,-0.2332408769219296,True,7,False
0.45,LaLiga|Defender,pre_npxg_xa,-0.24395180379521506,True,7,False
0.45,LaLiga|Defender,pre_injury_days,-0.4618613337807642,True,7,False
0.45,LaLiga|Defender,pre_club_ppg,0.531413716614535,True,7,False
0.45,LaLiga|Defender,pre_opponent_ppg,0.35389684461406706,True,7,False
0.45,LaLiga|Defender,pre_trend_minutes_share,0.05878626075934515,True,7,False
0.45,LaLiga|Defender,pre_trend_npxg_xa,0.20764196812226718,True,7,False
0.45,LaLiga|Defender,missing_pre_npxg_xa,-0.31921355016579056,True,7,False
0.45,LaLiga|Defender,missing_pre_trend_npxg_xa,-0.31921355016579056,True,7,False
0.45,LaLiga|Midfield,intercept,-1.8432881122660518,True,7,False
0.45,LaLiga|Midfield,age_at_world_cup,0.6703658691163319,True,7,False
0.45,LaLiga|Midfield,market_value_log,1.4712758899398948,True,7,False
0.45,LaLiga|Midfield,pre_minutes_share,-0.39581038448676603,True,7,False
0.45,LaLiga|Midfield,pre_squad_rate,0.5413264754372108,True,7,False
0.45,LaLiga|Midfield,pre_start_rate,0.3655886142844822,True,7,False
0.45,LaLiga|Midfield,pre_npxg_xa,-0.6611103114811616,True,7,False
0.45,LaLiga|Midfield,pre_injury_days,-0.11789721379538876,True,7,False
0.45,LaLiga|Midfield,pre_club_ppg,0.6175767713424131,True,7,False
0.45,LaLiga|Midfield,pre_opponent_ppg,-0.09137832585401787,True,7,False
0.45,LaLiga|Midfield,pre_trend_minutes_share,0.05121801345428405,True,7,False
0.45,LaLiga|Midfield,pre_trend_npxg_xa,0.2062081989419486,True,7,False
0.45,LaLiga|Midfield,missing_pre_npxg_xa,-0.054367101539269505,True,7,False
0.45,LaLiga|Midfield,missing_pre_trend_npxg_xa,-0.054367101539269505,True,7,False
0.45,Ligue 1|Attack,intercept,-2.1904769539718694,True,7,False
0.45,Ligue 1|Attack,age_at_world_cup,0.31337838074737556,True,7,False
0.45,Ligue 1|Attack,market_value_log,0.5315946146242939,True,7,False
0.45,Ligue 1|Attack,pre_minutes_share,-0.7038818215578796,True,7,False
0.45,Ligue 1|Attack,pre_squad_rate,0.15165323704282827,True,7,False
0.45,Ligue 1|Attack,pre_start_rate,-0.2447277447290214,True,7,False
0.45,Ligue 1|Attack,pre_npxg_xa,0.9458272782410593,True,7,False
0.45,Ligue 1|Attack,pre_injury_days,-0.9772074035234449,True,7,False
0.45,Ligue 1|Attack,pre_club_ppg,0.9089804873448336,True,7,False
0.45,Ligue 1|Attack,pre_opponent_ppg,0.22939262867506902,True,7,False
0.45,Ligue 1|Attack,pre_trend_minutes_share,0.6581458500071533,True,7,False
0.45,Ligue 1|Attack,pre_trend_npxg_xa,-1.086245844378003,True,7,False
0.45,Ligue 1|Defender,intercept,-1.8609672643128343,True,7,False
0.45,Ligue 1|Defender,age_at_world_cup,0.10013335215465254,True,7,False
0.45,Ligue 1|Defender,market_value_log,0.818159381847244,True,7,False
0.45,Ligue 1|Defender,pre_minutes_share,-0.21724983544605653,True,7,False
0.45,Ligue 1|Defender,pre_squad_rate,-0.18779801927190373,True,7,False
0.45,Ligue 1|Defender,pre_start_rate,0.11899293343270245,True,7,False
0.45,Ligue 1|Defender,pre_npxg_xa,0.33377180723831607,True,7,False
0.45,Ligue 1|Defender,pre_injury_days,-0.7251748564975333,True,7,False
0.45,Ligue 1|Defender,pre_club_ppg,0.02320722790725122,True,7,False
0.45,Ligue 1|Defender,pre_opponent_ppg,-0.7963925220069309,True,7,False
0.45,Ligue 1|Defender,pre_trend_minutes_share,0.001468202224330415,True,7,False
0.45,Ligue 1|Defender,pre_trend_npxg_xa,0.008342946331449155,True,7,False
0.45,Ligue 1|Defender,missing_pre_npxg_xa,-0.3049333600133461,True,7,False
0.45,Ligue 1|Defender,missing_pre_trend_npxg_xa,-0.3049333600133461,True,7,False
0.45,Ligue 1|Midfield,intercept,-2.277103755863014,True,7,False
0.45,Ligue 1|Midfield,age_at_world_cup,0.11279076211733044,True,7,False
0.45,Ligue 1|Midfield,market_value_log,1.29387949783661,True,7,False
0.45,Ligue 1|Midfield,pre_minutes_share,0.8845068915492693,True,7,False
0.45,Ligue 1|Midfield,pre_squad_rate,-0.29158812372216764,True,7,False
0.45,Ligue 1|Midfield,pre_start_rate,-1.1072353730719062,True,7,False
0.45,Ligue 1|Midfield,pre_npxg_xa,0.19556423277483576,True,7,False
0.45,Ligue 1|Midfield,pre_injury_days,-0.5109302058403702,True,7,False
0.45,Ligue 1|Midfield,pre_club_ppg,0.4024959831710306,True,7,False
0.45,Ligue 1|Midfield,pre_opponent_ppg,0.1840804520332567,True,7,False
0.45,Ligue 1|Midfield,pre_trend_minutes_share,0.7061694051524312,True,7,False
0.45,Ligue 1|Midfield,pre_trend_npxg_xa,-0.42670940745251196,True,7,False
0.45,Ligue 1|Midfield,missing_pre_npxg_xa,-0.08219286486353124,True,7,False
0.45,Ligue 1|Midfield,missing_pre_trend_npxg_xa,-0.08219286486353124,True,7,False
0.45,Premier League|Attack,intercept,-0.5006712180107189,True,6,False
0.45,Premier League|Attack,age_at_world_cup,0.17791404227776325,True,6,False
0.45,Premier League|Attack,market_value_log,0.8893799562981595,True,6,False
0.45,Premier League|Attack,pre_minutes_share,-0.10055818258231733,True,6,False
0.45,Premier League|Attack,pre_squad_rate,-0.004908108596731554,True,6,False
0.45,Premier League|Attack,pre_start_rate,0.10471471736179719,True,6,False
0.45,Premier League|Attack,pre_npxg_xa,-0.26070327321148207,True,6,False
0.45,Premier League|Attack,pre_injury_days,-0.2092331525115469,True,6,False
0.45,Premier League|Attack,pre_club_ppg,1.2432161264602488,True,6,False
0.45,Premier League|Attack,pre_opponent_ppg,-0.1694495651811186,True,6,False
0.45,Premier League|Attack,pre_trend_minutes_share,0.47874657669754017,True,6,False
0.45,Premier League|Attack,pre_trend_npxg_xa,0.3577847980733756,True,6,False
0.45,Premier League|Defender,intercept,-0.33286934690847264,True,6,False
0.45,Premier League|Defender,age_at_world_cup,0.25056179036050524,True,6,False
0.45,Premier League|Defender,market_value_log,0.8527101051367708,True,6,False
0.45,Premier League|Defender,pre_minutes_share,0.47184713212551266,True,6,False
0.45,Premier League|Defender,pre_squad_rate,0.43872118681568656,True,6,False
0.45,Premier League|Defender,pre_start_rate,-0.49343920472946917,True,6,False
0.45,Premier League|Defender,pre_npxg_xa,0.3786483173803694,True,6,False
0.45,Premier League|Defender,pre_injury_days,0.3122236282029331,True,6,False
0.45,Premier League|Defender,pre_club_ppg,0.5915480977567783,True,6,False
0.45,Premier League|Defender,pre_opponent_ppg,-0.014514360081048172,True,6,False
0.45,Premier League|Defender,pre_trend_minutes_share,-0.05603263504253807,True,6,False
0.45,Premier League|Defender,pre_trend_npxg_xa,0.074435569144675,True,6,False
0.45,Premier League|Defender,missing_pre_npxg_xa,-1.1469157066679474,True,6,False
0.45,Premier League|Defender,missing_pre_trend_npxg_xa,-1.1469157066679474,True,6,False
0.45,Premier League|Midfield,intercept,-0.12120943100149915,True,7,False
0.45,Premier League|Midfield,age_at_world_cup,0.9593061995336106,True,7,False
0.45,Premier League|Midfield,market_value_log,1.2740215264010617,True,7,False
0.45,Premier League|Midfield,pre_minutes_share,0.6867582649775803,True,7,False
0.45,Premier League|Midfield,pre_squad_rate,-0.6213413231767594,True,7,False
0.45,Premier League|Midfield,pre_start_rate,-0.47398686821462643,True,7,False
0.45,Premier League|Midfield,pre_npxg_xa,-0.5354073589414013,True,7,False
0.45,Premier League|Midfield,pre_injury_days,-1.0009733831815475,True,7,False
0.45,Premier League|Midfield,pre_club_ppg,0.7953345047002974,True,7,False
0.45,Premier League|Midfield,pre_opponent_ppg,0.43966735492169456,True,7,False
0.45,Premier League|Midfield,pre_trend_minutes_share,0.020939607648222603,True,7,False
0.45,Premier League|Midfield,pre_trend_npxg_xa,-0.0674333612081519,True,7,False
0.45,Premier League|Midfield,missing_pre_npxg_xa,-0.628275047220467,True,7,False
0.45,Premier League|Midfield,missing_pre_trend_npxg_xa,-0.628275047220467,True,7,False
0.45,Serie A|Attack,intercept,-1.4797624641949827,True,7,False
0.45,Serie A|Attack,age_at_world_cup,0.3791884039457013,True,7,False
0.45,Serie A|Attack,market_value_log,0.878706631563428,True,7,False
0.45,Serie A|Attack,pre_minutes_share,-0.10051727237444147,True,7,False
0.45,Serie A|Attack,pre_squad_rate,-0.48976291783205483,True,7,False
0.45,Serie A|Attack,pre_start_rate,-0.2138940938437205,True,7,False
0.45,Serie A|Attack,pre_npxg_xa,0.4337746523358752,True,7,False
0.45,Serie A|Attack,pre_injury_days,-1.7482819218882386,True,7,False
0.45,Serie A|Attack,pre_club_ppg,0.11501903997725066,True,7,False
0.45,Serie A|Attack,pre_opponent_ppg,-0.5322830121744929,True,7,False
0.45,Serie A|Attack,pre_trend_minutes_share,0.03426248425528506,True,7,False
0.45,Serie A|Attack,pre_trend_npxg_xa,-0.9115563812572959,True,7,False
0.45,Serie A|Defender,intercept,-0.6962360907490331,True,6,False
0.45,Serie A|Defender,age_at_world_cup,0.3628158819853674,True,6,False
0.45,Serie A|Defender,market_value_log,0.8164832921758529,True,6,False
0.45,Serie A|Defender,pre_minutes_share,0.05769255083226111,True,6,False
0.45,Serie A|Defender,pre_squad_rate,0.27642660151691684,True,6,False
0.45,Serie A|Defender,pre_start_rate,-0.10910750106666499,True,6,False
0.45,Serie A|Defender,pre_npxg_xa,-0.2146994317601386,True,6,False
0.45,Serie A|Defender,pre_injury_days,-0.6386638870840405,True,6,False
0.45,Serie A|Defender,pre_club_ppg,-0.1456462529062023,True,6,False
0.45,Serie A|Defender,pre_opponent_ppg,-0.2106469285971171,True,6,False
0.45,Serie A|Defender,pre_trend_minutes_share,0.25151339990336335,True,6,False
0.45,Serie A|Defender,pre_trend_npxg_xa,-0.18765693140330844,True,6,False
0.45,Serie A|Defender,missing_pre_npxg_xa,-0.3982090472557232,True,6,False
0.45,Serie A|Defender,missing_pre_trend_npxg_xa,-0.3982090472557232,True,6,False
0.45,Serie A|Midfield,intercept,-0.9402954456764646,True,7,False
0.45,Serie A|Midfield,age_at_world_cup,0.3434946703376449,True,7,False
0.45,Serie A|Midfield,market_value_log,0.9508323620683417,True,7,False
0.45,Serie A|Midfield,pre_minutes_share,0.3254272216052335,True,7,False
0.45,Serie A|Midfield,pre_squad_rate,-0.9680279918039845,True,7,False
0.45,Serie A|Midfield,pre_start_rate,-0.07920874483350915,True,7,False
0.45,Serie A|Midfield,pre_npxg_xa,0.6045067097843219,True,7,False
0.45,Serie A|Midfield,pre_injury_days,0.09179659034481727,True,7,False
0.45,Serie A|Midfield,pre_club_ppg,-0.12966598366426418,True,7,False
0.45,Serie A|Midfield,pre_opponent_ppg,0.30869006815329136,True,7,False
0.45,Serie A|Midfield,pre_trend_minutes_share,0.10456661007845745,True,7,False
0.45,Serie A|Midfield,pre_trend_npxg_xa,-0.21451565454288973,True,7,False
0.45,Serie A|Midfield,missing_pre_npxg_xa,0.22098591045732938,True,7,False
0.45,Serie A|Midfield,missing_pre_trend_npxg_xa,0.22098591045732938,True,7,False
0.5,Bundesliga|Attack,intercept,-1.841274936634148,True,8,False
0.5,Bundesliga|Attack,age_at_world_cup,-0.3167320409856407,True,8,False
0.5,Bundesliga|Attack,market_value_log,0.3597618939470037,True,8,False
0.5,Bundesliga|Attack,pre_minutes_share,1.1331200700805968,True,8,False
0.5,Bundesliga|Attack,pre_squad_rate,-0.2205926631310062,True,8,False
0.5,Bundesliga|Attack,pre_start_rate,0.6380651373096652,True,8,False
0.5,Bundesliga|Attack,pre_npxg_xa,-0.20617623211915703,True,8,False
0.5,Bundesliga|Attack,pre_injury_days,0.7093192059140867,True,8,False
0.5,Bundesliga|Attack,pre_club_ppg,1.474114669982281,True,8,False
0.5,Bundesliga|Attack,pre_opponent_ppg,-1.04950290981987,True,8,False
0.5,Bundesliga|Attack,pre_trend_minutes_share,0.28969319678865335,True,8,False
0.5,Bundesliga|Attack,pre_trend_npxg_xa,-0.5541552463864915,True,8,False
0.5,Bundesliga|Attack,missing_pre_npxg_xa,-0.352235987647049,True,8,False
0.5,Bundesliga|Attack,missing_pre_trend_npxg_xa,-0.352235987647049,True,8,False
0.5,Bundesliga|Defender,intercept,-1.8323689161319683,True,7,False
0.5,Bundesliga|Defender,age_at_world_cup,0.3197775730713156,True,7,False
0.5,Bundesliga|Defender,market_value_log,1.982140564879091,True,7,False
0.5,Bundesliga|Defender,pre_minutes_share,0.2265832059268006,True,7,False
0.5,Bundesliga|Defender,pre_squad_rate,-0.9879791032808394,True,7,False
0.5,Bundesliga|Defender,pre_start_rate,0.28824481132957863,True,7,False
0.5,Bundesliga|Defender,pre_npxg_xa,0.36484027501486443,True,7,False
0.5,Bundesliga|Defender,pre_injury_days,-0.5235087800364719,True,7,False
0.5,Bundesliga|Defender,pre_club_ppg,0.16607097022445683,True,7,False
0.5,Bundesliga|Defender,pre_opponent_ppg,0.010507774787317877,True,7,False
0.5,Bundesliga|Defender,pre_trend_minutes_share,0.60691262235065,True,7,False
0.5,Bundesliga|Defender,pre_trend_npxg_xa,-0.5058210269060296,True,7,False
0.5,Bundesliga|Defender,missing_pre_npxg_xa,-0.561093935750235,True,7,False
0.5,Bundesliga|Defender,missing_pre_trend_npxg_xa,-0.561093935750235,True,7,False
0.5,Bundesliga|Midfield,intercept,-1.04048594240977,True,6,False
0.5,Bundesliga|Midfield,age_at_world_cup,0.6670495717803827,True,6,False
0.5,Bundesliga|Midfield,market_value_log,1.4327094565775031,True,6,False
0.5,Bundesliga|Midfield,pre_minutes_share,-0.24438228811190163,True,6,False
0.5,Bundesliga|Midfield,pre_squad_rate,-0.49252208558306143,True,6,False
0.5,Bundesliga|Midfield,pre_start_rate,0.2272876471854023,True,6,False
0.5,Bundesliga|Midfield,pre_npxg_xa,0.2629341461999015,True,6,False
0.5,Bundesliga|Midfield,pre_injury_days,-0.10240477414408657,True,6,False
0.5,Bundesliga|Midfield,pre_club_ppg,0.48346913159252847,True,6,False
0.5,Bundesliga|Midfield,pre_opponent_ppg,0.5377601543386177,True,6,False
0.5,Bundesliga|Midfield,pre_trend_minutes_share,-0.02210472706202813,True,6,False
0.5,Bundesliga|Midfield,pre_trend_npxg_xa,0.18195404412476396,True,6,False
0.5,Bundesliga|Midfield,missing_pre_npxg_xa,-0.4583972879892828,True,6,False
0.5,Bundesliga|Midfield,missing_pre_trend_npxg_xa,-0.4583972879892828,True,6,False
0.5,LaLiga|Attack,intercept,-1.5982374542977307,True,7,False
0.5,LaLiga|Attack,age_at_world_cup,0.127094851987457,True,7,False
0.5,LaLiga|Attack,market_value_log,1.892339255117032,True,7,False
0.5,LaLiga|Attack,pre_minutes_share,-0.3608651413065381,True,7,False
0.5,LaLiga|Attack,pre_squad_rate,-0.6800131264428427,True,7,False
0.5,LaLiga|Attack,pre_start_rate,-0.04300405605194666,True,7,False
0.5,LaLiga|Attack,pre_npxg_xa,0.8620647576698591,True,7,False
0.5,LaLiga|Attack,pre_injury_days,0.018922203015554098,True,7,False
0.5,LaLiga|Attack,pre_club_ppg,0.2843056072796363,True,7,False
0.5,LaLiga|Attack,pre_opponent_ppg,0.4872350531905161,True,7,False
0.5,LaLiga|Attack,pre_trend_minutes_share,-0.4277553205901149,True,7,False
0.5,LaLiga|Attack,pre_trend_npxg_xa,0.04085707173792325,True,7,False
0.5,LaLiga|Attack,missing_pre_npxg_xa,-0.27332163499184803,True,7,False
0.5,LaLiga|Attack,missing_pre_trend_npxg_xa,-0.27332163499184803,True,7,False
0.5,LaLiga|Defender,intercept,-2.1028593636214,True,7,False
0.5,LaLiga|Defender,age_at_world_cup,0.23062194492353935,True,7,False
0.5,LaLiga|Defender,market_value_log,1.0030508725237808,True,7,False
0.5,LaLiga|Defender,pre_minutes_share,0.7970845300143742,True,7,False
0.5,LaLiga|Defender,pre_squad_rate,-0.5765525089547361,True,7,False
0.5,LaLiga|Defender,pre_start_rate,-0.1981208873377662,True,7,False
0.5,LaLiga|Defender,pre_npxg_xa,-0.24113075179393,True,7,False
0.5,LaLiga|Defender,pre_injury_days,-0.4542590675063657,True,7,False
0.5,LaLiga|Defender,pre_club_ppg,0.5297062733617499,True,7,False
0.5,LaLiga|Defender,pre_opponent_ppg,0.3514577955854576,True,7,False
0.5,LaLiga|Defender,pre_trend_minutes_share,0.061495294350659015,True,7,False
0.5,LaLiga|Defender,pre_trend_npxg_xa,0.2045525825594707,True,7,False
0.5,LaLiga|Defender,missing_pre_npxg_xa,-0.31140059198494907,True,7,False
0.5,LaLiga|Defender,missing_pre_trend_npxg_xa,-0.31140059198494907,True,7,False
0.5,LaLiga|Midfield,intercept,-1.8338179396992886,True,7,False
0.5,LaLiga|Midfield,age_at_world_cup,0.6551167292614606,True,7,False
0.5,LaLiga|Midfield,market_value_log,1.4451598317296463,True,7,False
0.5,LaLiga|Midfield,pre_minutes_share,-0.3674297003983742,True,7,False
0.5,LaLiga|Midfield,pre_squad_rate,0.5258680267767476,True,7,False
0.5,LaLiga|Midfield,pre_start_rate,0.3419936279622237,True,7,False
0.5,LaLiga|Midfield,pre_npxg_xa,-0.6489673467681765,True,7,False
0.5,LaLiga|Midfield,pre_injury_days,-0.12173795382164877,True,7,False
0.5,LaLiga|Midfield,pre_club_ppg,0.6215104844258142,True,7,False
0.5,LaLiga|Midfield,pre_opponent_ppg,-0.08986765042498684,True,7,False
0.5,LaLiga|Midfield,pre_trend_minutes_share,0.05402784722030748,True,7,False
0.5,LaLiga|Midfield,pre_trend_npxg_xa,0.20205748569832255,True,7,False
0.5,LaLiga|Midfield,missing_pre_npxg_xa,-0.05116305069240761,True,7,False
0.5,LaLiga|Midfield,missing_pre_trend_npxg_xa,-0.05116305069240761,True,7,False
0.5,Ligue 1|Attack,intercept,-2.1626691513360226,True,7,False
0.5,Ligue 1|Attack,age_at_world_cup,0.3075338751529119,True,7,False
0.5,Ligue 1|Attack,market_value_log,0.5317090484987662,True,7,False
0.5,Ligue 1|Attack,pre_minutes_share,-0.6691658618700195,True,7,False
0.5,Ligue 1|Attack,pre_squad_rate,0.1500227907266943,True,7,False
0.5,Ligue 1|Attack,pre_start_rate,-0.25082673012992945,True,7,False
0.5,Ligue 1|Attack,pre_npxg_xa,0.9194632244719334,True,7,False
0.5,Ligue 1|Attack,pre_injury_days,-0.945399156292965,True,7,False
0.5,Ligue 1|Attack,pre_club_ppg,0.8903228041944595,True,7,False
0.5,Ligue 1|Attack,pre_opponent_ppg,0.22483267415421906,True,7,False
0.5,Ligue 1|Attack,pre_trend_minutes_share,0.6379854792163407,True,7,False
0.5,Ligue 1|Attack,pre_trend_npxg_xa,-1.0571621242045144,True,7,False
0.5,Ligue 1|Defender,intercept,-1.8550439516440331,True,7,False
0.5,Ligue 1|Defender,age_at_world_cup,0.0943517729821504,True,7,False
0.5,Ligue 1|Defender,market_value_log,0.8074642000640521,True,7,False
0.5,Ligue 1|Defender,pre_minutes_share,-0.20341360024651323,True,7,False
0.5,Ligue 1|Defender,pre_squad_rate,-0.1841995184605316,True,7,False
0.5,Ligue 1|Defender,pre_start_rate,0.11076063489041992,True,7,False
0.5,Ligue 1|Defender,pre_npxg_xa,0.33068557945451676,True,7,False
0.5,Ligue 1|Defender,pre_injury_days,-0.7078911207338585,True,7,False
0.5,Ligue 1|Defender,pre_club_ppg,0.02902732545414858,True,7,False
0.5,Ligue 1|Defender,pre_opponent_ppg,-0.7890528758844927,True,7,False
0.5,Ligue 1|Defender,pre_trend_minutes_share,5.3343190559616156e-05,True,7,False
0.5,Ligue 1|Defender,pre_trend_npxg_xa,0.008995594983178153,True,7,False
0.5,Ligue 1|Defender,missing_pre_npxg_xa,-0.2865327932834031,True,7,False
0.5,Ligue 1|Defender,missing_pre_trend_npxg_xa,-0.2865327932834031,True,7,False
0.5,Ligue 1|Midfield,intercept,-2.2586433285574685,True,7,False
0.5,Ligue 1|Midfield,age_at_world_cup,0.10956290800353413,True,7,False
0.5,Ligue 1|Midfield,market_value_log,1.2721071529741421,True,7,False
0.5,Ligue 1|Midfield,pre_minutes_share,0.8193227693117253,True,7,False
0.5,Ligue 1|Midfield,pre_squad_rate,-0.27485968128227717,True,7,False
0.5,Ligue 1|Midfield,pre_start_rate,-1.0401445597850616,True,7,False
0.5,Ligue 1|Midfield,pre_npxg_xa,0.198678537616361,True,7,False
0.5,Ligue 1|Midfield,pre_injury_days,-0.4949498848949534,True,7,False
0.5,Ligue 1|Midfield,pre_club_ppg,0.40227348692875925,True,7,False
0.5,Ligue 1|Midfield,pre_opponent_ppg,0.18040307402473646,True,7,False
0.5,Ligue 1|Midfield,pre_trend_minutes_share,0.6883021588192254,True,7,False
0.5,Ligue 1|Midfield,pre_trend_npxg_xa,-0.41466273429513123,True,7,False
0.5,Ligue 1|Midfield,missing_pre_npxg_xa,-0.07877495483710001,True,7,False
0.5,Ligue 1|Midfield,missing_pre_trend_npxg_xa,-0.07877495483710001,True,7,False
0.5,Premier League|Attack,intercept,-0.4992908365005531,True,6,False
0.5,Premier League|Attack,age_at_world_cup,0.17345028608658447,True,6,False
0.5,Premier League|Attack,market_value_log,0.8787941740369776,True,6,False
0.5,Premier League|Attack,pre_minutes_share,-0.09503851479568008,True,6,False
0.5,Premier League|Attack,pre_squad_rate,-0.006162342893782608,True,6,False
0.5,Premier League|Attack,pre_start_rate,0.09889151565116024,True,6,False
0.5,Premier League|Attack,pre_npxg_xa,-0.2522624691763075,True,6,False
0.5,Premier League|Attack,pre_injury_days,-0.20620934288100473,True,6,False
0.5,Premier League|Attack,pre_club_ppg,1.2278915905510357,True,6,False
0.5,Premier League|Attack,pre_opponent_ppg,-0.16528714059767186,True,6,False
0.5,Premier League|Attack,pre_trend_minutes_share,0.4733895965087313,True,6,False
0.5,Premier League|Attack,pre_trend_npxg_xa,0.350162419787731,True,6,False
0.5,Premier League|Defender,intercept,-0.33331454317079046,True,6,False
0.5,Premier League|Defender,age_at_world_cup,0.24869953245569304,True,6,False
0.5,Premier League|Defender,market_value_log,0.8455246080574885,True,6,False
0.5,Premier League|Defender,pre_minutes_share,0.4398739633762603,True,6,False
0.5,Premier League|Defender,pre_squad_rate,0.4350910286235519,True,6,False
0.5,Premier League|Defender,pre_start_rate,-0.45988153797498244,True,6,False
0.5,Premier League|Defender,pre_npxg_xa,0.37663030683425447,True,6,False
0.5,Premier League|Defender,pre_injury_days,0.3104757925670875,True,6,False
0.5,Premier League|Defender,pre_club_ppg,0.587716740043087,True,6,False
0.5,Premier League|Defender,pre_opponent_ppg,-0.013110802824468361,True,6,False
0.5,Premier League|Defender,pre_trend_minutes_share,-0.05576059025718959,True,6,False
0.5,Premier League|Defender,pre_trend_npxg_xa,0.07436728342824343,True,6,False
0.5,Premier League|Defender,missing_pre_npxg_xa,-1.0981455077910187,True,6,False
0.5,Premier League|Defender,missing_pre_trend_npxg_xa,-1.0981455077910187,True,6,False
0.5,Premier League|Midfield,intercept,-0.12143153293118082,True,7,False
0.5,Premier League|Midfield,age_at_world_cup,0.945744529554533,True,7,False
0.5,Premier League|Midfield,market_value_log,1.2579150564607906,True,7,False
0.5,Premier League|Midfield,pre_minutes_share,0.6483916432694401,True,7,False
0.5,Premier League|Midfield,pre_squad_rate,-0.60822950129307,True,7,False
0.5,Premier League|Midfield,pre_start_rate,-0.4390483404003943,True,7,False
0.5,Premier League|Midfield,pre_npxg_xa,-0.5266161195119651,True,7,False
0.5,Premier League|Midfield,pre_injury_days,-0.9853959964029314,True,7,False
0.5,Premier League|Midfield,pre_club_ppg,0.7878338191876775,True,7,False
0.5,Premier League|Midfield,pre_opponent_ppg,0.43523395758137695,True,7,False
0.5,Premier League|Midfield,pre_trend_minutes_share,0.01966776894989342,True,7,False
0.5,Premier League|Midfield,pre_trend_npxg_xa,-0.06763002748752164,True,7,False
0.5,Premier League|Midfield,missing_pre_npxg_xa,-0.5932122384752511,True,7,False
0.5,Premier League|Midfield,missing_pre_trend_npxg_xa,-0.5932122384752511,True,7,False
0.5,Serie A|Attack,intercept,-1.4540672067730742,True,7,False
0.5,Serie A|Attack,age_at_world_cup,0.3694480327360011,True,7,False
0.5,Serie A|Attack,market_value_log,0.848226702887537,True,7,False
0.5,Serie A|Attack,pre_minutes_share,-0.10124448629714643,True,7,False
0.5,Serie A|Attack,pre_squad_rate,-0.4737016613297704,True,7,False
0.5,Serie A|Attack,pre_start_rate,-0.19295190142826096,True,7,False
0.5,Serie A|Attack,pre_npxg_xa,0.43298292818897294,True,7,False
0.5,Serie A|Attack,pre_injury_days,-1.677970321165813,True,7,False
0.5,Serie A|Attack,pre_club_ppg,0.12326396203610032,True,7,False
0.5,Serie A|Attack,pre_opponent_ppg,-0.5160507393849794,True,7,False
0.5,Serie A|Attack,pre_trend_minutes_share,0.021387519375171717,True,7,False
0.5,Serie A|Attack,pre_trend_npxg_xa,-0.8849741089905613,True,7,False
0.5,Serie A|Defender,intercept,-0.6948402812347857,True,6,False
0.5,Serie A|Defender,age_at_world_cup,0.35433631862860526,True,6,False
0.5,Serie A|Defender,market_value_log,0.8019452101043407,True,6,False
0.5,Serie A|Defender,pre_minutes_share,0.056739394576246494,True,6,False
0.5,Serie A|Defender,pre_squad_rate,0.2743729643003744,True,6,False
0.5,Serie A|Defender,pre_start_rate,-0.10388567030225467,True,6,False
0.5,Serie A|Defender,pre_npxg_xa,-0.2103043779907142,True,6,False
0.5,Serie A|Defender,pre_injury_days,-0.6291854957864619,True,6,False
0.5,Serie A|Defender,pre_club_ppg,-0.1363891124555329,True,6,False
0.5,Serie A|Defender,pre_opponent_ppg,-0.20809665355076587,True,6,False
0.5,Serie A|Defender,pre_trend_minutes_share,0.2476493704342929,True,6,False
0.5,Serie A|Defender,pre_trend_npxg_xa,-0.18609245496517376,True,6,False
0.5,Serie A|Defender,missing_pre_npxg_xa,-0.38662287201942996,True,6,False
0.5,Serie A|Defender,missing_pre_trend_npxg_xa,-0.38662287201942996,True,6,False
0.5,Serie A|Midfield,intercept,-0.9367318545846096,True,6,False
0.5,Serie A|Midfield,age_at_world_cup,0.33872958304924067,True,6,False
0.5,Serie A|Midfield,market_value_log,0.936221747528867,True,6,False
0.5,Serie A|Midfield,pre_minutes_share,0.31398550013682186,True,6,False
0.5,Serie A|Midfield,pre_squad_rate,-0.9601607363330414,True,6,False
0.5,Serie A|Midfield,pre_start_rate,-0.06447101085575148,True,6,False
0.5,Serie A|Midfield,pre_npxg_xa,0.5969395185469182,True,6,False
0.5,Serie A|Midfield,pre_injury_days,0.09493288052658301,True,6,False
0.5,Serie A|Midfield,pre_club_ppg,-0.11874420076989252,True,6,False
0.5,Serie A|Midfield,pre_opponent_ppg,0.30757129891360957,True,6,False
0.5,Serie A|Midfield,pre_trend_minutes_share,0.10263482114790226,True,6,False
0.5,Serie A|Midfield,pre_trend_npxg_xa,-0.21433034141101612,True,6,False
0.5,Serie A|Midfield,missing_pre_npxg_xa,0.2064616449406396,True,6,False
0.5,Serie A|Midfield,missing_pre_trend_npxg_xa,0.2064616449406396,True,6,False
0.55,Bundesliga|Attack,intercept,-1.8104318872287068,True,7,False
0.55,Bundesliga|Attack,age_at_world_cup,-0.3082200855316011,True,7,False
0.55,Bundesliga|Attack,market_value_log,0.3673518983162269,True,7,False
0.55,Bundesliga|Attack,pre_minutes_share,1.077379418542917,True,7,False
0.55,Bundesliga|Attack,pre_squad_rate,-0.21179855084251456,True,7,False
0.55,Bundesliga|Attack,pre_start_rate,0.6221089173041593,True,7,False
0.55,Bundesliga|Attack,pre_npxg_xa,-0.1764654822838661,True,7,False
0.55,Bundesliga|Attack,pre_injury_days,0.6916724752323027,True,7,False
0.55,Bundesliga|Attack,pre_club_ppg,1.4323058692190704,True,7,False
0.55,Bundesliga|Attack,pre_opponent_ppg,-1.0243860835329943,True,7,False
0.55,Bundesliga|Attack,pre_trend_minutes_share,0.2825818635424232,True,7,False
0.55,Bundesliga|Attack,pre_trend_npxg_xa,-0.5400741710213086,True,7,False
0.55,Bundesliga|Attack,missing_pre_npxg_xa,-0.33280380660382664,True,7,False
0.55,Bundesliga|Attack,missing_pre_trend_npxg_xa,-0.33280380660382664,True,7,False
0.55,Bundesliga|Defender,intercept,-1.8175896774514508,True,7,False
0.55,Bundesliga|Defender,age_at_world_cup,0.3069196338397318,True,7,False
0.55,Bundesliga|Defender,market_value_log,1.9494727893645634,True,7,False
0.55,Bundesliga|Defender,pre_minutes_share,0.22031853210992516,True,7,False
0.55,Bundesliga|Defender,pre_squad_rate,-0.962371975261595,True,7,False
0.55,Bundesliga|Defender,pre_start_rate,0.2833152927961706,True,7,False
0.55,Bundesliga|Defender,pre_npxg_xa,0.36396782108794884,True,7,False
0.55,Bundesliga|Defender,pre_injury_days,-0.5070927991381089,True,7,False
0.55,Bundesliga|Defender,pre_club_ppg,0.17629647244106028,True,7,False
0.55,Bundesliga|Defender,pre_opponent_ppg,0.01518270622702384,True,7,False
0.55,Bundesliga|Defender,pre_trend_minutes_share,0.597124819698974,True,7,False
0.55,Bundesliga|Defender,pre_trend_npxg_xa,-0.5018642746226287,True,7,False
0.55,Bundesliga|Defender,missing_pre_npxg_xa,-0.5343545572059782,True,7,False
0.55,Bundesliga|Defender,missing_pre_trend_npxg_xa,-0.5343545572059782,True,7,False
0.55,Bundesliga|Midfield,intercept,-1.0354536812494963,True,6,False
0.55,Bundesliga|Midfield,age_at_world_cup,0.6546575922229929,True,6,False
0.55,Bundesliga|Midfield,market_value_log,1.4129359078899095,True,6,False
0.55,Bundesliga|Midfield,pre_minutes_share,-0.22324433180422446,True,6,False
0.55,Bundesliga|Midfield,pre_squad_rate,-0.488387462965098,True,6,False
0.55,Bundesliga|Midfield,pre_start_rate,0.2094136820420141,True,6,False
0.55,Bundesliga|Midfield,pre_npxg_xa,0.26447446155220683,True,6,False
0.55,Bundesliga|Midfield,pre_injury_days,-0.09875825993794539,True,6,False
0.55,Bundesliga|Midfield,pre_club_ppg,0.48249357253223185,True,6,False
0.55,Bundesliga|Midfield,pre_opponent_ppg,0.5316604960644693,True,6,False
0.55,Bundesliga|Midfield,pre_trend_minutes_share,-0.02221265259746257,True,6,False
0.55,Bundesliga|Midfield,pre_trend_npxg_xa,0.17801153510786283,True,6,False
0.55,Bundesliga|Midfield,missing_pre_npxg_xa,-0.4343990093767518,True,6,False
0.55,Bundesliga|Midfield,missing_pre_trend_npxg_xa,-0.4343990093767518,True,6,False
0.55,LaLiga|Attack,intercept,-1.5881100591812223,True,7,False
0.55,LaLiga|Attack,age_at_world_cup,0.11874822100799698,True,7,False
0.55,LaLiga|Attack,market_value_log,1.86167521868892,True,7,False
0.55,LaLiga|Attack,pre_minutes_share,-0.35240118938055337,True,7,False
0.55,LaLiga|Attack,pre_squad_rate,-0.6722405120888534,True,7,False
0.55,LaLiga|Attack,pre_start_rate,-0.045185861774351355,True,7,False
0.55,LaLiga|Attack,pre_npxg_xa,0.8550781697013101,True,7,False
0.55,LaLiga|Attack,pre_injury_days,0.020673337039002426,True,7,False
0.55,LaLiga|Attack,pre_club_ppg,0.29080499461034587,True,7,False
0.55,LaLiga|Attack,pre_opponent_ppg,0.4838610060968222,True,7,False
0.55,LaLiga|Attack,pre_trend_minutes_share,-0.42104094030058997,True,7,False
0.55,LaLiga|Attack,pre_trend_npxg_xa,0.03697116078965368,True,7,False
0.55,LaLiga|Attack,missing_pre_npxg_xa,-0.26818404867451645,True,7,False
0.55,LaLiga|Attack,missing_pre_trend_npxg_xa,-0.26818404867451645,True,7,False
0.55,LaLiga|Defender,intercept,-2.0978665360779245,True,7,False
0.55,LaLiga|Defender,age_at_world_cup,0.22963607012918086,True,7,False
0.55,LaLiga|Defender,market_value_log,0.9973088480438415,True,7,False
0.55,LaLiga|Defender,pre_minutes_share,0.7616245306265899,True,7,False
0.55,LaLiga|Defender,pre_squad_rate,-0.5665539448083566,True,7,False
0.55,LaLiga|Defender,pre_start_rate,-0.16786587029866218,True,7,False
0.55,LaLiga|Defender,pre_npxg_xa,-0.23836713372222096,True,7,False
0.55,LaLiga|Defender,pre_injury_days,-0.44692894757641266,True,7,False
0.55,LaLiga|Defender,pre_club_ppg,0.5280480576906311,True,7,False
0.55,LaLiga|Defender,pre_opponent_ppg,0.3490623131173943,True,7,False
0.55,LaLiga|Defender,pre_trend_minutes_share,0.06379659359028947,True,7,False
0.55,LaLiga|Defender,pre_trend_npxg_xa,0.20160161960399672,True,7,False
0.55,LaLiga|Defender,missing_pre_npxg_xa,-0.304107892116746,True,7,False
0.55,LaLiga|Defender,missing_pre_trend_npxg_xa,-0.304107892116746,True,7,False
0.55,LaLiga|Midfield,intercept,-1.8249209085648017,True,7,False
0.55,LaLiga|Midfield,age_at_world_cup,0.6406436283032545,True,7,False
0.55,LaLiga|Midfield,market_value_log,1.4205439346648239,True,7,False
0.55,LaLiga|Midfield,pre_minutes_share,-0.3424117680740818,True,7,False
0.55,LaLiga|Midfield,pre_squad_rate,0.5114643835628234,True,7,False
0.55,LaLiga|Midfield,pre_start_rate,0.321450456321242,True,7,False
0.55,LaLiga|Midfield,pre_npxg_xa,-0.6374927580001716,True,7,False
0.55,LaLiga|Midfield,pre_injury_days,-0.12509305918325966,True,7,False
0.55,LaLiga|Midfield,pre_club_ppg,0.6251215652382984,True,7,False
0.55,LaLiga|Midfield,pre_opponent_ppg,-0.0885233756021255,True,7,False
0.55,LaLiga|Midfield,pre_trend_minutes_share,0.05664442007189435,True,7,False
0.55,LaLiga|Midfield,pre_trend_npxg_xa,0.19824959196678374,True,7,False
0.55,LaLiga|Midfield,missing_pre_npxg_xa,-0.048436885710001945,True,7,False
0.55,LaLiga|Midfield,missing_pre_trend_npxg_xa,-0.048436885710001945,True,7,False
0.55,Ligue 1|Attack,intercept,-2.1373758926740614,True,7,False
0.55,Ligue 1|Attack,age_at_world_cup,0.3020054316383764,True,7,False
0.55,Ligue 1|Attack,market_value_log,0.5312834483182396,True,7,False
0.55,Ligue 1|Attack,pre_minutes_share,-0.6386608408661282,True,7,False
0.55,Ligue 1|Attack,pre_squad_rate,0.14836589711916642,True,7,False
0.55,Ligue 1|Attack,pre_start_rate,-0.25499835669431903,True,7,False
0.55,Ligue 1|Attack,pre_npxg_xa,0.8954882860599966,True,7,False
0.55,Ligue 1|Attack,pre_injury_days,-0.9165414861670899,True,7,False
0.55,Ligue 1|Attack,pre_club_ppg,0.8734143571054891,True,7,False
0.55,Ligue 1|Attack,pre_opponent_ppg,0.22076886372273036,True,7,False
0.55,Ligue 1|Attack,pre_trend_minutes_share,0.6193970750209457,True,7,False
0.55,Ligue 1|Attack,pre_trend_npxg_xa,-1.030352039825912,True,7,False
0.55,Ligue 1|Defender,intercept,-1.8493556000110676,True,7,False
0.55,Ligue 1|Defender,age_at_world_cup,0.08880417663660144,True,7,False
0.55,Ligue 1|Defender,market_value_log,0.7971882193457377,True,7,False
0.55,Ligue 1|Defender,pre_minutes_share,-0.1911838451384602,True,7,False
0.55,Ligue 1|Defender,pre_squad_rate,-0.1806214259032233,True,7,False
0.55,Ligue 1|Defender,pre_start_rate,0.10377138932492412,True,7,False
0.55,Ligue 1|Defender,pre_npxg_xa,0.32773059705109053,True,7,False
0.55,Ligue 1|Defender,pre_injury_days,-0.6914927789731882,True,7,False
0.55,Ligue 1|Defender,pre_club_ppg,0.034645847280313856,True,7,False
0.55,Ligue 1|Defender,pre_opponent_ppg,-0.7819187782315905,True,7,False
0.55,Ligue 1|Defender,pre_trend_minutes_share,-0.001309260993903995,True,7,False
0.55,Ligue 1|Defender,pre_trend_npxg_xa,0.009588266767401592,True,7,False
0.55,Ligue 1|Defender,missing_pre_npxg_xa,-0.27063115489482636,True,7,False
0.55,Ligue 1|Defender,missing_pre_trend_npxg_xa,-0.27063115489482636,True,7,False
0.55,Ligue 1|Midfield,intercept,-2.2418928606979938,True,7,False
0.55,Ligue 1|Midfield,age_at_world_cup,0.10643585861645051,True,7,False
0.55,Ligue 1|Midfield,market_value_log,1.2516446712584002,True,7,False
0.55,Ligue 1|Midfield,pre_minutes_share,0.7625098174589723,True,7,False
0.55,Ligue 1|Midfield,pre_squad_rate,-0.2598841004084174,True,7,False
0.55,Ligue 1|Midfield,pre_start_rate,-0.9812953090611495,True,7,False
0.55,Ligue 1|Midfield,pre_npxg_xa,0.20155082862413926,True,7,False
0.55,Ligue 1|Midfield,pre_injury_days,-0.48026952372591336,True,7,False
0.55,Ligue 1|Midfield,pre_club_ppg,0.4023284145298526,True,7,False
0.55,Ligue 1|Midfield,pre_opponent_ppg,0.17702723541436638,True,7,False
0.55,Ligue 1|Midfield,pre_trend_minutes_share,0.6717425904976079,True,7,False
0.55,Ligue 1|Midfield,pre_trend_npxg_xa,-0.4036472197931891,True,7,False
0.55,Ligue 1|Midfield,missing_pre_npxg_xa,-0.07556440845593519,True,7,False
0.55,Ligue 1|Midfield,missing_pre_trend_npxg_xa,-0.07556440845593519,True,7,False
0.55,Premier League|Attack,intercept,-0.49800330201889903,True,6,False
0.55,Premier League|Attack,age_at_world_cup,0.16922012653698662,True,6,False
0.55,Premier League|Attack,market_value_log,0.8686830361163396,True,6,False
0.55,Premier League|Attack,pre_minutes_share,-0.09021975097325488,True,6,False
0.55,Premier League|Attack,pre_squad_rate,-0.007327855885113237,True,6,False
0.55,Premier League|Attack,pre_start_rate,0.0938030961067831,True,6,False
0.55,Premier League|Attack,pre_npxg_xa,-0.24421022356903607,True,6,False
0.55,Premier League|Attack,pre_injury_days,-0.203296277501094,True,6,False
0.55,Premier League|Attack,pre_club_ppg,1.213216943625401,True,6,False
0.55,Premier League|Attack,pre_opponent_ppg,-0.16133467655141204,True,6,False
0.55,Premier League|Attack,pre_trend_minutes_share,0.4682324403677392,True,6,False
0.55,Premier League|Attack,pre_trend_npxg_xa,0.3429350193436662,True,6,False
0.55,Premier League|Defender,intercept,-0.333741458530376,True,6,False
0.55,Premier League|Defender,age_at_world_cup,0.24676188215161768,True,6,False
0.55,Premier League|Defender,market_value_log,0.8386588219650198,True,6,False
0.55,Premier League|Defender,pre_minutes_share,0.4122989520521421,True,6,False
0.55,Premier League|Defender,pre_squad_rate,0.4315646369125844,True,6,False
0.55,Premier League|Defender,pre_start_rate,-0.4306205168763293,True,6,False
0.55,Premier League|Defender,pre_npxg_xa,0.3747050115423798,True,6,False
0.55,Premier League|Defender,pre_injury_days,0.3088539874145745,True,6,False
0.55,Premier League|Defender,pre_club_ppg,0.584212977963462,True,6,False
0.55,Premier League|Defender,pre_opponent_ppg,-0.011829390563642312,True,6,False
0.55,Premier League|Defender,pre_trend_minutes_share,-0.05560157322898945,True,6,False
0.55,Premier League|Defender,pre_trend_npxg_xa,0.07436495614449215,True,6,False
0.55,Premier League|Defender,missing_pre_npxg_xa,-1.0544912822762396,True,6,False
0.55,Premier League|Defender,missing_pre_trend_npxg_xa,-1.0544912822762396,True,6,False
0.55,Premier League|Midfield,intercept,-0.12162484747835488,True,6,False
0.55,Premier League|Midfield,age_at_world_cup,0.932940457359806,True,6,False
0.55,Premier League|Midfield,market_value_log,1.242635750502524,True,6,False
0.55,Premier League|Midfield,pre_minutes_share,0.6147559519180035,True,6,False
0.55,Premier League|Midfield,pre_squad_rate,-0.5958576190517022,True,6,False
0.55,Premier League|Midfield,pre_start_rate,-0.4084273567151284,True,6,False
0.55,Premier League|Midfield,pre_npxg_xa,-0.5182481720096331,True,6,False
0.55,Premier League|Midfield,pre_injury_days,-0.9704556783246927,True,6,False
0.55,Premier League|Midfield,pre_club_ppg,0.7806089779858468,True,6,False
0.55,Premier League|Midfield,pre_opponent_ppg,0.4310933017836473,True,6,False
0.55,Premier League|Midfield,pre_trend_minutes_share,0.018453672932222928,True,6,False
0.55,Premier League|Midfield,pre_trend_npxg_xa,-0.06781330859076866,True,6,False
0.55,Premier League|Midfield,missing_pre_npxg_xa,-0.562268130813263,True,6,False
0.55,Premier League|Midfield,missing_pre_trend_npxg_xa,-0.562268130813263,True,6,False
0.55,Serie A|Attack,intercept,-1.4311988981007058,True,7,False
0.55,Serie A|Attack,age_at_world_cup,0.3608831447270287,True,7,False
0.55,Serie A|Attack,market_value_log,0.8213023352850735,True,7,False
0.55,Serie A|Attack,pre_minutes_share,-0.10102433721565938,True,7,False
0.55,Serie A|Attack,pre_squad_rate,-0.4595652261520327,True,7,False
0.55,Serie A|Attack,pre_start_rate,-0.17492146206235284,True,7,False
0.55,Serie A|Attack,pre_npxg_xa,0.43178457120438296,True,7,False
0.55,Serie A|Attack,pre_injury_days,-1.6152613862099974,True,7,False
0.55,Serie A|Attack,pre_club_ppg,0.13068706646232459,True,7,False
0.55,Serie A|Attack,pre_opponent_ppg,-0.5012145170715573,True,7,False
0.55,Serie A|Attack,pre_trend_minutes_share,0.009711530269200932,True,7,False
0.55,Serie A|Attack,pre_trend_npxg_xa,-0.8608921865021006,True,7,False
0.55,Serie A|Defender,intercept,-0.6935003150921061,True,6,False
0.55,Serie A|Defender,age_at_world_cup,0.34628928365384626,True,6,False
0.55,Serie A|Defender,market_value_log,0.7881090857135428,True,6,False
0.55,Serie A|Defender,pre_minutes_share,0.05598557875075342,True,6,False
0.55,Serie A|Defender,pre_squad_rate,0.27237926616474795,True,6,False
0.55,Serie A|Defender,pre_start_rate,-0.09905207575188267,True,6,False
0.55,Serie A|Defender,pre_npxg_xa,-0.2061084915990181,True,6,False
0.55,Serie A|Defender,pre_injury_days,-0.6201401198470169,True,6,False
0.55,Serie A|Defender,pre_club_ppg,-0.12760825113898935,True,6,False
0.55,Serie A|Defender,pre_opponent_ppg,-0.2056884278004136,True,6,False
0.55,Serie A|Defender,pre_trend_minutes_share,0.24397324446443872,True,6,False
0.55,Serie A|Defender,pre_trend_npxg_xa,-0.18459114047649697,True,6,False
0.55,Serie A|Defender,missing_pre_npxg_xa,-0.3757583471503876,True,6,False
0.55,Serie A|Defender,missing_pre_trend_npxg_xa,-0.3757583471503876,True,6,False
0.55,Serie A|Midfield,intercept,-0.9333170767185343,True,6,False
0.55,Serie A|Midfield,age_at_world_cup,0.3340787387153919,True,6,False
0.55,Serie A|Midfield,market_value_log,0.9223518257439772,True,6,False
0.55,Serie A|Midfield,pre_minutes_share,0.3038941947066087,True,6,False
0.55,Serie A|Midfield,pre_squad_rate,-0.9525029231830072,True,6,False
0.55,Serie A|Midfield,pre_start_rate,-0.0514027149798146,True,6,False
0.55,Serie A|Midfield,pre_npxg_xa,0.5898511561713176,True,6,False
0.55,Serie A|Midfield,pre_injury_days,0.0978984849242348,True,6,False
0.55,Serie A|Midfield,pre_club_ppg,-0.10860940577628254,True,6,False
0.55,Serie A|Midfield,pre_opponent_ppg,0.30644111650292405,True,6,False
0.55,Serie A|Midfield,pre_trend_minutes_share,0.10067166347310531,True,6,False
0.55,Serie A|Midfield,pre_trend_npxg_xa,-0.2140989258320792,True,6,False
0.55,Serie A|Midfield,missing_pre_npxg_xa,0.1939098805645348,True,6,False
0.55,Serie A|Midfield,missing_pre_trend_npxg_xa,0.1939098805645348,True,6,False
0.6,Bundesliga|Attack,intercept,-1.7824268175159914,True,7,False
0.6,Bundesliga|Attack,age_at_world_cup,-0.30070900803810735,True,7,False
0.6,Bundesliga|Attack,market_value_log,0.3739702888597906,True,7,False
0.6,Bundesliga|Attack,pre_minutes_share,1.0283494058605291,True,7,False
0.6,Bundesliga|Attack,pre_squad_rate,-0.20407577260824022,True,7,False
0.6,Bundesliga|Attack,pre_start_rate,0.6070875592603023,True,7,False
0.6,Bundesliga|Attack,pre_npxg_xa,-0.15033381738180182,True,7,False
0.6,Bundesliga|Attack,pre_injury_days,0.6754915428585571,True,7,False
0.6,Bundesliga|Attack,pre_club_ppg,1.3945513611498581,True,7,False
0.6,Bundesliga|Attack,pre_opponent_ppg,-1.0016076434388081,True,7,False
0.6,Bundesliga|Attack,pre_trend_minutes_share,0.2757825706627392,True,7,False
0.6,Bundesliga|Attack,pre_trend_npxg_xa,-0.5268847667609042,True,7,False
0.6,Bundesliga|Attack,missing_pre_npxg_xa,-0.315855306496132,True,7,False
0.6,Bundesliga|Attack,missing_pre_trend_npxg_xa,-0.315855306496132,True,7,False
0.6,Bundesliga|Defender,intercept,-1.8037755057739493,True,7,False
0.6,Bundesliga|Defender,age_at_world_cup,0.2949209018401755,True,7,False
0.6,Bundesliga|Defender,market_value_log,1.918699156643456,True,7,False
0.6,Bundesliga|Defender,pre_minutes_share,0.21468857346393144,True,7,False
0.6,Bundesliga|Defender,pre_squad_rate,-0.9386361916701379,True,7,False
0.6,Bundesliga|Defender,pre_start_rate,0.2785978645387169,True,7,False
0.6,Bundesliga|Defender,pre_npxg_xa,0.3631353166393498,True,7,False
0.6,Bundesliga|Defender,pre_injury_days,-0.4920385372542364,True,7,False
0.6,Bundesliga|Defender,pre_club_ppg,0.18575178731925213,True,7,False
0.6,Bundesliga|Defender,pre_opponent_ppg,0.01938185189119149,True,7,False
0.6,Bundesliga|Defender,pre_trend_minutes_share,0.5878533417396478,True,7,False
0.6,Bundesliga|Defender,pre_trend_npxg_xa,-0.49807044794669025,True,7,False
0.6,Bundesliga|Defender,missing_pre_npxg_xa,-0.5102961537876355,True,7,False
0.6,Bundesliga|Defender,missing_pre_trend_npxg_xa,-0.5102961537876355,True,7,False
0.6,Bundesliga|Midfield,intercept,-1.0306313644847074,True,6,False
0.6,Bundesliga|Midfield,age_at_world_cup,0.6428738707026871,True,6,False
0.6,Bundesliga|Midfield,market_value_log,1.394228535057293,True,6,False
0.6,Bundesliga|Midfield,pre_minutes_share,-0.20465072116424765,True,6,False
0.6,Bundesliga|Midfield,pre_squad_rate,-0.48428829085222386,True,6,False
0.6,Bundesliga|Midfield,pre_start_rate,0.19386848044405744,True,6,False
0.6,Bundesliga|Midfield,pre_npxg_xa,0.26574461184039955,True,6,False
0.6,Bundesliga|Midfield,pre_injury_days,-0.09524288507877193,True,6,False
0.6,Bundesliga|Midfield,pre_club_ppg,0.4814255617589095,True,6,False
0.6,Bundesliga|Midfield,pre_opponent_ppg,0.5257528342347692,True,6,False
0.6,Bundesliga|Midfield,pre_trend_minutes_share,-0.02234735939437695,True,6,False
0.6,Bundesliga|Midfield,pre_trend_npxg_xa,0.17437988055414835,True,6,False
0.6,Bundesliga|Midfield,missing_pre_npxg_xa,-0.41311019977145835,True,6,False
0.6,Bundesliga|Midfield,missing_pre_trend_npxg_xa,-0.41311019977145835,True,6,False
0.6,LaLiga|Attack,intercept,-1.5785495945868693,True,7,False
0.6,LaLiga|Attack,age_at_world_cup,0.11090887723664859,True,7,False
0.6,LaLiga|Attack,market_value_log,1.8326987117413804,True,7,False
0.6,LaLiga|Attack,pre_minutes_share,-0.34442251531970364,True,7,False
0.6,LaLiga|Attack,pre_squad_rate,-0.6647897443054801,True,7,False
0.6,LaLiga|Attack,pre_start_rate,-0.04711067541444196,True,7,False
0.6,LaLiga|Attack,pre_npxg_xa,0.8482595993312328,True,7,False
0.6,LaLiga|Attack,pre_injury_days,0.022302507853087114,True,7,False
0.6,LaLiga|Attack,pre_club_ppg,0.2967359368458647,True,7,False
0.6,LaLiga|Attack,pre_opponent_ppg,0.48046120472839,True,7,False
0.6,LaLiga|Attack,pre_trend_minutes_share,-0.41474895445295584,True,7,False
0.6,LaLiga|Attack,pre_trend_npxg_xa,0.03332686434283209,True,7,False
0.6,LaLiga|Attack,missing_pre_npxg_xa,-0.2632328400765018,True,7,False
0.6,LaLiga|Attack,missing_pre_trend_npxg_xa,-0.2632328400765018,True,7,False
0.6,LaLiga|Defender,intercept,-2.0930258213750954,True,7,False
0.6,LaLiga|Defender,age_at_world_cup,0.22846487314966976,True,7,False
0.6,LaLiga|Defender,market_value_log,0.9916925928379565,True,7,False
0.6,LaLiga|Defender,pre_minutes_share,0.7303536241035051,True,7,False
0.6,LaLiga|Defender,pre_squad_rate,-0.5571904643426708,True,7,False
0.6,LaLiga|Defender,pre_start_rate,-0.14156321799810795,True,7,False
0.6,LaLiga|Defender,pre_npxg_xa,-0.2356606425980898,True,7,False
0.6,LaLiga|Defender,pre_injury_days,-0.4398516203210754,True,7,False
0.6,LaLiga|Defender,pre_club_ppg,0.5264308822585623,True,7,False
0.6,LaLiga|Defender,pre_opponent_ppg,0.3467098168666079,True,7,False
0.6,LaLiga|Defender,pre_trend_minutes_share,0.0657619362204226,True,7,False
0.6,LaLiga|Defender,pre_trend_npxg_xa,0.19877541239504778,True,7,False
0.6,LaLiga|Defender,missing_pre_npxg_xa,-0.2972723131678395,True,7,False
0.6,LaLiga|Defender,missing_pre_trend_npxg_xa,-0.2972723131678395,True,7,False
0.6,LaLiga|Midfield,intercept,-1.8165290429827976,True,7,False
0.6,LaLiga|Midfield,age_at_world_cup,0.6268817713848904,True,7,False
0.6,LaLiga|Midfield,market_value_log,1.397275375727875,True,7,False
0.6,LaLiga|Midfield,pre_minutes_share,-0.32018581633725707,True,7,False
0.6,LaLiga|Midfield,pre_squad_rate,0.4979923252784084,True,7,False
0.6,LaLiga|Midfield,pre_start_rate,0.3034166606676543,True,7,False
0.6,LaLiga|Midfield,pre_npxg_xa,-0.6266130582229152,True,7,False
0.6,LaLiga|Midfield,pre_injury_days,-0.12802788771217635,True,7,False
0.6,LaLiga|Midfield,pre_club_ppg,0.6284304911476667,True,7,False
0.6,LaLiga|Midfield,pre_opponent_ppg,-0.08732286292904827,True,7,False
0.6,LaLiga|Midfield,pre_trend_minutes_share,0.05908457591528394,True,7,False
0.6,LaLiga|Midfield,pre_trend_npxg_xa,0.19474047841166184,True,7,False
0.6,LaLiga|Midfield,missing_pre_npxg_xa,-0.04608175582118555,True,7,False
0.6,LaLiga|Midfield,missing_pre_trend_npxg_xa,-0.04608175582118555,True,7,False
0.6,Ligue 1|Attack,intercept,-2.114223033881345,True,7,False
0.6,Ligue 1|Attack,age_at_world_cup,0.2967472468981313,True,7,False
0.6,Ligue 1|Attack,market_value_log,0.5304398099800748,True,7,False
0.6,Ligue 1|Attack,pre_minutes_share,-0.611556054649962,True,7,False
0.6,Ligue 1|Attack,pre_squad_rate,0.146705471286895,True,7,False
0.6,Ligue 1|Attack,pre_start_rate,-0.25772719616581447,True,7,False
0.6,Ligue 1|Attack,pre_npxg_xa,0.8735463725394109,True,7,False
0.6,Ligue 1|Attack,pre_injury_days,-0.8901891048830672,True,7,False
0.6,Ligue 1|Attack,pre_club_ppg,0.8579780676966061,True,7,False
0.6,Ligue 1|Attack,pre_opponent_ppg,0.21710507775341356,True,7,False
0.6,Ligue 1|Attack,pre_trend_minutes_share,0.6021752160721773,True,7,False
0.6,Ligue 1|Attack,pre_trend_npxg_xa,-1.0055020010825395,True,7,False
0.6,Ligue 1|Defender,intercept,-1.8438910615067747,True,7,False
0.6,Ligue 1|Defender,age_at_world_cup,0.08348362250301208,True,7,False
0.6,Ligue 1|Defender,market_value_log,0.787310244512296,True,7,False
0.6,Ligue 1|Defender,pre_minutes_share,-0.1802720231238754,True,7,False
0.6,Ligue 1|Defender,pre_squad_rate,-0.17708860483017055,True,7,False
0.6,Ligue 1|Defender,pre_start_rate,0.09777871378072846,True,7,False
0.6,Ligue 1|Defender,pre_npxg_xa,0.32489831772031225,True,7,False
0.6,Ligue 1|Defender,pre_injury_days,-0.6759114725975782,True,7,False
0.6,Ligue 1|Defender,pre_club_ppg,0.04006584005514871,True,7,False
0.6,Ligue 1|Defender,pre_opponent_ppg,-0.7749846851247066,True,7,False
0.6,Ligue 1|Defender,pre_trend_minutes_share,-0.0026196705500104956,True,7,False
0.6,Ligue 1|Defender,pre_trend_npxg_xa,0.010127912859074217,True,7,False
0.6,Ligue 1|Defender,missing_pre_npxg_xa,-0.25672558025607206,True,7,False
0.6,Ligue 1|Defender,missing_pre_trend_npxg_xa,-0.25672558025607206,True,7,False
0.6,Ligue 1|Midfield,intercept,-2.2265664836219696,True,7,False
0.6,Ligue 1|Midfield,age_at_world_cup,0.10340758478700132,True,7,False
0.6,Ligue 1|Midfield,market_value_log,1.2323403140984523,True,7,False
0.6,Ligue 1|Midfield,pre_minutes_share,0.7125624304839131,True,7,False
0.6,Ligue 1|Midfield,pre_squad_rate,-0.24636923158032506,True,7,False
0.6,Ligue 1|Midfield,pre_start_rate,-0.9292290181363072,True,7,False
0.6,Ligue 1|Midfield,pre_npxg_xa,0.204206217216517,True,7,False
0.6,Ligue 1|Midfield,pre_injury_days,-0.4666996340676532,True,7,False
0.6,Ligue 1|Midfield,pre_club_ppg,0.40257440670351324,True,7,False
0.6,Ligue 1|Midfield,pre_opponent_ppg,0.173905823017199,True,7,False
0.6,Ligue 1|Midfield,pre_trend_minutes_share,0.6563078899539532,True,7,False
0.6,Ligue 1|Midfield,pre_trend_npxg_xa,-0.3935004488435739,True,7,False
0.6,Ligue 1|Midfield,missing_pre_npxg_xa,-0.07254977679876166,True,7,False
0.6,Ligue 1|Midfield,missing_pre_trend_npxg_xa,-0.07254977679876166,True,7,False
0.6,Premier League|Attack,intercept,-0.4967976190260191,True,6,False
0.6,Premier League|Attack,age_at_world_cup,0.1652030767583073,True,6,False
0.6,Premier League|Attack,market_value_log,0.8590061570521258,True,6,False
0.6,Premier League|Attack,pre_minutes_share,-0.08596503603363001,True,6,False
0.6,Premier League|Attack,pre_squad_rate,-0.008414550547546815,True,6,False
0.6,Premier League|Attack,pre_start_rate,0.08931531022372778,True,6,False
0.6,Premier League|Attack,pre_npxg_xa,-0.23652101545910315,True,6,False
0.6,Premier League|Attack,pre_injury_days,-0.20048339078958125,True,6,False
0.6,Premier League|Attack,pre_club_ppg,1.1991449632989892,True,6,False
0.6,Premier League|Attack,pre_opponent_ppg,-0.1575737710278574,True,6,False
0.6,Premier League|Attack,pre_trend_minutes_share,0.4632576383067186,True,6,False
0.6,Premier League|Attack,pre_trend_npxg_xa,0.33607115952785116,True,6,False
0.6,Premier League|Defender,intercept,-0.33414798161852716,True,6,False
0.6,Premier League|Defender,age_at_world_cup,0.24477006015975558,True,6,False
0.6,Premier League|Defender,market_value_log,0.8320707433327215,True,6,False
0.6,Premier League|Defender,pre_minutes_share,0.38829041534101416,True,6,False
0.6,Premier League|Defender,pre_squad_rate,0.4281297020789501,True,6,False
0.6,Premier League|Defender,pre_start_rate,-0.40484779885886213,True,6,False
0.6,Premier League|Defender,pre_npxg_xa,0.37285593132774847,True,6,False
0.6,Premier League|Defender,pre_injury_days,0.3073326007598405,True,6,False
0.6,Premier League|Defender,pre_club_ppg,0.5809880530398936,True,6,False
0.6,Premier League|Defender,pre_opponent_ppg,-0.010650797052351032,True,6,False
0.6,Premier League|Defender,pre_trend_minutes_share,-0.05552786004441309,True,6,False
0.6,Premier League|Defender,pre_trend_npxg_xa,0.07441257422064283,True,6,False
0.6,Premier League|Defender,missing_pre_npxg_xa,-1.0150753722950365,True,6,False
0.6,Premier League|Defender,missing_pre_trend_npxg_xa,-1.0150753722950365,True,6,False
0.6,Premier League|Midfield,intercept,-0.12179583477498232,True,6,False
0.6,Premier League|Midfield,age_at_world_cup,0.9208071343278434,True,6,False
0.6,Premier League|Midfield,market_value_log,1.228089280227923,True,6,False
0.6,Premier League|Midfield,pre_minutes_share,0.5850256161818473,True,6,False
0.6,Premier League|Midfield,pre_squad_rate,-0.5841505753703745,True,6,False
0.6,Premier League|Midfield,pre_start_rate,-0.38136053016540317,True,6,False
0.6,Premier League|Midfield,pre_npxg_xa,-0.5102608985781726,True,6,False
0.6,Premier League|Midfield,pre_injury_days,-0.9561127008205825,True,6,False
0.6,Premier League|Midfield,pre_club_ppg,0.7736460302697896,True,6,False
0.6,Premier League|Midfield,pre_opponent_ppg,0.4272045892364518,True,6,False
0.6,Premier League|Midfield,pre_trend_minutes_share,0.017292691355640377,True,6,False
0.6,Premier League|Midfield,pre_trend_npxg_xa,-0.06798746894639386,True,6,False
0.6,Premier League|Midfield,missing_pre_npxg_xa,-0.5346971289944876,True,6,False
0.6,Premier League|Midfield,missing_pre_trend_npxg_xa,-0.5346971289944876,True,6,False
0.6,Serie A|Attack,intercept,-1.4106624808853865,True,7,False
0.6,Serie A|Attack,age_at_world_cup,0.35324809735182233,True,7,False
0.6,Serie A|Attack,market_value_log,0.7972642817398683,True,7,False
0.6,Serie A|Attack,pre_minutes_share,-0.10013369493207973,True,7,False
0.6,Serie A|Attack,pre_squad_rate,-0.4469570864671131,True,7,False
0.6,Serie A|Attack,pre_start_rate,-0.15921702839023058,True,7,False
0.6,Serie A|Attack,pre_npxg_xa,0.43030422949013386,True,7,False
0.6,Serie A|Attack,pre_injury_days,-1.558797399865551,True,7,False
0.6,Serie A|Attack,pre_club_ppg,0.13740643006901662,True,7,False
0.6,Serie A|Attack,pre_opponent_ppg,-0.4875854392965668,True,7,False
0.6,Serie A|Attack,pre_trend_minutes_share,-0.0009303106075497877,True,7,False
0.6,Serie A|Attack,pre_trend_npxg_xa,-0.83891240518198,True,7,False
0.6,Serie A|Defender,intercept,-0.6922126167356226,True,6,False
0.6,Serie A|Defender,age_at_world_cup,0.33863956361752423,True,6,False
0.6,Serie A|Defender,market_value_log,0.7749195854449489,True,6,False
0.6,Serie A|Defender,pre_minutes_share,0.05539104417990665,True,6,False
0.6,Serie A|Defender,pre_squad_rate,0.270442826462066,True,6,False
0.6,Serie A|Defender,pre_start_rate,-0.09455421463225128,True,6,False
0.6,Serie A|Defender,pre_npxg_xa,-0.20209513511126398,True,6,False
0.6,Serie A|Defender,pre_injury_days,-0.6114943940706228,True,6,False
0.6,Serie A|Defender,pre_club_ppg,-0.11926658267804363,True,6,False
0.6,Serie A|Defender,pre_opponent_ppg,-0.20340866288059004,True,6,False
0.6,Serie A|Defender,pre_trend_minutes_share,0.24046996329446,True,6,False
0.6,Serie A|Defender,pre_trend_npxg_xa,-0.183147972168585,True,6,False
0.6,Serie A|Defender,missing_pre_npxg_xa,-0.36554719111756995,True,6,False
0.6,Serie A|Defender,missing_pre_trend_npxg_xa,-0.36554719111756995,True,6,False
0.6,Serie A|Midfield,intercept,-0.9300360255209715,True,6,False
0.6,Serie A|Midfield,age_at_world_cup,0.32954723292322236,True,6,False
0.6,Serie A|Midfield,market_value_log,0.9091603472375716,True,6,False
0.6,Serie A|Midfield,pre_minutes_share,0.29492250589579294,True,6,False
0.6,Serie A|Midfield,pre_squad_rate,-0.9450408197042144,True,6,False
0.6,Serie A|Midfield,pre_start_rate,-0.03973592787128136,True,6,False
0.6,Serie A|Midfield,pre_npxg_xa,0.5831800977422797,True,6,False
0.6,Serie A|Midfield,pre_injury_days,0.10070654363415056,True,6,False
0.6,Serie A|Midfield,pre_club_ppg,-0.0991737077478835,True,6,False
0.6,Serie A|Midfield,pre_opponent_ppg,0.30530158206271946,True,6,False
0.6,Serie A|Midfield,pre_trend_minutes_share,0.09869375711889843,True,6,False
0.6,Serie A|Midfield,pre_trend_npxg_xa,-0.2138301780096918,True,6,False
0.6,Serie A|Midfield,missing_pre_npxg_xa,0.1829519512673123,True,6,False
0.6,Serie A|Midfield,missing_pre_trend_npxg_xa,0.1829519512673123,True,6,False
0.7,Bundesliga|Attack,intercept,-1.7332115512446145,True,7,False
0.7,Bundesliga|Attack,age_at_world_cup,-0.2879521622401979,True,7,False
0.7,Bundesliga|Attack,market_value_log,0.38493244189905723,True,7,False
0.7,Bundesliga|Attack,pre_minutes_share,0.9457705084372545,True,7,False
0.7,Bundesliga|Attack,pre_squad_rate,-0.1911228086374743,True,7,False
0.7,Bundesliga|Attack,pre_start_rate,0.579613752534741,True,7,False
0.7,Bundesliga|Attack,pre_npxg_xa,-0.10646512689490807,True,7,False
0.7,Bundesliga|Attack,pre_injury_days,0.6466747393009482,True,7,False
0.7,Bundesliga|Attack,pre_club_ppg,1.3287019843599879,True,7,False
0.7,Bundesliga|Attack,pre_opponent_ppg,-0.961576591727315,True,7,False
0.7,Bundesliga|Attack,pre_trend_minutes_share,0.26307216175446163,True,7,False
0.7,Bundesliga|Attack,pre_trend_npxg_xa,-0.5027841524768818,True,7,False
0.7,Bundesliga|Attack,missing_pre_npxg_xa,-0.2876480832665422,True,7,False
0.7,Bundesliga|Attack,missing_pre_trend_npxg_xa,-0.2876480832665422,True,7,False
0.7,Bundesliga|Defender,intercept,-1.7786013305623822,True,7,False
0.7,Bundesliga|Defender,age_at_world_cup,0.27313808322757904,True,7,False
0.7,Bundesliga|Defender,market_value_log,1.862063131359311,True,7,False
0.7,Bundesliga|Defender,pre_minutes_share,0.20493391465822067,True,7,False
0.7,Bundesliga|Defender,pre_squad_rate,-0.895869645069942,True,7,False
0.7,Bundesliga|Defender,pre_start_rate,0.2697956272055985,True,7,False
0.7,Bundesliga|Defender,pre_npxg_xa,0.36155991054311015,True,7,False
0.7,Bundesliga|Defender,pre_injury_days,-0.4653099240003332,True,7,False
0.7,Bundesliga|Defender,pre_club_ppg,0.20267410997356697,True,7,False
0.7,Bundesliga|Defender,pre_opponent_ppg,0.026585468804858868,True,7,False
0.7,Bundesliga|Defender,pre_trend_minutes_share,0.5706495067650967,True,7,False
0.7,Bundesliga|Defender,pre_trend_npxg_xa,-0.4909134973774429,True,7,False
0.7,Bundesliga|Defender,missing_pre_npxg_xa,-0.46862375102487036,True,7,False
0.7,Bundesliga|Defender,missing_pre_trend_npxg_xa,-0.46862375102487036,True,7,False
0.7,Bundesliga|Midfield,intercept,-1.021554231209648,True,6,False
0.7,Bundesliga|Midfield,age_at_world_cup,0.6208959253539147,True,6,False
0.7,Bundesliga|Midfield,market_value_log,1.3595499672232274,True,6,False
0.7,Bundesliga|Midfield,pre_minutes_share,-0.17347395786957348,True,6,False
0.7,Bundesliga|Midfield,pre_squad_rate,-0.476246452379099,True,6,False
0.7,Bundesliga|Midfield,pre_start_rate,0.1682538156405366,True,6,False
0.7,Bundesliga|Midfield,pre_npxg_xa,0.2676391265611269,True,6,False
0.7,Bundesliga|Midfield,pre_injury_days,-0.08857754888029928,True,6,False
0.7,Bundesliga|Midfield,pre_club_ppg,0.4790906763704036,True,6,False
0.7,Bundesliga|Midfield,pre_opponent_ppg,0.514469310400467,True,6,False
0.7,Bundesliga|Midfield,pre_trend_minutes_share,-0.02267267138746186,True,6,False
0.7,Bundesliga|Midfield,pre_trend_npxg_xa,0.1678905791057688,True,6,False
0.7,Bundesliga|Midfield,missing_pre_npxg_xa,-0.3768893842246056,True,6,False
0.7,Bundesliga|Midfield,missing_pre_trend_npxg_xa,-0.3768893842246056,True,6,False
0.7,LaLiga|Attack,intercept,-1.560908314517457,True,7,False
0.7,LaLiga|Attack,age_at_world_cup,0.09656480488889492,True,7,False
0.7,LaLiga|Attack,market_value_log,1.7791731368384172,True,7,False
0.7,LaLiga|Attack,pre_minutes_share,-0.3297325298076121,True,7,False
0.7,LaLiga|Attack,pre_squad_rate,-0.650751192174142,True,7,False
0.7,LaLiga|Attack,pre_start_rate,-0.05031412692615726,True,7,False
0.7,LaLiga|Attack,pre_npxg_xa,0.835111638340962,True,7,False
0.7,LaLiga|Attack,pre_injury_days,0.0252492807947998,True,7,False
0.7,LaLiga|Attack,pre_club_ppg,0.30715445106321115,True,7,False
0.7,LaLiga|Attack,pre_opponent_ppg,0.4736408331106179,True,7,False
0.7,LaLiga|Attack,pre_trend_minutes_share,-0.4032585383706542,True,7,False
0.7,LaLiga|Attack,pre_trend_npxg_xa,0.026677822149362693,True,7,False
0.7,LaLiga|Attack,missing_pre_npxg_xa,-0.25386802121853386,True,7,False
0.7,LaLiga|Attack,missing_pre_trend_npxg_xa,-0.25386802121853386,True,7,False
0.7,LaLiga|Defender,intercept,-2.0837421180331703,True,7,False
0.7,LaLiga|Defender,age_at_world_cup,0.22572021652318938,True,7,False
0.7,LaLiga|Defender,market_value_log,0.9808156733742525,True,7,False
0.7,LaLiga|Defender,pre_minutes_share,0.6776300865152038,True,7,False
0.7,LaLiga|Defender,pre_squad_rate,-0.5400423437625652,True,7,False
0.7,LaLiga|Defender,pre_start_rate,-0.09817516537983619,True,7,False
0.7,LaLiga|Defender,pre_npxg_xa,-0.23041608600140134,True,7,False
0.7,LaLiga|Defender,pre_injury_days,-0.42639176028883674,True,7,False
0.7,LaLiga|Defender,pre_club_ppg,0.5232976068204247,True,7,False
0.7,LaLiga|Defender,pre_opponent_ppg,0.3421300023668575,True,7,False
0.7,LaLiga|Defender,pre_trend_minutes_share,0.06889566575873986,True,7,False
0.7,LaLiga|Defender,pre_trend_npxg_xa,0.19345406935902312,True,7,False
0.7,LaLiga|Defender,missing_pre_npxg_xa,-0.2847746700921302,True,7,False
0.7,LaLiga|Defender,missing_pre_trend_npxg_xa,-0.2847746700921302,True,7,False
0.7,LaLiga|Midfield,intercept,-1.801046662527305,True,7,False
0.7,LaLiga|Midfield,age_at_world_cup,0.601269461910514,True,7,False
0.7,LaLiga|Midfield,market_value_log,1.3542805329364491,True,7,False
0.7,LaLiga|Midfield,pre_minutes_share,-0.28241135208463136,True,7,False
0.7,LaLiga|Midfield,pre_squad_rate,0.4734495860453766,True,7,False
0.7,LaLiga|Midfield,pre_start_rate,0.27327458878054384,True,7,False
0.7,LaLiga|Midfield,pre_npxg_xa,-0.6064031326743934,True,7,False
0.7,LaLiga|Midfield,pre_injury_days,-0.13284627331333065,True,7,False
0.7,LaLiga|Midfield,pre_club_ppg,0.6342214306881566,True,7,False
0.7,LaLiga|Midfield,pre_opponent_ppg,-0.08528165492645497,True,7,False
0.7,LaLiga|Midfield,pre_trend_minutes_share,0.06349369275521592,True,7,False
0.7,LaLiga|Midfield,pre_trend_npxg_xa,0.18848002884278134,True,7,False
0.7,LaLiga|Midfield,missing_pre_npxg_xa,-0.04219977264802773,True,7,False
0.7,LaLiga|Midfield,missing_pre_trend_npxg_xa,-0.04219977264802773,True,7,False
0.7,Ligue 1|Attack,intercept,-2.0732003158078256,True,7,False
0.7,Ligue 1|Attack,age_at_world_cup,0.28691425628945405,True,7,False
0.7,Ligue 1|Attack,market_value_log,0.5278432502064457,True,7,False
0.7,Ligue 1|Attack,pre_minutes_share,-0.5652671846805798,True,7,False
0.7,Ligue 1|Attack,pre_squad_rate,0.14343205432357956,True,7,False
0.7,Ligue 1|Attack,pre_start_rate,-0.26014453281852723,True,7,False
0.7,Ligue 1|Attack,pre_npxg_xa,0.8346788622705911,True,7,False
0.7,Ligue 1|Attack,pre_injury_days,-0.8436432751408001,True,7,False
0.7,Ligue 1|Attack,pre_club_ppg,0.8306909429629838,True,7,False
0.7,Ligue 1|Attack,pre_opponent_ppg,0.2107069068681537,True,7,False
0.7,Ligue 1|Attack,pre_trend_minutes_share,0.5711818439578094,True,7,False
0.7,Ligue 1|Attack,pre_trend_npxg_xa,-0.9607154704105282,True,7,False
0.7,Ligue 1|Defender,intercept,-1.8335867886135364,True,7,False
0.7,Ligue 1|Defender,age_at_world_cup,0.07348921758301243,True,7,False
0.7,Ligue 1|Defender,market_value_log,0.768665363945914,True,7,False
0.7,Ligue 1|Defender,pre_minutes_share,-0.16156649872949877,True,7,False
0.7,Ligue 1|Defender,pre_squad_rate,-0.17021926495230197,True,7,False
0.7,Ligue 1|Defender,pre_start_rate,0.08807984835060559,True,7,False
0.7,Ligue 1|Defender,pre_npxg_xa,0.3195701341157481,True,7,False
0.7,Ligue 1|Defender,pre_injury_days,-0.6469604002347336,True,7,False
0.7,Ligue 1|Defender,pre_club_ppg,0.050331257417823135,True,7,False
0.7,Ligue 1|Defender,pre_opponent_ppg,-0.7616891685305124,True,7,False
0.7,Ligue 1|Defender,pre_trend_minutes_share,-0.005088162340386856,True,7,False
0.7,Ligue 1|Defender,pre_trend_npxg_xa,0.01107085565501746,True,7,False
0.7,Ligue 1|Defender,missing_pre_npxg_xa,-0.23350171979973108,True,7,False
0.7,Ligue 1|Defender,missing_pre_trend_npxg_xa,-0.23350171979973108,True,7,False
0.7,Ligue 1|Midfield,intercept,-2.1993528805034797,True,7,False
0.7,Ligue 1|Midfield,age_at_world_cup,0.09763839995045996,True,7,False
0.7,Ligue 1|Midfield,market_value_log,1.196731343098426,True,7,False
0.7,Ligue 1|Midfield,pre_minutes_share,0.6288592251234162,True,7,False
0.7,Ligue 1|Midfield,pre_squad_rate,-0.22285923796969695,True,7,False
0.7,Ligue 1|Midfield,pre_start_rate,-0.8411671789426853,True,7,False
0.7,Ligue 1|Midfield,pre_npxg_xa,0.20894995022649612,True,7,False
0.7,Ligue 1|Midfield,pre_injury_days,-0.4423217139659716,True,7,False
0.7,Ligue 1|Midfield,pre_club_ppg,0.40340721417313513,True,7,False
0.7,Ligue 1|Midfield,pre_opponent_ppg,0.16828406315644706,True,7,False
0.7,Ligue 1|Midfield,pre_trend_minutes_share,0.6282625881546599,True,7,False
0.7,Ligue 1|Midfield,pre_trend_npxg_xa,-0.37533371304436464,True,7,False
0.7,Ligue 1|Midfield,missing_pre_npxg_xa,-0.06705599949590407,True,7,False
0.7,Ligue 1|Midfield,missing_pre_trend_npxg_xa,-0.06705599949590407,True,7,False
0.7,Premier League|Attack,intercept,-0.49459655345371556,True,6,False
0.7,Premier League|Attack,age_at_world_cup,0.1577380044565997,True,6,False
0.7,Premier League|Attack,market_value_log,0.8408180682538011,True,6,False
0.7,Premier League|Attack,pre_minutes_share,-0.07875934465836511,True,6,False
0.7,Premier League|Attack,pre_squad_rate,-0.010383598774166121,True,6,False
0.7,Premier League|Attack,pre_start_rate,0.08175558572630295,True,6,False
0.7,Premier League|Attack,pre_npxg_xa,-0.2221375877515295,True,6,False
0.7,Premier League|Attack,pre_injury_days,-0.19512545580064752,True,6,False
0.7,Premier League|Attack,pre_club_ppg,1.1726412174562675,True,6,False
0.7,Premier League|Attack,pre_opponent_ppg,-0.1505649130420672,True,6,False
0.7,Premier League|Attack,pre_trend_minutes_share,0.4537986585654215,True,6,False
0.7,Premier League|Attack,pre_trend_npxg_xa,0.32332293128361517,True,6,False
0.7,Premier League|Defender,intercept,-0.3348971906235216,True,6,False
0.7,Premier League|Defender,age_at_world_cup,0.24068615355882553,True,6,False
0.7,Premier League|Defender,market_value_log,0.8196042875311315,True,6,False
0.7,Premier League|Defender,pre_minutes_share,0.3485746742989234,True,6,False
0.7,Premier League|Defender,pre_squad_rate,0.4214982781513854,True,6,False
0.7,Premier League|Defender,pre_start_rate,-0.36143940250942513,True,6,False
0.7,Premier League|Defender,pre_npxg_xa,0.369340763607709,True,6,False
0.7,Premier League|Defender,pre_injury_days,0.304518675224793,True,6,False
0.7,Premier League|Defender,pre_club_ppg,0.575224468322834,True,6,False
0.7,Premier League|Defender,pre_opponent_ppg,-0.00854449207890023,True,6,False
0.7,Premier League|Defender,pre_trend_minutes_share,-0.05555839953343465,True,6,False
0.7,Premier League|Defender,pre_trend_npxg_xa,0.07461278972051233,True,6,False
0.7,Premier League|Defender,missing_pre_npxg_xa,-0.9464170104639772,True,6,False
0.7,Premier League|Defender,missing_pre_trend_npxg_xa,-0.9464170104639772,True,6,False
0.7,Premier League|Midfield,intercept,-0.12208880335100948,True,6,False
0.7,Premier League|Midfield,age_at_world_cup,0.8982788688183231,True,6,False
0.7,Premier League|Midfield,market_value_log,1.2009011088222816,True,6,False
0.7,Premier League|Midfield,pre_minutes_share,0.5348445078529575,True,6,False
0.7,Premier League|Midfield,pre_squad_rate,-0.562485451604692,True,6,False
0.7,Premier League|Midfield,pre_start_rate,-0.3356438819889597,True,6,False
0.7,Premier League|Midfield,pre_npxg_xa,-0.49529093761094406,True,6,False
0.7,Premier League|Midfield,pre_injury_days,-0.9290727316265902,True,6,False
0.7,Premier League|Midfield,pre_club_ppg,0.7604503263189513,True,6,False
0.7,Premier League|Midfield,pre_opponent_ppg,0.42005910489951787,True,6,False
0.7,Premier League|Midfield,pre_trend_minutes_share,0.015114669966477659,True,6,False
0.7,Premier League|Midfield,pre_trend_npxg_xa,-0.06831911174781993,True,6,False
0.7,Premier League|Midfield,missing_pre_npxg_xa,-0.4875384964456081,True,6,False
0.7,Premier League|Midfield,missing_pre_trend_npxg_xa,-0.4875384964456081,True,6,False
0.7,Serie A|Attack,intercept,-1.375156082202259,True,7,False
0.7,Serie A|Attack,age_at_world_cup,0.3400982094402345,True,7,False
0.7,Serie A|Attack,market_value_log,0.7559574148669456,True,7,False
0.7,Serie A|Attack,pre_minutes_share,-0.09706441363885772,True,7,False
0.7,Serie A|Attack,pre_squad_rate,-0.4252444388935248,True,7,False
0.7,Serie A|Attack,pre_start_rate,-0.13314575878169882,True,7,False
0.7,Serie A|Attack,pre_npxg_xa,0.4268177270408821,True,7,False
0.7,Serie A|Attack,pre_injury_days,-1.460727901803299,True,7,False
0.7,Serie A|Attack,pre_club_ppg,0.14908929978265695,True,7,False
0.7,Serie A|Attack,pre_opponent_ppg,-0.4633570639506278,True,7,False
0.7,Serie A|Attack,pre_trend_minutes_share,-0.0196170948284541,True,7,False
0.7,Serie A|Attack,pre_trend_npxg_xa,-0.8000809754907813,True,7,False
0.7,Serie A|Defender,intercept,-0.6897809766172532,True,6,False
0.7,Serie A|Defender,age_at_world_cup,0.32441030166031776,True,6,False
0.7,Serie A|Defender,market_value_log,0.7502882882715627,True,6,False
0.7,Serie A|Defender,pre_minutes_share,0.054564324087287126,True,6,False
0.7,Serie A|Defender,pre_squad_rate,0.2667307121509195,True,6,False
0.7,Serie A|Defender,pre_start_rate,-0.08640562041920735,True,6,False
0.7,Serie A|Defender,pre_npxg_xa,-0.19455915859404402,True,6,False
0.7,Serie A|Defender,pre_injury_days,-0.5952858147939942,True,6,False
0.7,Serie A|Defender,pre_club_ppg,-0.10377241338380146,True,6,False
0.7,Serie A|Defender,pre_opponent_ppg,-0.1991890011469225,True,6,False
0.7,Serie A|Defender,pre_trend_minutes_share,0.2339291957574365,True,6,False
0.7,Serie A|Defender,pre_trend_npxg_xa,-0.1804190619770886,True,6,False
0.7,Serie A|Defender,missing_pre_npxg_xa,-0.3468535457160803,True,6,False
0.7,Serie A|Defender,missing_pre_trend_npxg_xa,-0.3468535457160803,True,6,False
0.7,Serie A|Midfield,intercept,-0.9238272719039305,True,6,False
0.7,Serie A|Midfield,age_at_world_cup,0.32084934916999447,True,6,False
0.7,Serie A|Midfield,market_value_log,0.8845990465151935,True,6,False
0.7,Serie A|Midfield,pre_minutes_share,0.2796501646009458,True,6,False
0.7,Serie A|Midfield,pre_squad_rate,-0.9306582122535182,True,6,False
0.7,Serie A|Midfield,pre_start_rate,-0.019797748451986105,True,6,False
0.7,Serie A|Midfield,pre_npxg_xa,0.5708974394343829,True,6,False
0.7,Serie A|Midfield,pre_injury_days,0.10589512355335218,True,6,False
0.7,Serie A|Midfield,pre_club_ppg,-0.08211436308231299,True,6,False
0.7,Serie A|Midfield,pre_opponent_ppg,0.3030014502205561,True,6,False
0.7,Serie A|Midfield,pre_trend_minutes_share,0.0947402240488432,True,6,False
0.7,Serie A|Midfield,pre_trend_npxg_xa,-0.21320815638963536,True,6,False
0.7,Serie A|Midfield,missing_pre_npxg_xa,0.16473297587836655,True,6,False
0.7,Serie A|Midfield,missing_pre_trend_npxg_xa,0.16473297587836655,True,6,False
0.8,Bundesliga|Attack,intercept,-1.691043361672876,True,7,False
0.8,Bundesliga|Attack,age_at_world_cup,-0.2774045428799046,True,7,False
0.8,Bundesliga|Attack,market_value_log,0.3935950553657299,True,7,False
0.8,Bundesliga|Attack,pre_minutes_share,0.8785645260274292,True,7,False
0.8,Bundesliga|Attack,pre_squad_rate,-0.18066645754515004,True,7,False
0.8,Bundesliga|Attack,pre_start_rate,0.5551531348578753,True,7,False
0.8,Bundesliga|Attack,pre_npxg_xa,-0.07106599765397474,True,7,False
0.8,Bundesliga|Attack,pre_injury_days,0.621578327236106,True,7,False
0.8,Bundesliga|Attack,pre_club_ppg,1.272803620793403,True,7,False
0.8,Bundesliga|Attack,pre_opponent_ppg,-0.9272018799161393,True,7,False
0.8,Bundesliga|Attack,pre_trend_minutes_share,0.25144601446333087,True,7,False
0.8,Bundesliga|Attack,pre_trend_npxg_xa,-0.4812155499502052,True,7,False
0.8,Bundesliga|Attack,missing_pre_npxg_xa,-0.26503639550923114,True,7,False
0.8,Bundesliga|Attack,missing_pre_trend_npxg_xa,-0.26503639550923114,True,7,False
0.8,Bundesliga|Defender,intercept,-1.7561368403715008,True,7,False
0.8,Bundesliga|Defender,age_at_world_cup,0.2538347453860139,True,7,False
0.8,Bundesliga|Defender,market_value_log,1.8109651174072854,True,7,False
0.8,Bundesliga|Defender,pre_minutes_share,0.19672332989609803,True,7,False
0.8,Bundesliga|Defender,pre_squad_rate,-0.858232158181072,True,7,False
0.8,Bundesliga|Defender,pre_start_rate,0.2617886553741504,True,7,False
0.8,Bundesliga|Defender,pre_npxg_xa,0.3600695192245782,True,7,False
0.8,Bundesliga|Defender,pre_injury_days,-0.44221027627539583,True,7,False
0.8,Bundesliga|Defender,pre_club_ppg,0.21737140176543207,True,7,False
0.8,Bundesliga|Defender,pre_opponent_ppg,0.03249403076342904,True,7,False
0.8,Bundesliga|Defender,pre_trend_minutes_share,0.5549585976459805,True,7,False
0.8,Bundesliga|Defender,pre_trend_npxg_xa,-0.4842534929106301,True,7,False
0.8,Bundesliga|Defender,missing_pre_npxg_xa,-0.43364251260609576,True,7,False
0.8,Bundesliga|Defender,missing_pre_trend_npxg_xa,-0.43364251260609576,True,7,False
0.8,Bundesliga|Midfield,intercept,-1.0131483341529732,True,6,False
0.8,Bundesliga|Midfield,age_at_world_cup,0.6007339051382435,True,6,False
0.8,Bundesliga|Midfield,market_value_log,1.3279355886421509,True,6,False
0.8,Bundesliga|Midfield,pre_minutes_share,-0.1483836541161483,True,6,False
0.8,Bundesliga|Midfield,pre_squad_rate,-0.468460969608187,True,6,False
0.8,Bundesliga|Midfield,pre_start_rate,0.1481476613911895,True,6,False
0.8,Bundesliga|Midfield,pre_npxg_xa,0.2688724119488493,True,6,False
0.8,Bundesliga|Midfield,pre_injury_days,-0.08235804831910566,True,6,False
0.8,Bundesliga|Midfield,pre_club_ppg,0.4765808024609455,True,6,False
0.8,Bundesliga|Midfield,pre_opponent_ppg,0.503829775263265,True,6,False
0.8,Bundesliga|Midfield,pre_trend_minutes_share,-0.023043703687859306,True,6,False
0.8,Bundesliga|Midfield,pre_trend_npxg_xa,0.16223645162431885,True,6,False
0.8,Bundesliga|Midfield,missing_pre_npxg_xa,-0.34709851798518027,True,6,False
0.8,Bundesliga|Midfield,missing_pre_trend_npxg_xa,-0.34709851798518027,True,6,False
0.8,LaLiga|Attack,intercept,-1.5449455102499239,True,7,False
0.8,LaLiga|Attack,age_at_world_cup,0.08374603909234332,True,7,False
0.8,LaLiga|Attack,market_value_log,1.7306967395790036,True,7,False
0.8,LaLiga|Attack,pre_minutes_share,-0.31648176501990133,True,7,False
0.8,LaLiga|Attack,pre_squad_rate,-0.6377215199792307,True,7,False
0.8,LaLiga|Attack,pre_start_rate,-0.05281722382440223,True,7,False
0.8,LaLiga|Attack,pre_npxg_xa,0.8225866927068721,True,7,False
0.8,LaLiga|Attack,pre_injury_days,0.027850766040142545,True,7,False
0.8,LaLiga|Attack,pre_club_ppg,0.3159895615029112,True,7,False
0.8,LaLiga|Attack,pre_opponent_ppg,0.4668593419091672,True,7,False
0.8,LaLiga|Attack,pre_trend_minutes_share,-0.3929959862161183,True,7,False
0.8,LaLiga|Attack,pre_trend_npxg_xa,0.020763995010447605,True,7,False
0.8,LaLiga|Attack,missing_pre_npxg_xa,-0.24517531236389672,True,7,False
0.8,LaLiga|Attack,missing_pre_trend_npxg_xa,-0.24517531236389672,True,7,False
0.8,LaLiga|Defender,intercept,-2.0749208915818693,True,7,False
0.8,LaLiga|Defender,age_at_world_cup,0.22261739684725285,True,7,False
0.8,LaLiga|Defender,market_value_log,0.9703819507608749,True,7,False
0.8,LaLiga|Defender,pre_minutes_share,0.6347810994968781,True,7,False
0.8,LaLiga|Defender,pre_squad_rate,-0.5246048867928367,True,7,False
0.8,LaLiga|Defender,pre_start_rate,-0.06399242158807691,True,7,False
0.8,LaLiga|Defender,pre_npxg_xa,-0.2253889331609879,True,7,False
0.8,LaLiga|Defender,pre_injury_days,-0.4137709399069266,True,7,False
0.8,LaLiga|Defender,pre_club_ppg,0.5202750195438784,True,7,False
0.8,LaLiga|Defender,pre_opponent_ppg,0.33770953048885316,True,7,False
0.8,LaLiga|Defender,pre_trend_minutes_share,0.07121785198090928,True,7,False
0.8,LaLiga|Defender,pre_trend_npxg_xa,0.18851782099929376,True,7,False
0.8,LaLiga|Defender,missing_pre_npxg_xa,-0.27358795014826703,True,7,False
0.8,LaLiga|Defender,missing_pre_trend_npxg_xa,-0.27358795014826703,True,7,False
0.8,LaLiga|Midfield,intercept,-1.7870235432925319,True,7,False
0.8,LaLiga|Midfield,age_at_world_cup,0.5778940648949822,True,7,False
0.8,LaLiga|Midfield,market_value_log,1.315340220220328,True,7,False
0.8,LaLiga|Midfield,pre_minutes_share,-0.2514971736830476,True,7,False
0.8,LaLiga|Midfield,pre_squad_rate,0.4515961945641111,True,7,False
0.8,LaLiga|Midfield,pre_start_rate,0.24912299367610033,True,7,False
0.8,LaLiga|Midfield,pre_npxg_xa,-0.5879515475656925,True,7,False
0.8,LaLiga|Midfield,pre_injury_days,-0.13653539934282394,True,7,False
0.8,LaLiga|Midfield,pre_club_ppg,0.6390327351700469,True,7,False
0.8,LaLiga|Midfield,pre_opponent_ppg,-0.08362836944426706,True,7,False
0.8,LaLiga|Midfield,pre_trend_minutes_share,0.06735622079063258,True,7,False
0.8,LaLiga|Midfield,pre_trend_npxg_xa,0.18305224114570573,True,7,False
0.8,LaLiga|Midfield,missing_pre_npxg_xa,-0.03911350595294225,True,7,False
0.8,LaLiga|Midfield,missing_pre_trend_npxg_xa,-0.03911350595294225,True,7,False
0.8,Ligue 1|Attack,intercept,-2.037815441098451,True,7,False
0.8,Ligue 1|Attack,age_at_world_cup,0.27784545342594086,True,7,False
0.8,Ligue 1|Attack,market_value_log,0.5244265403639878,True,7,False
0.8,Ligue 1|Attack,pre_minutes_share,-0.5269344125514246,True,7,False
0.8,Ligue 1|Attack,pre_squad_rate,0.14027744641342177,True,7,False
0.8,Ligue 1|Attack,pre_start_rate,-0.25988331855401714,True,7,False
0.8,Ligue 1|Attack,pre_npxg_xa,0.8011616634113341,True,7,False
0.8,Ligue 1|Attack,pre_injury_days,-0.8036335986573797,True,7,False
0.8,Ligue 1|Attack,pre_club_ppg,0.80717322618387,True,7,False
0.8,Ligue 1|Attack,pre_opponent_ppg,0.20523884442364135,True,7,False
0.8,Ligue 1|Attack,pre_trend_minutes_share,0.5439580451845168,True,7,False
0.8,Ligue 1|Attack,pre_trend_npxg_xa,-0.9212689029896998,True,7,False
0.8,Ligue 1|Defender,intercept,-1.824039690476638,True,7,False
0.8,Ligue 1|Defender,age_at_world_cup,0.06429496493491936,True,7,False
0.8,Ligue 1|Defender,market_value_log,0.7513718367280637,True,7,False
0.8,Ligue 1|Defender,pre_minutes_share,-0.14603846818599323,True,7,False
0.8,Ligue 1|Defender,pre_squad_rate,-0.16366515464010417,True,7,False
0.8,Ligue 1|Defender,pre_start_rate,0.08062065958826953,True,7,False
0.8,Ligue 1|Defender,pre_npxg_xa,0.31464295662284003,True,7,False
0.8,Ligue 1|Defender,pre_injury_days,-0.6206156986927093,True,7,False
0.8,Ligue 1|Defender,pre_club_ppg,0.05987401966451362,True,7,False
0.8,Ligue 1|Defender,pre_opponent_ppg,-0.749107912847246,True,7,False
0.8,Ligue 1|Defender,pre_trend_minutes_share,-0.0073646258462129015,True,7,False
0.8,Ligue 1|Defender,pre_trend_npxg_xa,0.011862337310753522,True,7,False
0.8,Ligue 1|Defender,missing_pre_npxg_xa,-0.2148103414710884,True,7,False
0.8,Ligue 1|Defender,missing_pre_trend_npxg_xa,-0.2148103414710884,True,7,False
0.8,Ligue 1|Midfield,intercept,-2.175736769440948,True,7,False
0.8,Ligue 1|Midfield,age_at_world_cup,0.09223526562966004,True,7,False
0.8,Ligue 1|Midfield,market_value_log,1.1645108693374804,True,7,False
0.8,Ligue 1|Midfield,pre_minutes_share,0.5615338506824928,True,7,False
0.8,Ligue 1|Midfield,pre_squad_rate,-0.2030098884329555,True,7,False
0.8,Ligue 1|Midfield,pre_start_rate,-0.7694564508406886,True,7,False
0.8,Ligue 1|Midfield,pre_npxg_xa,0.21305075748492128,True,7,False
0.8,Ligue 1|Midfield,pre_injury_days,-0.4209276353305109,True,7,False
0.8,Ligue 1|Midfield,pre_club_ppg,0.40444870106023184,True,7,False
0.8,Ligue 1|Midfield,pre_opponent_ppg,0.1633166288856982,True,7,False
0.8,Ligue 1|Midfield,pre_trend_minutes_share,0.6033044335481893,True,7,False
0.8,Ligue 1|Midfield,pre_trend_npxg_xa,-0.3594264826842042,True,7,False
0.8,Ligue 1|Midfield,missing_pre_npxg_xa,-0.062190136389604786,True,7,False
0.8,Ligue 1|Midfield,missing_pre_trend_npxg_xa,-0.062190136389604786,True,7,False
0.8,Premier League|Attack,intercept,-0.4926297304549734,True,6,False
0.8,Premier League|Attack,age_at_world_cup,0.15093359889961105,True,6,False
0.8,Premier League|Attack,market_value_log,0.8239941138171849,True,6,False
0.8,Premier League|Attack,pre_minutes_share,-0.07284657574792558,True,6,False
0.8,Premier League|Attack,pre_squad_rate,-0.012122669780485743,True,6,False
0.8,Premier League|Attack,pre_start_rate,0.07563315395742308,True,6,False
0.8,Premier League|Attack,pre_npxg_xa,-0.20894084663876775,True,6,False
0.8,Premier League|Attack,pre_injury_days,-0.1900827488827045,True,6,False
0.8,Premier League|Attack,pre_club_ppg,1.1480822244762152,True,6,False
0.8,Premier League|Attack,pre_opponent_ppg,-0.1441551765841008,True,6,False
0.8,Premier League|Attack,pre_trend_minutes_share,0.4449185190165151,True,6,False
0.8,Premier League|Attack,pre_trend_npxg_xa,0.3117215038666492,True,6,False
0.8,Premier League|Defender,intercept,-0.33556295341232195,True,6,False
0.8,Premier League|Defender,age_at_world_cup,0.23654162653696728,True,6,False
0.8,Premier League|Defender,market_value_log,0.8079356931180529,True,6,False
0.8,Premier League|Defender,pre_minutes_share,0.3171352366517819,True,6,False
0.8,Premier League|Defender,pre_squad_rate,0.41514213518570064,True,6,False
0.8,Premier League|Defender,pre_start_rate,-0.32617333315273295,True,6,False
0.8,Premier League|Defender,pre_npxg_xa,0.3660186797822736,True,6,False
0.8,Premier League|Defender,pre_injury_days,0.30192782599931395,True,6,False
0.8,Premier League|Defender,pre_club_ppg,0.5701878992889241,True,6,False
0.8,Premier League|Defender,pre_opponent_ppg,-0.006703158473975636,True,6,False
0.8,Premier League|Defender,pre_trend_minutes_share,-0.05573881212195165,True,6,False
0.8,Premier League|Defender,pre_trend_npxg_xa,0.07490273045746819,True,6,False
0.8,Premier League|Defender,missing_pre_npxg_xa,-0.8883226034045036,True,6,False
0.8,Premier League|Defender,missing_pre_trend_npxg_xa,-0.8883226034045036,True,6,False
0.8,Premier League|Midfield,intercept,-0.12233642848959315,True,6,False
0.8,Premier League|Midfield,age_at_world_cup,0.8777144750920718,True,6,False
0.8,Premier League|Midfield,market_value_log,1.1758769613901148,True,6,False
0.8,Premier League|Midfield,pre_minutes_share,0.49412822269958795,True,6,False
0.8,Premier League|Midfield,pre_squad_rate,-0.5428235432893532,True,6,False
0.8,Premier League|Midfield,pre_start_rate,-0.2984805121810768,True,6,False
0.8,Premier League|Midfield,pre_npxg_xa,-0.4814785207736942,True,6,False
0.8,Premier League|Midfield,pre_injury_days,-0.9040094649895537,True,6,False
0.8,Premier League|Midfield,pre_club_ppg,0.7481404309560498,True,6,False
0.8,Premier League|Midfield,pre_opponent_ppg,0.413602608717575,True,6,False
0.8,Premier League|Midfield,pre_trend_minutes_share,0.013107420462197308,True,6,False
0.8,Premier League|Midfield,pre_trend_npxg_xa,-0.06863870036211751,True,6,False
0.8,Premier League|Midfield,missing_pre_npxg_xa,-0.4485331342742156,True,6,False
0.8,Premier League|Midfield,missing_pre_trend_npxg_xa,-0.4485331342742156,True,6,False
0.8,Serie A|Attack,intercept,-1.3453891433581204,True,7,False
0.8,Serie A|Attack,age_at_world_cup,0.3290345798881737,True,7,False
0.8,Serie A|Attack,market_value_log,0.7215037623073228,True,7,False
0.8,Serie A|Attack,pre_minutes_share,-0.09302523440874769,True,7,False
0.8,Serie A|Attack,pre_squad_rate,-0.40700335056524767,True,7,False
0.8,Serie A|Attack,pre_start_rate,-0.1123318561916231,True,7,False
0.8,Serie A|Attack,pre_npxg_xa,0.42295550099672724,True,7,False
0.8,Serie A|Attack,pre_injury_days,-1.3779531282387127,True,7,False
0.8,Serie A|Attack,pre_club_ppg,0.15887112197140052,True,7,False
0.8,Serie A|Attack,pre_opponent_ppg,-0.4424160681833926,True,7,False
0.8,Serie A|Attack,pre_trend_minutes_share,-0.035476558949761934,True,7,False
0.8,Serie A|Attack,pre_trend_npxg_xa,-0.7666652328691915,True,7,False
0.8,Serie A|Defender,intercept,-0.6875216626434881,True,6,False
0.8,Serie A|Defender,age_at_world_cup,0.31143614627459065,True,6,False
0.8,Serie A|Defender,market_value_log,0.7277148976576265,True,6,False
0.8,Serie A|Defender,pre_minutes_share,0.054086485518136,True,6,False
0.8,Serie A|Defender,pre_squad_rate,0.2632152564025556,True,6,False
0.8,Serie A|Defender,pre_start_rate,-0.0791871285130086,True,6,False
0.8,Serie A|Defender,pre_npxg_xa,-0.18759818866182804,True,6,False
0.8,Serie A|Defender,pre_injury_days,-0.5803561489206935,True,6,False
0.8,Serie A|Defender,pre_club_ppg,-0.08968194473353118,True,6,False
0.8,Serie A|Defender,pre_opponent_ppg,-0.19536023828177312,True,6,False
0.8,Serie A|Defender,pre_trend_minutes_share,0.22793435212067942,True,6,False
0.8,Serie A|Defender,pre_trend_npxg_xa,-0.1778763508618355,True,6,False
0.8,Serie A|Defender,missing_pre_npxg_xa,-0.33014535510299436,True,6,False
0.8,Serie A|Defender,missing_pre_trend_npxg_xa,-0.33014535510299436,True,6,False
0.8,Serie A|Midfield,intercept,-0.9180270753977721,True,6,False
0.8,Serie A|Midfield,age_at_world_cup,0.31263335903478295,True,6,False
0.8,Serie A|Midfield,market_value_log,0.86216634441264,True,6,False
0.8,Serie A|Midfield,pre_minutes_share,0.2671116489182273,True,6,False
0.8,Serie A|Midfield,pre_squad_rate,-0.9169349627950297,True,6,False
0.8,Serie A|Midfield,pre_start_rate,-0.0033981608703656145,True,6,False
0.8,Serie A|Midfield,pre_npxg_xa,0.5597827722122393,True,6,False
0.8,Serie A|Midfield,pre_injury_days,0.1105772343039556,True,6,False
0.8,Serie A|Midfield,pre_club_ppg,-0.06709335773690993,True,6,False
0.8,Serie A|Midfield,pre_opponent_ppg,0.30068306167043996,True,6,False
0.8,Serie A|Midfield,pre_trend_minutes_share,0.09084085169957211,True,6,False
0.8,Serie A|Midfield,pre_trend_npxg_xa,-0.2125078607236645,True,6,False
0.8,Serie A|Midfield,missing_pre_npxg_xa,0.15018820905032518,True,6,False
0.8,Serie A|Midfield,missing_pre_trend_npxg_xa,0.15018820905032518,True,6,False
1.0,Bundesliga|Attack,intercept,-1.6216974956860573,True,7,False
1.0,Bundesliga|Attack,age_at_world_cup,-0.26065278497717903,True,7,False
1.0,Bundesliga|Attack,market_value_log,0.40619861107817334,True,7,False
1.0,Bundesliga|Attack,pre_minutes_share,0.77488817750694,True,7,False
1.0,Bundesliga|Attack,pre_squad_rate,-0.16479117699645462,True,7,False
1.0,Bundesliga|Attack,pre_start_rate,0.5135201585095894,True,7,False
1.0,Bundesliga|Attack,pre_npxg_xa,-0.017483629446683715,True,7,False
1.0,Bundesliga|Attack,pre_injury_days,0.5794369249253715,True,7,False
1.0,Bundesliga|Attack,pre_club_ppg,1.1819429893459137,True,7,False
1.0,Bundesliga|Attack,pre_opponent_ppg,-0.870314466721993,True,7,False
1.0,Bundesliga|Attack,pre_trend_minutes_share,0.23096662450692904,True,7,False
1.0,Bundesliga|Attack,pre_trend_npxg_xa,-0.44396401032585014,True,7,False
1.0,Bundesliga|Attack,missing_pre_npxg_xa,-0.2308186780127804,True,7,False
1.0,Bundesliga|Attack,missing_pre_trend_npxg_xa,-0.2308186780127804,True,7,False
1.0,Bundesliga|Defender,intercept,-1.7174366152173017,True,7,False
1.0,Bundesliga|Defender,age_at_world_cup,0.22102259165121418,True,7,False
1.0,Bundesliga|Defender,market_value_log,1.7218536432774028,True,7,False
1.0,Bundesliga|Defender,pre_minutes_share,0.18353777338906369,True,7,False
1.0,Bundesliga|Defender,pre_squad_rate,-0.7945427563603183,True,7,False
1.0,Bundesliga|Defender,pre_start_rate,0.24784140715711225,True,7,False
1.0,Bundesliga|Defender,pre_npxg_xa,0.35724495441687776,True,7,False
1.0,Bundesliga|Defender,pre_injury_days,-0.4040305745611889,True,7,False
1.0,Bundesliga|Defender,pre_club_ppg,0.24158897262300688,True,7,False
1.0,Bundesliga|Defender,pre_opponent_ppg,0.04143187103885238,True,7,False
1.0,Bundesliga|Defender,pre_trend_minutes_share,0.5271710856015003,True,7,False
1.0,Bundesliga|Defender,pre_trend_npxg_xa,-0.4721476117008395,True,7,False
1.0,Bundesliga|Defender,missing_pre_npxg_xa,-0.3778563310109473,True,7,False
1.0,Bundesliga|Defender,missing_pre_trend_npxg_xa,-0.3778563310109473,True,7,False
1.0,Bundesliga|Midfield,intercept,-0.9980302679008017,True,6,False
1.0,Bundesliga|Midfield,age_at_world_cup,0.5648074529835562,True,6,False
1.0,Bundesliga|Midfield,market_value_log,1.2719353902369388,True,6,False
1.0,Bundesliga|Midfield,pre_minutes_share,-0.11055920085866132,True,6,False
1.0,Bundesliga|Midfield,pre_squad_rate,-0.45374579280373545,True,6,False
1.0,Bundesliga|Midfield,pre_start_rate,0.11898396330845515,True,6,False
1.0,Bundesliga|Midfield,pre_npxg_xa,0.269984616664149,True,6,False
1.0,Bundesliga|Midfield,pre_injury_days,-0.07108774800891095,True,6,False
1.0,Bundesliga|Midfield,pre_club_ppg,0.47129718764099604,True,6,False
1.0,Bundesliga|Midfield,pre_opponent_ppg,0.48422093674443795,True,6,False
1.0,Bundesliga|Midfield,pre_trend_minutes_share,-0.02383706548610302,True,6,False
1.0,Bundesliga|Midfield,pre_trend_npxg_xa,0.15279002927589938,True,6,False
1.0,Bundesliga|Midfield,missing_pre_npxg_xa,-0.3006807345927185,True,6,False
1.0,Bundesliga|Midfield,missing_pre_trend_npxg_xa,-0.3006807345927185,True,6,False
1.0,LaLiga|Attack,intercept,-1.5170110015110831,True,7,False
1.0,LaLiga|Attack,age_at_world_cup,0.061762136465020476,True,7,False
1.0,LaLiga|Attack,market_value_log,1.645825546153058,True,7,False
1.0,LaLiga|Attack,pre_minutes_share,-0.29340761307642704,True,7,False
1.0,LaLiga|Attack,pre_squad_rate,-0.6141617967284495,True,7,False
1.0,LaLiga|Attack,pre_start_rate,-0.05627227778366745,True,7,False
1.0,LaLiga|Attack,pre_npxg_xa,0.799254291074635,True,7,False
1.0,LaLiga|Attack,pre_injury_days,0.032257426899362986,True,7,False
1.0,LaLiga|Attack,pre_club_ppg,0.33008109056450735,True,7,False
1.0,LaLiga|Attack,pre_opponent_ppg,0.45360583905659796,True,7,False
1.0,LaLiga|Attack,pre_trend_minutes_share,-0.37534388341802527,True,7,False
1.0,LaLiga|Attack,pre_trend_npxg_xa,0.010708152013812538,True,7,False
1.0,LaLiga|Attack,missing_pre_npxg_xa,-0.22957710337858328,True,7,False
1.0,LaLiga|Attack,missing_pre_trend_npxg_xa,-0.22957710337858328,True,7,False
1.0,LaLiga|Defender,intercept,-2.0584521037934596,True,7,False
1.0,LaLiga|Defender,age_at_world_cup,0.2158611900792579,True,7,False
1.0,LaLiga|Defender,market_value_log,0.9507171635564281,True,7,False
1.0,LaLiga|Defender,pre_minutes_share,0.5690138437369665,True,7,False
1.0,LaLiga|Defender,pre_squad_rate,-0.4976079402098389,True,7,False
1.0,LaLiga|Defender,pre_start_rate,-0.013974340696845567,True,7,False
1.0,LaLiga|Defender,pre_npxg_xa,-0.2159446012578871,True,7,False
1.0,LaLiga|Defender,pre_injury_days,-0.39071323220817916,True,7,False
1.0,LaLiga|Defender,pre_club_ppg,0.514493784616546,True,7,False
1.0,LaLiga|Defender,pre_opponent_ppg,0.32930870898311687,True,7,False
1.0,LaLiga|Defender,pre_trend_minutes_share,0.07420234442128971,True,7,False
1.0,LaLiga|Defender,pre_trend_npxg_xa,0.1796016248006968,True,7,False
1.0,LaLiga|Defender,missing_pre_npxg_xa,-0.2542797877305268,True,7,False
1.0,LaLiga|Defender,missing_pre_trend_npxg_xa,-0.2542797877305268,True,7,False
1.0,LaLiga|Midfield,intercept,-1.7624081300920857,True,7,False
1.0,LaLiga|Midfield,age_at_world_cup,0.5366758850935006,True,7,False
1.0,LaLiga|Midfield,market_value_log,1.247224785744542,True,7,False
1.0,LaLiga|Midfield,pre_minutes_share,-0.20388991672417028,True,7,False
1.0,LaLiga|Midfield,pre_squad_rate,0.41418065399300086,True,7,False
1.0,LaLiga|Midfield,pre_start_rate,0.21292679215844348,True,7,False
1.0,LaLiga|Midfield,pre_npxg_xa,-0.5552492464190216,True,7,False
1.0,LaLiga|Midfield,pre_injury_days,-0.14145735744737115,True,7,False
1.0,LaLiga|Midfield,pre_club_ppg,0.6462237616402522,True,7,False
1.0,LaLiga|Midfield,pre_opponent_ppg,-0.0811739947820476,True,7,False
1.0,LaLiga|Midfield,pre_trend_minutes_share,0.07375107121246989,True,7,False
1.0,LaLiga|Midfield,pre_trend_npxg_xa,0.17409076368075785,True,7,False
1.0,LaLiga|Midfield,missing_pre_npxg_xa,-0.03447022609545547,True,7,False
1.0,LaLiga|Midfield,missing_pre_trend_npxg_xa,-0.03447022609545547,True,7,False
1.0,Ligue 1|Attack,intercept,-1.979409430542392,True,7,False
1.0,Ligue 1|Attack,age_at_world_cup,0.2615432206575929,True,7,False
1.0,Ligue 1|Attack,market_value_log,0.5162633763933668,True,7,False
1.0,Ligue 1|Attack,pre_minutes_share,-0.4664433185086099,True,7,False
1.0,Ligue 1|Attack,pre_squad_rate,0.13443452450822477,True,7,False
1.0,Ligue 1|Attack,pre_start_rate,-0.2550058276515304,True,7,False
1.0,Ligue 1|Attack,pre_npxg_xa,0.7458446697759217,True,7,False
1.0,Ligue 1|Attack,pre_injury_days,-0.7378197087829537,True,7,False
1.0,Ligue 1|Attack,pre_club_ppg,0.768237488678256,True,7,False
1.0,Ligue 1|Attack,pre_opponent_ppg,0.1961832782638935,True,7,False
1.0,Ligue 1|Attack,pre_trend_minutes_share,0.4980260966753556,True,7,False
1.0,Ligue 1|Attack,pre_trend_npxg_xa,-0.8544003473480357,True,7,False
1.0,Ligue 1|Defender,intercept,-1.806888972126343,True,7,False
1.0,Ligue 1|Defender,age_at_world_cup,0.048014589403053656,True,7,False
1.0,Ligue 1|Defender,market_value_log,0.7202873599413326,True,7,False
1.0,Ligue 1|Defender,pre_minutes_share,-0.12154309666057658,True,7,False
1.0,Ligue 1|Defender,pre_squad_rate,-0.1515816260911849,True,7,False
1.0,Ligue 1|Defender,pre_start_rate,0.07004059018274246,True,7,False
1.0,Ligue 1|Defender,pre_npxg_xa,0.305800473547171,True,7,False
1.0,Ligue 1|Defender,pre_injury_days,-0.5744233669413861,True,7,False
1.0,Ligue 1|Defender,pre_club_ppg,0.07701469284522545,True,7,False
1.0,Ligue 1|Defender,pre_opponent_ppg,-0.7258556925847431,True,7,False
1.0,Ligue 1|Defender,pre_trend_minutes_share,-0.011403488991107283,True,7,False
1.0,Ligue 1|Defender,pre_trend_npxg_xa,0.013099004678951025,True,7,False
1.0,Ligue 1|Defender,missing_pre_npxg_xa,-0.18641309881116852,True,7,False
1.0,Ligue 1|Defender,missing_pre_trend_npxg_xa,-0.18641309881116852,True,7,False
1.0,Ligue 1|Midfield,intercept,-2.1362377711246987,True,7,False
1.0,Ligue 1|Midfield,age_at_world_cup,0.08243544785490467,True,7,False
1.0,Ligue 1|Midfield,market_value_log,1.1081212430916358,True,7,False
1.0,Ligue 1|Midfield,pre_minutes_share,0.46011051614595977,True,7,False
1.0,Ligue 1|Midfield,pre_squad_rate,-0.17108007878258716,True,7,False
1.0,Ligue 1|Midfield,pre_start_rate,-0.6595182215476931,True,7,False
1.0,Ligue 1|Midfield,pre_npxg_xa,0.21973064177239499,True,7,False
1.0,Ligue 1|Midfield,pre_injury_days,-0.38483182790110315,True,7,False
1.0,Ligue 1|Midfield,pre_club_ppg,0.4065376612732729,True,7,False
1.0,Ligue 1|Midfield,pre_opponent_ppg,0.15479294153523562,True,7,False
1.0,Ligue 1|Midfield,pre_trend_minutes_share,0.5604354998884254,True,7,False
1.0,Ligue 1|Midfield,pre_trend_npxg_xa,-0.33257627369973336,True,7,False
1.0,Ligue 1|Midfield,missing_pre_npxg_xa,-0.05398298409294387,True,7,False
1.0,Ligue 1|Midfield,missing_pre_trend_npxg_xa,-0.05398298409294387,True,7,False
1.0,Premier League|Attack,intercept,-0.4892379749508475,True,6,False
1.0,Premier League|Attack,age_at_world_cup,0.13894065093933966,True,6,False
1.0,Premier League|Attack,market_value_log,0.793728891396114,True,6,False
1.0,Premier League|Attack,pre_minutes_share,-0.06358910980259068,True,6,False
1.0,Premier League|Attack,pre_squad_rate,-0.015060548540689405,True,6,False
1.0,Premier League|Attack,pre_start_rate,0.0663389816502859,True,6,False
1.0,Premier League|Attack,pre_npxg_xa,-0.18554745221017024,True,6,False
1.0,Premier League|Attack,pre_injury_days,-0.1807970291373063,True,6,False
1.0,Premier League|Attack,pre_club_ppg,1.103855827153069,True,6,False
1.0,Premier League|Attack,pre_opponent_ppg,-0.1328184019143137,True,6,False
1.0,Premier League|Attack,pre_trend_minutes_share,0.4286211644416061,True,6,False
1.0,Premier League|Attack,pre_trend_npxg_xa,0.291347313705823,True,6,False
1.0,Premier League|Defender,intercept,-0.33666954277130423,True,6,False
1.0,Premier League|Defender,age_at_world_cup,0.22828627202827795,True,6,False
1.0,Premier League|Defender,market_value_log,0.786518623580765,True,6,False
1.0,Premier League|Defender,pre_minutes_share,0.2707303666386901,True,6,False
1.0,Premier League|Defender,pre_squad_rate,0.4031227684056063,True,6,False
1.0,Premier League|Defender,pre_start_rate,-0.2719771938903665,True,6,False
1.0,Premier League|Defender,pre_npxg_xa,0.3598085452657439,True,6,False
1.0,Premier League|Defender,pre_injury_days,0.29718075015838386,True,6,False
1.0,Premier League|Defender,pre_club_ppg,0.5616798898699703,True,6,False
1.0,Premier League|Defender,pre_opponent_ppg,-0.0035968323886793074,True,6,False
1.0,Premier League|Defender,pre_trend_minutes_share,-0.05630516654686113,True,6,False
1.0,Premier League|Defender,pre_trend_npxg_xa,0.07561087805815332,True,6,False
1.0,Premier League|Defender,missing_pre_npxg_xa,-0.7945714261964645,True,6,False
1.0,Premier League|Defender,missing_pre_trend_npxg_xa,-0.7945714261964645,True,6,False
1.0,Premier League|Midfield,intercept,-0.12275118290358919,True,6,False
1.0,Premier League|Midfield,age_at_world_cup,0.8412541401308108,True,6,False
1.0,Premier League|Midfield,market_value_log,1.1310329741444198,True,6,False
1.0,Premier League|Midfield,pre_minutes_share,0.43211633878383676,True,6,False
1.0,Premier League|Midfield,pre_squad_rate,-0.5083279768845524,True,6,False
1.0,Premier League|Midfield,pre_start_rate,-0.24162107072094408,True,6,False
1.0,Premier League|Midfield,pre_npxg_xa,-0.4566786686216024,True,6,False
1.0,Premier League|Midfield,pre_injury_days,-0.858931767484924,True,6,False
1.0,Premier League|Midfield,pre_club_ppg,0.7258053158803319,True,6,False
1.0,Premier League|Midfield,pre_opponent_ppg,0.402253497845036,True,6,False
1.0,Premier League|Midfield,pre_trend_minutes_share,0.009525881294410583,True,6,False
1.0,Premier League|Midfield,pre_trend_npxg_xa,-0.06926257250568782,True,6,False
1.0,Premier League|Midfield,missing_pre_npxg_xa,-0.3874259007606461,True,6,False
1.0,Premier League|Midfield,missing_pre_trend_npxg_xa,-0.3874259007606461,True,6,False
1.0,Serie A|Attack,intercept,-1.2979066207461827,True,6,False
1.0,Serie A|Attack,age_at_world_cup,0.3110582838115031,True,6,False
1.0,Serie A|Attack,market_value_log,0.6666755840883416,True,6,False
1.0,Serie A|Attack,pre_minutes_share,-0.08390559917108821,True,6,False
1.0,Serie A|Attack,pre_squad_rate,-0.3775000072224452,True,6,False
1.0,Serie A|Attack,pre_start_rate,-0.08106338343408176,True,6,False
1.0,Serie A|Attack,pre_npxg_xa,0.41490154233448273,True,6,False
1.0,Serie A|Attack,pre_injury_days,-1.2445566257706626,True,6,False
1.0,Serie A|Attack,pre_club_ppg,0.17418206122971003,True,6,False
1.0,Serie A|Attack,pre_opponent_ppg,-0.40787890788792563,True,6,False
1.0,Serie A|Attack,pre_trend_minutes_share,-0.060832440712622345,True,6,False
1.0,Serie A|Attack,pre_trend_npxg_xa,-0.7115825918496522,True,6,False
1.0,Serie A|Defender,intercept,-0.6834422461311064,True,6,False
1.0,Serie A|Defender,age_at_world_cup,0.2885993951575054,True,6,False
1.0,Serie A|Defender,market_value_log,0.6876993088180123,True,6,False
1.0,Serie A|Defender,pre_minutes_share,0.05377815522534716,True,6,False
1.0,Serie A|Defender,pre_squad_rate,0.25669857579232824,True,6,False
1.0,Serie A|Defender,pre_start_rate,-0.06688242623607843,True,6,False
1.0,Serie A|Defender,pre_npxg_xa,-0.17510329004356154,True,6,False
1.0,Serie A|Defender,pre_injury_days,-0.5536999506722422,True,6,False
1.0,Serie A|Defender,pre_club_ppg,-0.06501455348566916,True,6,False
1.0,Serie A|Defender,pre_opponent_ppg,-0.188646808322576,True,6,False
1.0,Serie A|Defender,pre_trend_minutes_share,0.21729440997849922,True,6,False
1.0,Serie A|Defender,pre_trend_npxg_xa,-0.17325981618592645,True,6,False
1.0,Serie A|Defender,missing_pre_npxg_xa,-0.3015046248945056,True,6,False
1.0,Serie A|Defender,missing_pre_trend_npxg_xa,-0.3015046248945056,True,6,False
1.0,Serie A|Midfield,intercept,-0.9074313517373875,True,6,False
1.0,Serie A|Midfield,age_at_world_cup,0.2975619601219315,True,6,False
1.0,Serie A|Midfield,market_value_log,0.8225473581807139,True,6,False
1.0,Serie A|Midfield,pre_minutes_share,0.2476638225747585,True,6,False
1.0,Serie A|Midfield,pre_squad_rate,-0.8912275869268216,True,6,False
1.0,Serie A|Midfield,pre_start_rate,0.021924732272291806,True,6,False
1.0,Serie A|Midfield,pre_npxg_xa,0.5402376346942581,True,6,False
1.0,Serie A|Midfield,pre_injury_days,0.11866596626240432,True,6,False
1.0,Serie A|Midfield,pre_club_ppg,-0.04183248327945955,True,6,False
1.0,Serie A|Midfield,pre_opponent_ppg,0.29602884214556113,True,6,False
1.0,Serie A|Midfield,pre_trend_minutes_share,0.08333802278955674,True,6,False
1.0,Serie A|Midfield,pre_trend_npxg_xa,-0.21098246982554966,True,6,False
1.0,Serie A|Midfield,missing_pre_npxg_xa,0.128391560803578,True,6,False
1.0,Serie A|Midfield,missing_pre_trend_npxg_xa,0.128391560803578,True,6,False
1.2,Bundesliga|Attack,intercept,-1.5662496573768185,True,7,False
1.2,Bundesliga|Attack,age_at_world_cup,-0.24763998440575274,True,7,False
1.2,Bundesliga|Attack,market_value_log,0.41459182756844676,True,7,False
1.2,Bundesliga|Attack,pre_minutes_share,0.697825160077363,True,7,False
1.2,Bundesliga|Attack,pre_squad_rate,-0.15329803307659753,True,7,False
1.2,Bundesliga|Attack,pre_start_rate,0.4793521677685536,True,7,False
1.2,Bundesliga|Attack,pre_npxg_xa,0.021035284961316483,True,7,False
1.2,Bundesliga|Attack,pre_injury_days,0.5449087686758287,True,7,False
1.2,Bundesliga|Attack,pre_club_ppg,1.1102325312183356,True,7,False
1.2,Bundesliga|Attack,pre_opponent_ppg,-0.8243189256317192,True,7,False
1.2,Bundesliga|Attack,pre_trend_minutes_share,0.21350279138200456,True,7,False
1.2,Bundesliga|Attack,pre_trend_npxg_xa,-0.4126660442019963,True,7,False
1.2,Bundesliga|Attack,missing_pre_npxg_xa,-0.20593330774770993,True,7,False
1.2,Bundesliga|Attack,missing_pre_trend_npxg_xa,-0.20593330774770993,True,7,False
1.2,Bundesliga|Defender,intercept,-1.6849488100000645,True,7,False
1.2,Bundesliga|Defender,age_at_world_cup,0.19406966957341265,True,7,False
1.2,Bundesliga|Defender,market_value_log,1.6461509520103006,True,7,False
1.2,Bundesliga|Defender,pre_minutes_share,0.17330497455355304,True,7,False
1.2,Bundesliga|Defender,pre_squad_rate,-0.7421947381733799,True,7,False
1.2,Bundesliga|Defender,pre_start_rate,0.2361377585937872,True,7,False
1.2,Bundesliga|Defender,pre_npxg_xa,0.3545419852387834,True,7,False
1.2,Bundesliga|Defender,pre_injury_days,-0.373512492410876,True,7,False
1.2,Bundesliga|Defender,pre_club_ppg,0.2606199711908556,True,7,False
1.2,Bundesliga|Defender,pre_opponent_ppg,0.04763077672003867,True,7,False
1.2,Bundesliga|Defender,pre_trend_minutes_share,0.5031021088573169,True,7,False
1.2,Bundesliga|Defender,pre_trend_npxg_xa,-0.46133405662955207,True,7,False
1.2,Bundesliga|Defender,missing_pre_npxg_xa,-0.3350688996510186,True,7,False
1.2,Bundesliga|Defender,missing_pre_trend_npxg_xa,-0.3350688996510186,True,7,False
1.2,Bundesliga|Midfield,intercept,-0.9847695987776722,True,6,False
1.2,Bundesliga|Midfield,age_at_world_cup,0.533538033413434,True,6,False
1.2,Bundesliga|Midfield,market_value_log,1.2233967123374163,True,6,False
1.2,Bundesliga|Midfield,pre_minutes_share,-0.08346552682985005,True,6,False
1.2,Bundesliga|Midfield,pre_squad_rate,-0.4401670106184965,True,6,False
1.2,Bundesliga|Midfield,pre_start_rate,0.09924668713243384,True,6,False
1.2,Bundesliga|Midfield,pre_npxg_xa,0.26992413313215785,True,6,False
1.2,Bundesliga|Midfield,pre_injury_days,-0.061145253333594385,True,6,False
1.2,Bundesliga|Midfield,pre_club_ppg,0.4658939747686499,True,6,False
1.2,Bundesliga|Midfield,pre_opponent_ppg,0.46649127162613196,True,6,False
1.2,Bundesliga|Midfield,pre_trend_minutes_share,-0.024621248177644387,True,6,False
1.2,Bundesliga|Midfield,pre_trend_npxg_xa,0.1451413826542254,True,6,False
1.2,Bundesliga|Midfield,missing_pre_npxg_xa,-0.26592077340034737,True,6,False
1.2,Bundesliga|Midfield,missing_pre_trend_npxg_xa,-0.26592077340034737,True,6,False
1.2,LaLiga|Attack,intercept,-1.493188004801435,True,7,False
1.2,LaLiga|Attack,age_at_world_cup,0.0435564589477328,True,7,False
1.2,LaLiga|Attack,market_value_log,1.5734670385429068,True,7,False
1.2,LaLiga|Attack,pre_minutes_share,-0.2738674554031335,True,7,False
1.2,LaLiga|Attack,pre_squad_rate,-0.5932913407700872,True,7,False
1.2,LaLiga|Attack,pre_start_rate,-0.058265953790823694,True,7,False
1.2,LaLiga|Attack,pre_npxg_xa,0.7779642587784028,True,7,False
1.2,LaLiga|Attack,pre_injury_days,0.03586839799274601,True,7,False
1.2,LaLiga|Attack,pre_club_ppg,0.3407009816263988,True,7,False
1.2,LaLiga|Attack,pre_opponent_ppg,0.44092373931386697,True,7,False
1.2,LaLiga|Attack,pre_trend_minutes_share,-0.3605942528047624,True,7,False
1.2,LaLiga|Attack,pre_trend_npxg_xa,0.002491343133085734,True,7,False
1.2,LaLiga|Attack,missing_pre_npxg_xa,-0.2160055252681347,True,7,False
1.2,LaLiga|Attack,missing_pre_trend_npxg_xa,-0.21600552526813474,True,7,False
1.2,LaLiga|Defender,intercept,-2.043312711883378,True,7,False
1.2,LaLiga|Defender,age_at_world_cup,0.20884696312386475,True,7,False
1.2,LaLiga|Defender,market_value_log,0.9324753960457662,True,7,False
1.2,LaLiga|Defender,pre_minutes_share,0.5205308915873039,True,7,False
1.2,LaLiga|Defender,pre_squad_rate,-0.4744774568104608,True,7,False
1.2,LaLiga|Defender,pre_start_rate,0.02041847183818149,True,7,False
1.2,LaLiga|Defender,pre_npxg_xa,-0.20723892008717124,True,7,False
1.2,LaLiga|Defender,pre_injury_days,-0.37013499859383747,True,7,False
1.2,LaLiga|Defender,pre_club_ppg,0.509000640812485,True,7,False
1.2,LaLiga|Defender,pre_opponent_ppg,0.3214357373705664,True,7,False
1.2,LaLiga|Defender,pre_trend_minutes_share,0.07573894398596032,True,7,False
1.2,LaLiga|Defender,pre_trend_npxg_xa,0.17172519921913157,True,7,False
1.2,LaLiga|Defender,missing_pre_npxg_xa,-0.23808501737035823,True,7,False
1.2,LaLiga|Defender,missing_pre_trend_npxg_xa,-0.23808501737035823,True,7,False
1.2,LaLiga|Midfield,intercept,-1.74130053126882,True,7,False
1.2,LaLiga|Midfield,age_at_world_cup,0.5013713786786326,True,7,False
1.2,LaLiga|Midfield,market_value_log,1.1893006906322319,True,7,False
1.2,LaLiga|Midfield,pre_minutes_share,-0.16892957687724144,True,7,False
1.2,LaLiga|Midfield,pre_squad_rate,0.38313901980771836,True,7,False
1.2,LaLiga|Midfield,pre_start_rate,0.18716604262697692,True,7,False
1.2,LaLiga|Midfield,pre_npxg_xa,-0.5269166479811492,True,7,False
1.2,LaLiga|Midfield,pre_injury_days,-0.14412681707122676,True,7,False
1.2,LaLiga|Midfield,pre_club_ppg,0.6508468910548962,True,7,False
1.2,LaLiga|Midfield,pre_opponent_ppg,-0.07951400074145977,True,7,False
1.2,LaLiga|Midfield,pre_trend_minutes_share,0.07875669559346676,True,7,False
1.2,LaLiga|Midfield,pre_trend_npxg_xa,0.16698602796294854,True,7,False
1.2,LaLiga|Midfield,missing_pre_npxg_xa,-0.03110403407060883,True,7,False
1.2,LaLiga|Midfield,missing_pre_trend_npxg_xa,-0.03110403407060883,True,7,False
1.2,Ligue 1|Attack,intercept,-1.9327333451277018,True,7,False
1.2,Ligue 1|Attack,age_at_world_cup,0.24720172394953915,True,7,False
1.2,Ligue 1|Attack,market_value_log,0.5073350221380852,True,7,False
1.2,Ligue 1|Attack,pre_minutes_share,-0.4202263525494424,True,7,False
1.2,Ligue 1|Attack,pre_squad_rate,0.12923787959999475,True,7,False
1.2,Ligue 1|Attack,pre_start_rate,-0.2473556136674581,True,7,False
1.2,Ligue 1|Attack,pre_npxg_xa,0.7016184877085045,True,7,False
1.2,Ligue 1|Attack,pre_injury_days,-0.6853432353555251,True,7,False
1.2,Ligue 1|Attack,pre_club_ppg,0.7368263133401428,True,7,False
1.2,Ligue 1|Attack,pre_opponent_ppg,0.18877986418998008,True,7,False
1.2,Ligue 1|Attack,pre_trend_minutes_share,0.4604152807247425,True,7,False
1.2,Ligue 1|Attack,pre_trend_npxg_xa,-0.7992881725343892,True,7,False
1.2,Ligue 1|Defender,intercept,-1.7918761223160464,True,7,False
1.2,Ligue 1|Defender,age_at_world_cup,0.034111819271399765,True,7,False
1.2,Ligue 1|Defender,market_value_log,0.6931114638091355,True,7,False
1.2,Ligue 1|Defender,pre_minutes_share,-0.1029105472263525,True,7,False
1.2,Ligue 1|Defender,pre_squad_rate,-0.14082136130013603,True,7,False
1.2,Ligue 1|Defender,pre_start_rate,0.06303415034491593,True,7,False
1.2,Ligue 1|Defender,pre_npxg_xa,0.29805702541534373,True,7,False
1.2,Ligue 1|Defender,pre_injury_days,-0.5352165783355425,True,7,False
1.2,Ligue 1|Defender,pre_club_ppg,0.09191294607159119,True,7,False
1.2,Ligue 1|Defender,pre_opponent_ppg,-0.7048041938846881,True,7,False
1.2,Ligue 1|Defender,pre_trend_minutes_share,-0.014857086516975329,True,7,False
1.2,Ligue 1|Defender,pre_trend_npxg_xa,0.013999451135692642,True,7,False
1.2,Ligue 1|Defender,missing_pre_npxg_xa,-0.16570861187567054,True,7,False
1.2,Ligue 1|Defender,missing_pre_trend_npxg_xa,-0.16570861187567054,True,7,False
1.2,Ligue 1|Midfield,intercept,-2.10398240978453,True,7,False
1.2,Ligue 1|Midfield,age_at_world_cup,0.07382140717856178,True,7,False
1.2,Ligue 1|Midfield,market_value_log,1.0600471469640433,True,7,False
1.2,Ligue 1|Midfield,pre_minutes_share,0.3875432753353759,True,7,False
1.2,Ligue 1|Midfield,pre_squad_rate,-0.14629412100323697,True,7,False
1.2,Ligue 1|Midfield,pre_start_rate,-0.5789995979476633,True,7,False
1.2,Ligue 1|Midfield,pre_npxg_xa,0.22485825023776784,True,7,False
1.2,Ligue 1|Midfield,pre_injury_days,-0.35527493727905546,True,7,False
1.2,Ligue 1|Midfield,pre_club_ppg,0.40820602221444213,True,7,False
1.2,Ligue 1|Midfield,pre_opponent_ppg,0.14759021663204142,True,7,False
1.2,Ligue 1|Midfield,pre_trend_minutes_share,0.5245910465333813,True,7,False
1.2,Ligue 1|Midfield,pre_trend_npxg_xa,-0.31048947659953663,True,7,False
1.2,Ligue 1|Midfield,missing_pre_npxg_xa,-0.0473452223918101,True,7,False
1.2,Ligue 1|Midfield,missing_pre_trend_npxg_xa,-0.0473452223918101,True,7,False
1.2,Premier League|Attack,intercept,-0.4863860737632912,True,6,False
1.2,Premier League|Attack,age_at_world_cup,0.1286559094631087,True,6,False
1.2,Premier League|Attack,market_value_log,0.7671027751842647,True,6,False
1.2,Premier League|Attack,pre_minutes_share,-0.056531431936183686,True,6,False
1.2,Premier League|Attack,pre_squad_rate,-0.01745015711166151,True,6,False
1.2,Premier League|Attack,pre_start_rate,0.059659664073245376,True,6,False
1.2,Premier League|Attack,pre_npxg_xa,-0.16542407008478366,True,6,False
1.2,Premier League|Attack,pre_injury_days,-0.1724052879051522,True,6,False
1.2,Premier League|Attack,pre_club_ppg,1.06494991638005,True,6,False
1.2,Premier League|Attack,pre_opponent_ppg,-0.12307321409367755,True,6,False
1.2,Premier League|Attack,pre_trend_minutes_share,0.413941351820647,True,6,False
1.2,Premier League|Attack,pre_trend_npxg_xa,0.2739786812311256,True,6,False
1.2,Premier League|Defender,intercept,-0.3375262681573166,True,6,False
1.2,Premier League|Defender,age_at_world_cup,0.2202668290338225,True,6,False
1.2,Premier League|Defender,market_value_log,0.767158542741561,True,6,False
1.2,Premier League|Defender,pre_minutes_share,0.2383584689648669,True,6,False
1.2,Premier League|Defender,pre_squad_rate,0.391890097003612,True,6,False
1.2,Premier League|Defender,pre_start_rate,-0.23188341564553963,True,6,False
1.2,Premier League|Defender,pre_npxg_xa,0.3540440056813431,True,6,False
1.2,Premier League|Defender,pre_injury_days,0.29280594598830056,True,6,False
1.2,Premier League|Defender,pre_club_ppg,0.5546108947735879,True,6,False
1.2,Premier League|Defender,pre_opponent_ppg,-0.001038060504822797,True,6,False
1.2,Premier League|Defender,pre_trend_minutes_share,-0.056941046476603856,True,6,False
1.2,Premier League|Defender,pre_trend_npxg_xa,0.07636999642187517,True,6,False
1.2,Premier League|Defender,missing_pre_npxg_xa,-0.7215005482804874,True,6,False
1.2,Premier League|Defender,missing_pre_trend_npxg_xa,-0.7215005482804874,True,6,False
1.2,Premier League|Midfield,intercept,-0.12310530805423402,True,6,False
1.2,Premier League|Midfield,age_at_world_cup,0.8096269734608466,True,6,False
1.2,Premier League|Midfield,market_value_log,1.091665436873226,True,6,False
1.2,Premier League|Midfield,pre_minutes_share,0.38717276473917345,True,6,False
1.2,Premier League|Midfield,pre_squad_rate,-0.4788740393859139,True,6,False
1.2,Premier League|Midfield,pre_start_rate,-0.20004997226396198,True,6,False
1.2,Premier League|Midfield,pre_npxg_xa,-0.43488313515353283,True,6,False
1.2,Premier League|Midfield,pre_injury_days,-0.8194189755449065,True,6,False
1.2,Premier League|Midfield,pre_club_ppg,0.7060053814059428,True,6,False
1.2,Premier League|Midfield,pre_opponent_ppg,0.39245154542776844,True,6,False
1.2,Premier League|Midfield,pre_trend_minutes_share,0.0064218467608885945,True,6,False
1.2,Premier League|Midfield,pre_trend_npxg_xa,-0.06987405561573679,True,6,False
1.2,Premier League|Midfield,missing_pre_npxg_xa,-0.3414735243204623,True,6,False
1.2,Premier League|Midfield,missing_pre_trend_npxg_xa,-0.3414735243204623,True,6,False
1.2,Serie A|Attack,intercept,-1.2613691649287715,True,6,False
1.2,Serie A|Attack,age_at_world_cup,0.2966962567906157,True,6,False
1.2,Serie A|Attack,market_value_log,0.6243967006444231,True,6,False
1.2,Serie A|Attack,pre_minutes_share,-0.07474608875044342,True,6,False
1.2,Serie A|Attack,pre_squad_rate,-0.354140312701503,True,6,False
1.2,Serie A|Attack,pre_start_rate,-0.05859306337438629,True,6,False
1.2,Serie A|Attack,pre_npxg_xa,0.406969217699742,True,6,False
1.2,Serie A|Attack,pre_injury_days,-1.1405207643143527,True,6,False
1.2,Serie A|Attack,pre_club_ppg,0.18539099433814082,True,6,False
1.2,Serie A|Attack,pre_opponent_ppg,-0.38040999056895225,True,6,False
1.2,Serie A|Attack,pre_trend_minutes_share,-0.08001569664032726,True,6,False
1.2,Serie A|Attack,pre_trend_npxg_xa,-0.6675525827486845,True,6,False
1.2,Serie A|Defender,intercept,-0.6798459774522095,True,6,False
1.2,Serie A|Defender,age_at_world_cup,0.2690946076626567,True,6,False
1.2,Serie A|Defender,market_value_log,0.6532138578029606,True,6,False
1.2,Serie A|Defender,pre_minutes_share,0.0539598132846023,True,6,False
1.2,Serie A|Defender,pre_squad_rate,0.2507632768837135,True,6,False
1.2,Serie A|Defender,pre_start_rate,-0.05670876253165298,True,6,False
1.2,Serie A|Defender,pre_npxg_xa,-0.16414353080398827,True,6,False
1.2,Serie A|Defender,pre_injury_days,-0.5305136263885816,True,6,False
1.2,Serie A|Defender,pre_club_ppg,-0.044149443525228864,True,6,False
1.2,Serie A|Defender,pre_opponent_ppg,-0.18291712710815872,True,6,False
1.2,Serie A|Defender,pre_trend_minutes_share,0.20809327644900275,True,6,False
1.2,Serie A|Defender,pre_trend_npxg_xa,-0.16915584703501277,True,6,False
1.2,Serie A|Defender,missing_pre_npxg_xa,-0.27780708493882567,True,6,False
1.2,Serie A|Defender,missing_pre_trend_npxg_xa,-0.27780708493882567,True,6,False
1.2,Serie A|Midfield,intercept,-0.8979161343760345,True,6,False
1.2,Serie A|Midfield,age_at_world_cup,0.28411442080440924,True,6,False
1.2,Serie A|Midfield,market_value_log,0.7885056412234116,True,6,False
1.2,Serie A|Midfield,pre_minutes_share,0.23317872447842977,True,6,False
1.2,Serie A|Midfield,pre_squad_rate,-0.8675306277407508,True,6,False
1.2,Serie A|Midfield,pre_start_rate,0.04047076531625625,True,6,False
1.2,Serie A|Midfield,pre_npxg_xa,0.5233789222889917,True,6,False
1.2,Serie A|Midfield,pre_injury_days,0.1253644980605859,True,6,False
1.2,Serie A|Midfield,pre_club_ppg,-0.021407626943860197,True,6,False
1.2,Serie A|Midfield,pre_opponent_ppg,0.2913971173513691,True,6,False
1.2,Serie A|Midfield,pre_trend_minutes_share,0.07632074365490894,True,6,False
1.2,Serie A|Midfield,pre_trend_npxg_xa,-0.20939835738911158,True,6,False
1.2,Serie A|Midfield,missing_pre_npxg_xa,0.11280174769607518,True,6,False
1.2,Serie A|Midfield,missing_pre_trend_npxg_xa,0.11280174769607518,True,6,False
1.5,Bundesliga|Attack,intercept,-1.5001298567025947,True,7,False
1.5,Bundesliga|Attack,age_at_world_cup,-0.2323884621506839,True,7,False
1.5,Bundesliga|Attack,market_value_log,0.422272319719016,True,7,False
1.5,Bundesliga|Attack,pre_minutes_share,0.6122979917028657,True,7,False
1.5,Bundesliga|Attack,pre_squad_rate,-0.14098875959016044,True,7,False
1.5,Bundesliga|Attack,pre_start_rate,0.43804071691065344,True,7,False
1.5,Bundesliga|Attack,pre_npxg_xa,0.06175889394230784,True,7,False
1.5,Bundesliga|Attack,pre_injury_days,0.5026958497186357,True,7,False
1.5,Bundesliga|Attack,pre_club_ppg,1.0257529443693376,True,7,False
1.5,Bundesliga|Attack,pre_opponent_ppg,-0.7686414649967613,True,7,False
1.5,Bundesliga|Attack,pre_trend_minutes_share,0.19161570728544303,True,7,False
1.5,Bundesliga|Attack,pre_trend_npxg_xa,-0.3737402448882737,True,7,False
1.5,Bundesliga|Attack,missing_pre_npxg_xa,-0.17885727093978576,True,7,False
1.5,Bundesliga|Attack,missing_pre_trend_npxg_xa,-0.17885727093978576,True,7,False
1.5,Bundesliga|Defender,intercept,-1.6444334839225143,True,7,False
1.5,Bundesliga|Defender,age_at_world_cup,0.16146850006266814,True,7,False
1.5,Bundesliga|Defender,market_value_log,1.5508483998229277,True,7,False
1.5,Bundesliga|Defender,pre_minutes_share,0.16150988126458368,True,7,False
1.5,Bundesliga|Defender,pre_squad_rate,-0.6783449814802198,True,7,False
1.5,Bundesliga|Defender,pre_start_rate,0.22173223638347844,True,7,False
1.5,Bundesliga|Defender,pre_npxg_xa,0.35061157932489406,True,7,False
1.5,Bundesliga|Defender,pre_injury_days,-0.33735600890336254,True,7,False
1.5,Bundesliga|Defender,pre_club_ppg,0.2823528768057433,True,7,False
1.5,Bundesliga|Defender,pre_opponent_ppg,0.05356720143272154,True,7,False
1.5,Bundesliga|Defender,pre_trend_minutes_share,0.4721421019693015,True,7,False
1.5,Bundesliga|Defender,pre_trend_npxg_xa,-0.44695861042692625,True,7,False
1.5,Bundesliga|Defender,missing_pre_npxg_xa,-0.2864936132714482,True,7,False
1.5,Bundesliga|Defender,missing_pre_trend_npxg_xa,-0.2864936132714482,True,7,False
1.5,Bundesliga|Midfield,intercept,-0.9676010396037706,True,6,False
1.5,Bundesliga|Midfield,age_at_world_cup,0.49325956319764197,True,6,False
1.5,Bundesliga|Midfield,market_value_log,1.160928712747485,True,6,False
1.5,Bundesliga|Midfield,pre_minutes_share,-0.0548025851234519,True,6,False
1.5,Bundesliga|Midfield,pre_squad_rate,-0.4217355034445218,True,6,False
1.5,Bundesliga|Midfield,pre_start_rate,0.07985725273180894,True,6,False
1.5,Bundesliga|Midfield,pre_npxg_xa,0.26856408905886786,True,6,False
1.5,Bundesliga|Midfield,pre_injury_days,-0.04824803802213897,True,6,False
1.5,Bundesliga|Midfield,pre_club_ppg,0.4578499870180045,True,6,False
1.5,Bundesliga|Midfield,pre_opponent_ppg,0.4427321409743482,True,6,False
1.5,Bundesliga|Midfield,pre_trend_minutes_share,-0.025688879604389977,True,6,False
1.5,Bundesliga|Midfield,pre_trend_npxg_xa,0.13595423901834347,True,6,False
1.5,Bundesliga|Midfield,missing_pre_npxg_xa,-0.22724691079685802,True,6,False
1.5,Bundesliga|Midfield,missing_pre_trend_npxg_xa,-0.22724691079685802,True,6,False
1.5,LaLiga|Attack,intercept,-1.463077870377549,True,7,False
1.5,LaLiga|Attack,age_at_world_cup,0.021409730424625996,True,7,False
1.5,LaLiga|Attack,market_value_log,1.4821238395731944,True,7,False
1.5,LaLiga|Attack,pre_minutes_share,-0.2493882620722886,True,7,False
1.5,LaLiga|Attack,pre_squad_rate,-0.5658559445069296,True,7,False
1.5,LaLiga|Attack,pre_start_rate,-0.05949981882571785,True,7,False
1.5,LaLiga|Attack,pre_npxg_xa,0.7492802548753121,True,7,False
1.5,LaLiga|Attack,pre_injury_days,0.040231863616316935,True,7,False
1.5,LaLiga|Attack,pre_club_ppg,0.35224161965971273,True,7,False
1.5,LaLiga|Attack,pre_opponent_ppg,0.4231096309820588,True,7,False
1.5,LaLiga|Attack,pre_trend_minutes_share,-0.34233932651216337,True,7,False
1.5,LaLiga|Attack,pre_trend_npxg_xa,-0.0073208060955986766,True,7,False
1.5,LaLiga|Attack,missing_pre_npxg_xa,-0.1986745523183443,True,7,False
1.5,LaLiga|Attack,missing_pre_trend_npxg_xa,-0.1986745523183443,True,7,False
1.5,LaLiga|Defender,intercept,-2.0226710859861634,True,7,False
1.5,LaLiga|Defender,age_at_world_cup,0.19844060529738383,True,7,False
1.5,LaLiga|Defender,market_value_log,0.907387669825593,True,7,False
1.5,LaLiga|Defender,pre_minutes_share,0.4671959614254703,True,7,False
1.5,LaLiga|Defender,pre_squad_rate,-0.4449789730113604,True,7,False
1.5,LaLiga|Defender,pre_start_rate,0.05498798991648003,True,7,False
1.5,LaLiga|Defender,pre_npxg_xa,-0.1953816921449483,True,7,False
1.5,LaLiga|Defender,pre_injury_days,-0.3430546302615806,True,7,False
1.5,LaLiga|Defender,pre_club_ppg,0.5012050033213131,True,7,False
1.5,LaLiga|Defender,pre_opponent_ppg,0.3104840141139283,True,7,False
1.5,LaLiga|Defender,pre_trend_minutes_share,0.0764393853088231,True,7,False
1.5,LaLiga|Defender,pre_trend_npxg_xa,0.16143439693089548,True,7,False
1.5,LaLiga|Defender,missing_pre_npxg_xa,-0.21799257225134983,True,7,False
1.5,LaLiga|Defender,missing_pre_trend_npxg_xa,-0.21799257225134983,True,7,False
1.5,LaLiga|Midfield,intercept,-1.7144162423617646,True,7,False
1.5,LaLiga|Midfield,age_at_world_cup,0.4568008183893603,True,7,False
1.5,LaLiga|Midfield,market_value_log,1.1165353334899757,True,7,False
1.5,LaLiga|Midfield,pre_minutes_share,-0.13103315147141234,True,7,False
1.5,LaLiga|Midfield,pre_squad_rate,0.34512273395720694,True,7,False
1.5,LaLiga|Midfield,pre_start_rate,0.16002983030832385,True,7,False
1.5,LaLiga|Midfield,pre_npxg_xa,-0.49049511390418865,True,7,False
1.5,LaLiga|Midfield,pre_injury_days,-0.14553824024350157,True,7,False
1.5,LaLiga|Midfield,pre_club_ppg,0.6542676408171336,True,7,False
1.5,LaLiga|Midfield,pre_opponent_ppg,-0.07796333517603751,True,7,False
1.5,LaLiga|Midfield,pre_trend_minutes_share,0.08436644280183628,True,7,False
1.5,LaLiga|Midfield,pre_trend_npxg_xa,0.15870992757062663,True,7,False
1.5,LaLiga|Midfield,missing_pre_npxg_xa,-0.027445395896702727,True,7,False
1.5,LaLiga|Midfield,missing_pre_trend_npxg_xa,-0.027445395896702727,True,7,False
1.5,Ligue 1|Attack,intercept,-1.8773561252388935,True,7,False
1.5,Ligue 1|Attack,age_at_world_cup,0.22854104657323654,True,7,False
1.5,Ligue 1|Attack,market_value_log,0.4937541774052684,True,7,False
1.5,Ligue 1|Attack,pre_minutes_share,-0.36742345584145136,True,7,False
1.5,Ligue 1|Attack,pre_squad_rate,0.12253225849416252,True,7,False
1.5,Ligue 1|Attack,pre_start_rate,-0.2341922520049778,True,7,False
1.5,Ligue 1|Attack,pre_npxg_xa,0.649066328525874,True,7,False
1.5,Ligue 1|Attack,pre_injury_days,-0.6230737247266793,True,7,False
1.5,Ligue 1|Attack,pre_club_ppg,0.6988865545064854,True,7,False
1.5,Ligue 1|Attack,pre_opponent_ppg,0.17958790453317997,True,7,False
1.5,Ligue 1|Attack,pre_trend_minutes_share,0.4147344499470032,True,7,False
1.5,Ligue 1|Attack,pre_trend_npxg_xa,-0.7318544639764305,True,7,False
1.5,Ligue 1|Defender,intercept,-1.7724594705305392,True,7,False
1.5,Ligue 1|Defender,age_at_world_cup,0.01679600564620965,True,7,False
1.5,Ligue 1|Defender,market_value_log,0.6581320451089239,True,7,False
1.5,Ligue 1|Defender,pre_minutes_share,-0.08182220016603041,True,7,False
1.5,Ligue 1|Defender,pre_squad_rate,-0.12686034673022764,True,7,False
1.5,Ligue 1|Defender,pre_start_rate,0.05625049810613408,True,7,False
1.5,Ligue 1|Defender,pre_npxg_xa,0.28802214791111813,True,7,False
1.5,Ligue 1|Defender,pre_injury_days,-0.48634357755523105,True,7,False
1.5,Ligue 1|Defender,pre_club_ppg,0.1108335325198625,True,7,False
1.5,Ligue 1|Defender,pre_opponent_ppg,-0.6766114098972257,True,7,False
1.5,Ligue 1|Defender,pre_trend_minutes_share,-0.01916151315758296,True,7,False
1.5,Ligue 1|Defender,pre_trend_npxg_xa,0.014934290432024435,True,7,False
1.5,Ligue 1|Defender,missing_pre_npxg_xa,-0.14320122667128657,True,7,False
1.5,Ligue 1|Defender,missing_pre_trend_npxg_xa,-0.14320122667128657,True,7,False
1.5,Ligue 1|Midfield,intercept,-2.064591459285009,True,7,False
1.5,Ligue 1|Midfield,age_at_world_cup,0.06274944796083048,True,7,False
1.5,Ligue 1|Midfield,market_value_log,0.9993570233312704,True,7,False
1.5,Ligue 1|Midfield,pre_minutes_share,0.3109081167315898,True,7,False
1.5,Ligue 1|Midfield,pre_squad_rate,-0.1177527777598676,True,7,False
1.5,Ligue 1|Midfield,pre_start_rate,-0.4916075135414125,True,7,False
1.5,Ligue 1|Midfield,pre_npxg_xa,0.23046582709596272,True,7,False
1.5,Ligue 1|Midfield,pre_injury_days,-0.31942689406830926,True,7,False
1.5,Ligue 1|Midfield,pre_club_ppg,0.40963231508637404,True,7,False
1.5,Ligue 1|Midfield,pre_opponent_ppg,0.13842800840230116,True,7,False
1.5,Ligue 1|Midfield,pre_trend_minutes_share,0.48016383248044775,True,7,False
1.5,Ligue 1|Midfield,pre_trend_npxg_xa,-0.283448378962878,True,7,False
1.5,Ligue 1|Midfield,missing_pre_npxg_xa,-0.03948632556377849,True,7,False
1.5,Ligue 1|Midfield,missing_pre_trend_npxg_xa,-0.03948632556377849,True,7,False
1.5,Premier League|Attack,intercept,-0.48281360128496076,True,6,False
1.5,Premier League|Attack,age_at_world_cup,0.11562660226955994,True,6,False
1.5,Premier League|Attack,market_value_log,0.7323916204750476,True,6,False
1.5,Premier League|Attack,pre_minutes_share,-0.048396491587672896,True,6,False
1.5,Premier League|Attack,pre_squad_rate,-0.020300124367776187,True,6,False
1.5,Premier League|Attack,pre_start_rate,0.0526525443695784,True,6,False
1.5,Premier League|Attack,pre_npxg_xa,-0.13996748555842464,True,6,False
1.5,Premier League|Attack,pre_injury_days,-0.16117756483937504,True,6,False
1.5,Premier League|Attack,pre_club_ppg,1.0142970001594334,True,6,False
1.5,Premier League|Attack,pre_opponent_ppg,-0.11073271304096953,True,6,False
1.5,Premier League|Attack,pre_trend_minutes_share,0.39433583858064436,True,6,False
1.5,Premier League|Attack,pre_trend_npxg_xa,0.2521473378657921,True,6,False
1.5,Premier League|Defender,intercept,-0.3384571802241211,True,6,False
1.5,Premier League|Defender,age_at_world_cup,0.20889507045684555,True,6,False
1.5,Premier League|Defender,market_value_log,0.7411425813537428,True,6,False
1.5,Premier League|Defender,pre_minutes_share,0.20512861204324997,True,6,False
1.5,Premier League|Defender,pre_squad_rate,0.3762925093514435,True,6,False
1.5,Premier League|Defender,pre_start_rate,-0.18753167974100463,True,6,False
1.5,Premier League|Defender,pre_npxg_xa,0.34604558769549687,True,6,False
1.5,Premier League|Defender,pre_injury_days,0.2866837844224328,True,6,False
1.5,Premier League|Defender,pre_club_ppg,0.5457110046451411,True,6,False
1.5,Premier League|Defender,pre_opponent_ppg,0.0021039523174481807,True,6,False
1.5,Premier League|Defender,pre_trend_minutes_share,-0.05780071052708545,True,6,False
1.5,Premier League|Defender,pre_trend_npxg_xa,0.07746634721022162,True,6,False
1.5,Premier League|Defender,missing_pre_npxg_xa,-0.6369464643882254,True,6,False
1.5,Premier League|Defender,missing_pre_trend_npxg_xa,-0.6369464643882254,True,6,False
1.5,Premier League|Midfield,intercept,-0.12357608462886914,True,6,False
1.5,Premier League|Midfield,age_at_world_cup,0.7688707361382184,True,6,False
1.5,Premier League|Midfield,market_value_log,1.0403625218483352,True,6,False
1.5,Premier League|Midfield,pre_minutes_share,0.3390787285668951,True,6,False
1.5,Premier League|Midfield,pre_squad_rate,-0.4416826324675707,True,6,False
1.5,Premier League|Midfield,pre_start_rate,-0.1549538624238716,True,6,False
1.5,Premier League|Midfield,pre_npxg_xa,-0.4064717574608389,True,6,False
1.5,Premier League|Midfield,pre_injury_days,-0.7683029717604883,True,6,False
1.5,Premier League|Midfield,pre_club_ppg,0.6800382767554607,True,6,False
1.5,Premier League|Midfield,pre_opponent_ppg,0.3797881966074615,True,6,False
1.5,Premier League|Midfield,pre_trend_minutes_share,0.0024704511177319763,True,6,False
1.5,Premier League|Midfield,pre_trend_npxg_xa,-0.07076088010451893,True,6,False
1.5,Premier League|Midfield,missing_pre_npxg_xa,-0.2902698571203211,True,6,False
1.5,Premier League|Midfield,missing_pre_trend_npxg_xa,-0.2902698571203211,True,6,False
1.5,Serie A|Attack,intercept,-1.2195522935739957,True,6,False
1.5,Serie A|Attack,age_at_world_cup,0.2793290735130972,True,6,False
1.5,Serie A|Attack,market_value_log,0.5756400735700843,True,6,False
1.5,Serie A|Attack,pre_minutes_share,-0.06212422737239319,True,6,False
1.5,Serie A|Attack,pre_squad_rate,-0.3262816441117964,True,6,False
1.5,Serie A|Attack,pre_start_rate,-0.034561494513357556,True,6,False
1.5,Serie A|Attack,pre_npxg_xa,0.3957728065754622,True,6,False
1.5,Serie A|Attack,pre_injury_days,-1.0197111603232734,True,6,False
1.5,Serie A|Attack,pre_club_ppg,0.19704776544493352,True,6,False
1.5,Serie A|Attack,pre_opponent_ppg,-0.3481046992020017,True,6,False
1.5,Serie A|Attack,pre_trend_minutes_share,-0.10097609549912502,True,6,False
1.5,Serie A|Attack,pre_trend_npxg_xa,-0.6151980852790968,True,6,False
1.5,Serie A|Defender,intercept,-0.6751578739229996,True,6,False
1.5,Serie A|Defender,age_at_world_cup,0.24456874376304988,True,6,False
1.5,Serie A|Defender,market_value_log,0.609401304944169,True,6,False
1.5,Serie A|Defender,pre_minutes_share,0.0546528125167606,True,6,False
1.5,Serie A|Defender,pre_squad_rate,0.24274110797188675,True,6,False
1.5,Serie A|Defender,pre_start_rate,-0.04428412742448854,True,6,False
1.5,Serie A|Defender,pre_npxg_xa,-0.14990767154941204,True,6,False
1.5,Serie A|Defender,pre_injury_days,-0.5007329341543811,True,6,False
1.5,Serie A|Defender,pre_club_ppg,-0.018315001125021175,True,6,False
1.5,Serie A|Defender,pre_opponent_ppg,-0.1756758308846537,True,6,False
1.5,Serie A|Defender,pre_trend_minutes_share,0.19632167765026376,True,6,False
1.5,Serie A|Defender,pre_trend_npxg_xa,-0.16374855932956703,True,6,False
1.5,Serie A|Defender,missing_pre_npxg_xa,-0.24899034385717,True,6,False
1.5,Serie A|Defender,missing_pre_trend_npxg_xa,-0.24899034385717,True,6,False
1.5,Serie A|Midfield,intercept,-0.885210534439919,True,6,False
1.5,Serie A|Midfield,age_at_world_cup,0.26649048573185524,True,6,False
1.5,Serie A|Midfield,market_value_log,0.7452879677189865,True,6,False
1.5,Serie A|Midfield,pre_minutes_share,0.21709400500233794,True,6,False
1.5,Serie A|Midfield,pre_squad_rate,-0.8351417750332507,True,6,False
1.5,Serie A|Midfield,pre_start_rate,0.060338807908066,True,6,False
1.5,Serie A|Midfield,pre_npxg_xa,0.5016817306824999,True,6,False
1.5,Serie A|Midfield,pre_injury_days,0.13339884265099197,True,6,False
1.5,Serie A|Midfield,pre_club_ppg,0.002797376872024566,True,6,False
1.5,Serie A|Midfield,pre_opponent_ppg,0.284571175180587,True,6,False
1.5,Serie A|Midfield,pre_trend_minutes_share,0.0667424017885836,True,6,False
1.5,Serie A|Midfield,pre_trend_npxg_xa,-0.20705324266806713,True,6,False
1.5,Serie A|Midfield,missing_pre_npxg_xa,0.09621488174379701,True,6,False
1.5,Serie A|Midfield,missing_pre_trend_npxg_xa,0.09621488174379701,True,6,False
2.0,Bundesliga|Attack,intercept,-1.4181980953820374,True,7,True
2.0,Bundesliga|Attack,age_at_world_cup,-0.21364226809271336,True,7,True
2.0,Bundesliga|Attack,market_value_log,0.42748916585306634,True,7,True
2.0,Bundesliga|Attack,pre_minutes_share,0.5152571688157116,True,7,True
2.0,Bundesliga|Attack,pre_squad_rate,-0.12777439638269525,True,7,True
2.0,Bundesliga|Attack,pre_start_rate,0.386617971642902,True,7,True
2.0,Bundesliga|Attack,pre_npxg_xa,0.10413430511617137,True,7,True
2.0,Bundesliga|Attack,pre_injury_days,0.44871369832040225,True,7,True
2.0,Bundesliga|Attack,pre_club_ppg,0.9224391711038249,True,7,True
2.0,Bundesliga|Attack,pre_opponent_ppg,-0.6980535140791814,True,7,True
2.0,Bundesliga|Attack,pre_trend_minutes_share,0.16329189697940533,True,7,True
2.0,Bundesliga|Attack,pre_trend_npxg_xa,-0.32343752429528005,True,7,True
2.0,Bundesliga|Attack,missing_pre_npxg_xa,-0.14875267104676437,True,7,True
2.0,Bundesliga|Attack,missing_pre_trend_npxg_xa,-0.14875267104676437,True,7,True
2.0,Bundesliga|Defender,intercept,-1.5915248427588238,True,7,True
2.0,Bundesliga|Defender,age_at_world_cup,0.1210829880715204,True,7,True
2.0,Bundesliga|Defender,market_value_log,1.4253798193329912,True,7,True
2.0,Bundesliga|Defender,pre_minutes_share,0.14760318149828916,True,7,True
2.0,Bundesliga|Defender,pre_squad_rate,-0.5973973690537778,True,7,True
2.0,Bundesliga|Defender,pre_start_rate,0.20349469686394092,True,7,True
2.0,Bundesliga|Defender,pre_npxg_xa,0.3442597568044277,True,7,True
2.0,Bundesliga|Defender,pre_injury_days,-0.2932320771546317,True,7,True
2.0,Bundesliga|Defender,pre_club_ppg,0.30675575326726756,True,7,True
2.0,Bundesliga|Defender,pre_opponent_ppg,0.05812882839568644,True,7,True
2.0,Bundesliga|Defender,pre_trend_minutes_share,0.4301795066712301,True,7,True
2.0,Bundesliga|Defender,pre_trend_npxg_xa,-0.4265726843792475,True,7,True
2.0,Bundesliga|Defender,missing_pre_npxg_xa,-0.23050679159266607,True,7,True
2.0,Bundesliga|Defender,missing_pre_trend_npxg_xa,-0.23050679159266607,True,7,True
2.0,Bundesliga|Midfield,intercept,-0.9443378303239568,True,6,True
2.0,Bundesliga|Midfield,age_at_world_cup,0.4388953773485449,True,6,True
2.0,Bundesliga|Midfield,market_value_log,1.0762726667008238,True,6,True
2.0,Bundesliga|Midfield,pre_minutes_share,-0.02460369082987991,True,6,True
2.0,Bundesliga|Midfield,pre_squad_rate,-0.3952892836810471,True,6,True
2.0,Bundesliga|Midfield,pre_start_rate,0.06184194260835436,True,6,True
2.0,Bundesliga|Midfield,pre_npxg_xa,0.264609180049846,True,6,True
2.0,Bundesliga|Midfield,pre_injury_days,-0.03084777785434587,True,6,True
2.0,Bundesliga|Midfield,pre_club_ppg,0.4449837306593243,True,6,True
2.0,Bundesliga|Midfield,pre_opponent_ppg,0.40890935795779887,True,6,True
2.0,Bundesliga|Midfield,pre_trend_minutes_share,-0.02708973074360357,True,6,True
2.0,Bundesliga|Midfield,pre_trend_npxg_xa,0.12451954863749222,True,6,True
2.0,Bundesliga|Midfield,missing_pre_npxg_xa,-0.18353280467456776,True,6,True
2.0,Bundesliga|Midfield,missing_pre_trend_npxg_xa,-0.18353280467456776,True,6,True
2.0,LaLiga|Attack,intercept,-1.4232265106506914,True,7,True
2.0,LaLiga|Attack,age_at_world_cup,-0.00611300734811432,True,7,True
2.0,LaLiga|Attack,market_value_log,1.3615650065967881,True,7,True
2.0,LaLiga|Attack,pre_minutes_share,-0.2174310053571597,True,7,True
2.0,LaLiga|Attack,pre_squad_rate,-0.5276561650737052,True,7,True
2.0,LaLiga|Attack,pre_start_rate,-0.05888337204947507,True,7,True
2.0,LaLiga|Attack,pre_npxg_xa,0.7084026223710019,True,7,True
2.0,LaLiga|Attack,pre_injury_days,0.045633757285901355,True,7,True
2.0,LaLiga|Attack,pre_club_ppg,0.3641697924676147,True,7,True
2.0,LaLiga|Attack,pre_opponent_ppg,0.3965508511974169,True,7,True
2.0,LaLiga|Attack,pre_trend_minutes_share,-0.31880102665697163,True,7,True
2.0,LaLiga|Attack,pre_trend_npxg_xa,-0.019131719028472282,True,7,True
2.0,LaLiga|Attack,missing_pre_npxg_xa,-0.17574978442882863,True,7,True
2.0,LaLiga|Attack,missing_pre_trend_npxg_xa,-0.17574978442882863,True,7,True
2.0,LaLiga|Defender,intercept,-1.9926783020188488,True,7,True
2.0,LaLiga|Defender,age_at_world_cup,0.1822114017684306,True,7,True
2.0,LaLiga|Defender,market_value_log,0.8704942839691006,True,7,True
2.0,LaLiga|Defender,pre_minutes_share,0.4071866479311882,True,7,True
2.0,LaLiga|Defender,pre_squad_rate,-0.4053881500191312,True,7,True
2.0,LaLiga|Defender,pre_start_rate,0.08839135973170306,True,7,True
2.0,LaLiga|Defender,pre_npxg_xa,-0.17824606691786413,True,7,True
2.0,LaLiga|Defender,pre_injury_days,-0.3057054856045866,True,7,True
2.0,LaLiga|Defender,pre_club_ppg,0.48918299635523016,True,7,True
2.0,LaLiga|Defender,pre_opponent_ppg,0.2941312758673993,True,7,True
2.0,LaLiga|Defender,pre_trend_minutes_share,0.07535318673469817,True,7,True
2.0,LaLiga|Defender,pre_trend_npxg_xa,0.1473107944665187,True,7,True
2.0,LaLiga|Defender,missing_pre_npxg_xa,-0.1921080043513905,True,7,True
2.0,LaLiga|Defender,missing_pre_trend_npxg_xa,-0.1921080043513905,True,7,True
2.0,LaLiga|Midfield,intercept,-1.6783796082959663,True,7,True
2.0,LaLiga|Midfield,age_at_world_cup,0.39838342064659754,True,7,True
2.0,LaLiga|Midfield,market_value_log,1.0214315882108114,True,7,True
2.0,LaLiga|Midfield,pre_minutes_share,-0.08995205280255077,True,7,True
2.0,LaLiga|Midfield,pre_squad_rate,0.2970781965563754,True,7,True
2.0,LaLiga|Midfield,pre_start_rate,0.1313950735670651,True,7,True
2.0,LaLiga|Midfield,pre_npxg_xa,-0.44123132085407957,True,7,True
2.0,LaLiga|Midfield,pre_injury_days,-0.14419927535118973,True,7,True
2.0,LaLiga|Midfield,pre_club_ppg,0.6537913483333416,True,7,True
2.0,LaLiga|Midfield,pre_opponent_ppg,-0.07677352160637245,True,7,True
2.0,LaLiga|Midfield,pre_trend_minutes_share,0.09032487285370923,True,7,True
2.0,LaLiga|Midfield,pre_trend_npxg_xa,0.14893533890483845,True,7,True
2.0,LaLiga|Midfield,missing_pre_npxg_xa,-0.023380847863480055,True,7,True
2.0,LaLiga|Midfield,missing_pre_trend_npxg_xa,-0.023380847863480055,True,7,True
2.0,Ligue 1|Attack,intercept,-1.8095064909045315,True,7,True
2.0,Ligue 1|Attack,age_at_world_cup,0.2030953345529202,True,7,True
2.0,Ligue 1|Attack,market_value_log,0.4722856410245326,True,7,True
2.0,Ligue 1|Attack,pre_minutes_share,-0.30516259006692026,True,7,True
2.0,Ligue 1|Attack,pre_squad_rate,0.11363268819610019,True,7,True
2.0,Ligue 1|Attack,pre_start_rate,-0.2123009108576199,True,7,True
2.0,Ligue 1|Attack,pre_npxg_xa,0.584396787413208,True,7,True
2.0,Ligue 1|Attack,pre_injury_days,-0.5464746170397203,True,7,True
2.0,Ligue 1|Attack,pre_club_ppg,0.6506730212896846,True,7,True
2.0,Ligue 1|Attack,pre_opponent_ppg,0.1672980260586509,True,7,True
2.0,Ligue 1|Attack,pre_trend_minutes_share,0.3571936127226011,True,7,True
2.0,Ligue 1|Attack,pre_trend_npxg_xa,-0.6460633736437079,True,7,True
2.0,Ligue 1|Defender,intercept,-1.746062442058111,True,7,True
2.0,Ligue 1|Defender,age_at_world_cup,-0.005123300307892162,True,7,True
2.0,Ligue 1|Defender,market_value_log,0.6112000623294154,True,7,True
2.0,Ligue 1|Defender,pre_minutes_share,-0.05744361719088461,True,7,True
2.0,Ligue 1|Defender,pre_squad_rate,-0.10819205147070003,True,7,True
2.0,Ligue 1|Defender,pre_start_rate,0.049968580269597974,True,7,True
2.0,Ligue 1|Defender,pre_npxg_xa,0.27432225105915753,True,7,True
2.0,Ligue 1|Defender,pre_injury_days,-0.42363578995881956,True,7,True
2.0,Ligue 1|Defender,pre_club_ppg,0.13542735517498783,True,7,True
2.0,Ligue 1|Defender,pre_opponent_ppg,-0.6366013427639138,True,7,True
2.0,Ligue 1|Defender,pre_trend_minutes_share,-0.02461090393955414,True,7,True
2.0,Ligue 1|Defender,pre_trend_npxg_xa,0.01584703211386513,True,7,True
2.0,Ligue 1|Defender,missing_pre_npxg_xa,-0.11835129208728704,True,7,True
2.0,Ligue 1|Defender,missing_pre_trend_npxg_xa,-0.11835129208728704,True,7,True
2.0,Ligue 1|Midfield,intercept,-2.014050337863409,True,7,True
2.0,Ligue 1|Midfield,age_at_world_cup,0.048097478063084814,True,7,True
2.0,Ligue 1|Midfield,market_value_log,0.9192450393540385,True,7,True
2.0,Ligue 1|Midfield,pre_minutes_share,0.23042929109523066,True,7,True
2.0,Ligue 1|Midfield,pre_squad_rate,-0.08421596480160466,True,7,True
2.0,Ligue 1|Midfield,pre_start_rate,-0.39598177625559144,True,7,True
2.0,Ligue 1|Midfield,pre_npxg_xa,0.23610917051246763,True,7,True
2.0,Ligue 1|Midfield,pre_injury_days,-0.27452498318140833,True,7,True
2.0,Ligue 1|Midfield,pre_club_ppg,0.40943337428818727,True,7,True
2.0,Ligue 1|Midfield,pre_opponent_ppg,0.12596116337698338,True,7,True
2.0,Ligue 1|Midfield,pre_trend_minutes_share,0.4228950402176879,True,7,True
2.0,Ligue 1|Midfield,pre_trend_npxg_xa,-0.2489454486507428,True,7,True
2.0,Ligue 1|Midfield,missing_pre_npxg_xa,-0.030060990382562144,True,7,True
2.0,Ligue 1|Midfield,missing_pre_trend_npxg_xa,-0.030060990382562144,True,7,True
2.0,Premier League|Attack,intercept,-0.4780814361776574,True,6,True
2.0,Premier League|Attack,age_at_world_cup,0.0984222006430806,True,6,True
2.0,Premier League|Attack,market_value_log,0.6846550462530974,True,6,True
2.0,Premier League|Attack,pre_minutes_share,-0.038516443996740805,True,6,True
2.0,Premier League|Attack,pre_squad_rate,-0.023738377568962372,True,6,True
2.0,Premier League|Attack,pre_start_rate,0.04556153795909211,True,6,True
2.0,Premier League|Attack,pre_npxg_xa,-0.10665297391893061,True,6,True
2.0,Premier League|Attack,pre_injury_days,-0.14529304428914852,True,6,True
2.0,Premier League|Attack,pre_club_ppg,0.944839537187781,True,6,True
2.0,Premier League|Attack,pre_opponent_ppg,-0.0945338965293397,True,6,True
2.0,Premier League|Attack,pre_trend_minutes_share,0.36655517506838436,True,6,True
2.0,Premier League|Attack,pre_trend_npxg_xa,0.2236509415524702,True,6,True
2.0,Premier League|Defender,intercept,-0.33936669271749176,True,6,True
2.0,Premier League|Defender,age_at_world_cup,0.19185621053859364,True,6,True
2.0,Premier League|Defender,market_value_log,0.7039361361333552,True,6,True
2.0,Premier League|Defender,pre_minutes_share,0.17169642541274058,True,6,True
2.0,Premier League|Defender,pre_squad_rate,0.3531008001053501,True,6,True
2.0,Premier League|Defender,pre_start_rate,-0.13721897417020976,True,6,True
2.0,Premier League|Defender,pre_npxg_xa,0.3340743789347179,True,6,True
2.0,Premier League|Defender,pre_injury_days,0.277274342393401,True,6,True
2.0,Premier League|Defender,pre_club_ppg,0.5335171055672918,True,6,True
2.0,Premier League|Defender,pre_opponent_ppg,0.006121787177082205,True,6,True
2.0,Premier League|Defender,pre_trend_minutes_share,-0.058767985333622916,True,6,True
2.0,Premier League|Defender,pre_trend_npxg_xa,0.0790257347597067,True,6,True
2.0,Premier League|Defender,missing_pre_npxg_xa,-0.5366636087179578,True,6,True
2.0,Premier League|Defender,missing_pre_trend_npxg_xa,-0.5366636087179578,True,6,True
2.0,Premier League|Midfield,intercept,-0.12426438145967698,True,6,True
2.0,Premier League|Midfield,age_at_world_cup,0.7134415054378387,True,6,True
2.0,Premier League|Midfield,market_value_log,0.9697501217120458,True,6,True
2.0,Premier League|Midfield,pre_minutes_share,0.28766939821553683,True,6,True
2.0,Premier League|Midfield,pre_squad_rate,-0.39267205473510497,True,6,True
2.0,Premier League|Midfield,pre_start_rate,-0.10552521544296889,True,6,True
2.0,Premier League|Midfield,pre_npxg_xa,-0.36737949083083127,True,6,True
2.0,Premier League|Midfield,pre_injury_days,-0.6990621324081809,True,6,True
2.0,Premier League|Midfield,pre_club_ppg,0.6440909640238217,True,6,True
2.0,Premier League|Midfield,pre_opponent_ppg,0.3623273882463661,True,6,True
2.0,Premier League|Midfield,pre_trend_minutes_share,-0.0027220873344215818,True,6,True
2.0,Premier League|Midfield,pre_trend_npxg_xa,-0.07211451504431846,True,6,True
2.0,Premier League|Midfield,missing_pre_npxg_xa,-0.2325059864780922,True,6,True
2.0,Premier League|Midfield,missing_pre_trend_npxg_xa,-0.2325059864780922,True,6,True
2.0,Serie A|Attack,intercept,-1.1703943789845141,True,6,True
2.0,Serie A|Attack,age_at_world_cup,0.2570129212754957,True,6,True
2.0,Serie A|Attack,market_value_log,0.5173707589110303,True,6,True
2.0,Serie A|Attack,pre_minutes_share,-0.04465018884145173,True,6,True
2.0,Serie A|Attack,pre_squad_rate,-0.2913504617731377,True,6,True
2.0,Serie A|Attack,pre_start_rate,-0.008660394380567558,True,6,True
2.0,Serie A|Attack,pre_npxg_xa,0.3791521872989989,True,6,True
2.0,Serie A|Attack,pre_injury_days,-0.8751060341424325,True,6,True
2.0,Serie A|Attack,pre_club_ppg,0.20799896056142117,True,6,True
2.0,Serie A|Attack,pre_opponent_ppg,-0.30910484311317155,True,6,True
2.0,Serie A|Attack,pre_trend_minutes_share,-0.12293928287918715,True,6,True
2.0,Serie A|Attack,pre_trend_npxg_xa,-0.5506767930926291,True,6,True
2.0,Serie A|Defender,intercept,-0.668722868329943,True,6,True
2.0,Serie A|Defender,age_at_world_cup,0.21264672267916976,True,6,True
2.0,Serie A|Defender,market_value_log,0.551503853394177,True,6,True
2.0,Serie A|Defender,pre_minutes_share,0.05614461828178668,True,6,True
2.0,Serie A|Defender,pre_squad_rate,0.23117415897898483,True,6,True
2.0,Serie A|Defender,pre_start_rate,-0.028658158142136674,True,6,True
2.0,Serie A|Defender,pre_npxg_xa,-0.13044315001323767,True,6,True
2.0,Serie A|Defender,pre_injury_days,-0.4607252262528523,True,6,True
2.0,Serie A|Defender,pre_club_ppg,0.014292424729486069,True,6,True
2.0,Serie A|Defender,pre_opponent_ppg,-0.16608006947975246,True,6,True
2.0,Serie A|Defender,pre_trend_minutes_share,0.18052065309899218,True,6,True
2.0,Serie A|Defender,pre_trend_npxg_xa,-0.15620489856159603,True,6,True
2.0,Serie A|Defender,missing_pre_npxg_xa,-0.21308238903300583,True,6,True
2.0,Serie A|Defender,missing_pre_trend_npxg_xa,-0.21308238903300583,True,6,True
2.0,Serie A|Midfield,intercept,-0.8671384240731584,True,6,True
2.0,Serie A|Midfield,age_at_world_cup,0.24237076971105675,True,6,True
2.0,Serie A|Midfield,market_value_log,0.6879559515800121,True,6,True
2.0,Serie A|Midfield,pre_minutes_share,0.19875709078050952,True,6,True
2.0,Serie A|Midfield,pre_squad_rate,-0.7879191894119439,True,6,True
2.0,Serie A|Midfield,pre_start_rate,0.08117765678033306,True,6,True
2.0,Serie A|Midfield,pre_npxg_xa,0.4720517364168348,True,6,True
2.0,Serie A|Midfield,pre_injury_days,0.14291327081524344,True,6,True
2.0,Serie A|Midfield,pre_club_ppg,0.03180699920976766,True,6,True
2.0,Serie A|Midfield,pre_opponent_ppg,0.2736781330673845,True,6,True
2.0,Serie A|Midfield,pre_trend_minutes_share,0.053069734914863644,True,6,True
2.0,Serie A|Midfield,pre_trend_npxg_xa,-0.20340984798805237,True,6,True
2.0,Serie A|Midfield,missing_pre_npxg_xa,0.0784048376206291,True,6,True
2.0,Serie A|Midfield,missing_pre_trend_npxg_xa,0.0784048376206291,True,6,True
