ridge,weighting_stratum,feature,coefficient,converged,iterations,selected
0.1,Bundesliga|Attack,intercept,-2.4685814770857757,True,9,False
0.1,Bundesliga|Attack,age_at_world_cup,-1.1109809676588194,True,9,False
0.1,Bundesliga|Attack,market_value_log,-0.5293132966948519,True,9,False
0.1,Bundesliga|Attack,pre_minutes_share,2.1132141046853565,True,9,False
0.1,Bundesliga|Attack,pre_squad_rate,0.8417948674325312,True,9,False
0.1,Bundesliga|Attack,pre_start_rate,-0.4707456616183343,True,9,False
0.1,Bundesliga|Attack,pre_npxg_xa,0.04053012722763015,True,9,False
0.1,Bundesliga|Attack,pre_injury_days,0.9184620100464223,True,9,False
0.1,Bundesliga|Attack,pre_club_ppg,3.3838992546583744,True,9,False
0.1,Bundesliga|Attack,pre_opponent_ppg,-1.4780557964322165,True,9,False
0.1,Bundesliga|Attack,pre_trend_minutes_share,-0.054265766354756245,True,9,False
0.1,Bundesliga|Attack,pre_trend_npxg_xa,-1.197552718338998,True,9,False
0.1,Bundesliga|Attack,missing_pre_npxg_xa,-1.2296191069207962,True,9,False
0.1,Bundesliga|Attack,missing_pre_trend_npxg_xa,-1.2296191069207962,True,9,False
0.1,Bundesliga|Defender,intercept,-1.5781985183341802,True,7,False
0.1,Bundesliga|Defender,age_at_world_cup,0.39796116629013784,True,7,False
0.1,Bundesliga|Defender,market_value_log,2.360212593889228,True,7,False
0.1,Bundesliga|Defender,pre_minutes_share,0.46137853169592224,True,7,False
0.1,Bundesliga|Defender,pre_squad_rate,-0.8293613279453153,True,7,False
0.1,Bundesliga|Defender,pre_start_rate,-0.25965842030816116,True,7,False
0.1,Bundesliga|Defender,pre_npxg_xa,0.34295060456792287,True,7,False
0.1,Bundesliga|Defender,pre_injury_days,-0.3330354193151868,True,7,False
0.1,Bundesliga|Defender,pre_club_ppg,-0.1380533507583995,True,7,False
0.1,Bundesliga|Defender,pre_opponent_ppg,0.030135279676723765,True,7,False
0.1,Bundesliga|Defender,pre_trend_minutes_share,0.953307033448829,True,7,False
0.1,Bundesliga|Defender,pre_trend_npxg_xa,-0.6704084136227582,True,7,False
0.1,Bundesliga|Defender,missing_pre_npxg_xa,-0.9496736707977763,True,7,False
0.1,Bundesliga|Defender,missing_pre_trend_npxg_xa,-0.9496736707977763,True,7,False
0.1,Bundesliga|Midfield,intercept,-0.933009745385048,True,7,False
0.1,Bundesliga|Midfield,age_at_world_cup,0.7316137868026016,True,7,False
0.1,Bundesliga|Midfield,market_value_log,1.6177140078815986,True,7,False
0.1,Bundesliga|Midfield,pre_minutes_share,-0.5492019098844823,True,7,False
0.1,Bundesliga|Midfield,pre_squad_rate,-0.5116825512225204,True,7,False
0.1,Bundesliga|Midfield,pre_start_rate,0.43436316604637654,True,7,False
0.1,Bundesliga|Midfield,pre_npxg_xa,0.22516061226306666,True,7,False
0.1,Bundesliga|Midfield,pre_injury_days,-0.17494398651249568,True,7,False
0.1,Bundesliga|Midfield,pre_club_ppg,0.4626467664096381,True,7,False
0.1,Bundesliga|Midfield,pre_opponent_ppg,0.5258734024614149,True,7,False
0.1,Bundesliga|Midfield,pre_trend_minutes_share,-0.05060536411072091,True,7,False
0.1,Bundesliga|Midfield,pre_trend_npxg_xa,0.21537473904307425,True,7,False
0.1,Bundesliga|Midfield,missing_pre_npxg_xa,-0.9549215820812624,True,7,False
0.1,Bundesliga|Midfield,missing_pre_trend_npxg_xa,-0.9549215820812624,True,7,False
0.1,LaLiga|Attack,intercept,-1.5123483162273148,True,8,False
0.1,LaLiga|Attack,age_at_world_cup,0.6338988865257706,True,8,False
0.1,LaLiga|Attack,market_value_log,2.50281106668079,True,8,False
0.1,LaLiga|Attack,pre_minutes_share,0.0558545673298505,True,8,False
0.1,LaLiga|Attack,pre_squad_rate,-1.8243700361580264,True,8,False
0.1,LaLiga|Attack,pre_start_rate,-0.36854303031624513,True,8,False
0.1,LaLiga|Attack,pre_npxg_xa,0.49139755145657205,True,8,False
0.1,LaLiga|Attack,pre_injury_days,-0.1691020010307458,True,8,False
0.1,LaLiga|Attack,pre_club_ppg,0.9513948235048151,True,8,False
0.1,LaLiga|Attack,pre_opponent_ppg,0.49887288865718216,True,8,False
0.1,LaLiga|Attack,pre_trend_minutes_share,-0.3771411575200803,True,8,False
0.1,LaLiga|Attack,pre_trend_npxg_xa,0.24250806114004705,True,8,False
0.1,LaLiga|Attack,missing_pre_npxg_xa,-0.6710711208521416,True,8,False
0.1,LaLiga|Attack,missing_pre_trend_npxg_xa,-0.6710711208521416,True,8,False
0.1,LaLiga|Defender,intercept,-2.015003501684945,True,7,False
0.1,LaLiga|Defender,age_at_world_cup,0.12452810456266013,True,7,False
0.1,LaLiga|Defender,market_value_log,0.8863136271080764,True,7,False
0.1,LaLiga|Defender,pre_minutes_share,1.2505369531399846,True,7,False
0.1,LaLiga|Defender,pre_squad_rate,-0.5659667788609967,True,7,False
0.1,LaLiga|Defender,pre_start_rate,-0.712625824538373,True,7,False
0.1,LaLiga|Defender,pre_npxg_xa,-0.2650891342697729,True,7,False
0.1,LaLiga|Defender,pre_injury_days,-0.6440706761716318,True,7,False
0.1,LaLiga|Defender,pre_club_ppg,0.6465398794147699,True,7,False
0.1,LaLiga|Defender,pre_opponent_ppg,0.21546710608401293,True,7,False
0.1,LaLiga|Defender,pre_trend_minutes_share,0.01472843211434979,True,7,False
0.1,LaLiga|Defender,pre_trend_npxg_xa,0.29360625400213347,True,7,False
0.1,LaLiga|Defender,missing_pre_npxg_xa,-0.19933271783293702,True,7,False
0.1,LaLiga|Defender,missing_pre_trend_npxg_xa,-0.19933271783293702,True,7,False
0.1,LaLiga|Midfield,intercept,-1.8432248599062002,True,7,False
0.1,LaLiga|Midfield,age_at_world_cup,0.5230725422546045,True,7,False
0.1,LaLiga|Midfield,market_value_log,1.4556663214479604,True,7,False
0.1,LaLiga|Midfield,pre_minutes_share,-1.3010580948580408,True,7,False
0.1,LaLiga|Midfield,pre_squad_rate,0.5268023213780012,True,7,False
0.1,LaLiga|Midfield,pre_start_rate,1.2175522433559158,True,7,False
0.1,LaLiga|Midfield,pre_npxg_xa,-1.0166367846463145,True,7,False
0.1,LaLiga|Midfield,pre_injury_days,0.10185442530111671,True,7,False
0.1,LaLiga|Midfield,pre_club_ppg,0.8398999218489985,True,7,False
0.1,LaLiga|Midfield,pre_opponent_ppg,-0.44637180433217993,True,7,False
0.1,LaLiga|Midfield,pre_trend_minutes_share,0.23465158904995306,True,7,False
0.1,LaLiga|Midfield,pre_trend_npxg_xa,0.3174948393879131,True,7,False
0.1,Ligue 1|Attack,intercept,-2.6122139036179477,True,8,False
0.1,Ligue 1|Attack,age_at_world_cup,0.36442130194133276,True,8,False
0.1,Ligue 1|Attack,market_value_log,0.6998286449093839,True,8,False
0.1,Ligue 1|Attack,pre_minutes_share,-1.24840032708632,True,8,False
0.1,Ligue 1|Attack,pre_squad_rate,-0.4039562989036874,True,8,False
0.1,Ligue 1|Attack,pre_start_rate,-0.23260936771247395,True,8,False
0.1,Ligue 1|Attack,pre_npxg_xa,1.2176015547649996,True,8,False
0.1,Ligue 1|Attack,pre_injury_days,-2.0064735648128096,True,8,False
0.1,Ligue 1|Attack,pre_club_ppg,1.347756785319243,True,8,False
0.1,Ligue 1|Attack,pre_opponent_ppg,0.47449647816600965,True,8,False
0.1,Ligue 1|Attack,pre_trend_minutes_share,1.0747229232151532,True,8,False
0.1,Ligue 1|Attack,pre_trend_npxg_xa,-1.3601135918183649,True,8,False
0.1,Ligue 1|Defender,intercept,-1.719187194447746,True,7,False
0.1,Ligue 1|Defender,age_at_world_cup,0.07042139257249408,True,7,False
0.1,Ligue 1|Defender,market_value_log,0.7793272177563619,True,7,False
0.1,Ligue 1|Defender,pre_minutes_share,-0.4130773756835321,True,7,False
0.1,Ligue 1|Defender,pre_squad_rate,-0.11280662178321542,True,7,False
0.1,Ligue 1|Defender,pre_start_rate,0.29982198215046807,True,7,False
0.1,Ligue 1|Defender,pre_npxg_xa,0.369308964069413,True,7,False
0.1,Ligue 1|Defender,pre_injury_days,-0.6566282008280077,True,7,False
0.1,Ligue 1|Defender,pre_club_ppg,0.03834939407208677,True,7,False
0.1,Ligue 1|Defender,pre_opponent_ppg,-0.7358804826653064,True,7,False
0.1,Ligue 1|Defender,pre_trend_minutes_share,-0.0337760009451117,True,7,False
0.1,Ligue 1|Defender,pre_trend_npxg_xa,-0.021066484741498113,True,7,False
0.1,Ligue 1|Defender,missing_pre_npxg_xa,-0.3544524248745182,True,7,False
0.1,Ligue 1|Defender,missing_pre_trend_npxg_xa,-0.3544524248745183,True,7,False
0.1,Ligue 1|Midfield,intercept,-2.4820261409656412,True,8,False
0.1,Ligue 1|Midfield,age_at_world_cup,-0.2935964611366929,True,8,False
0.1,Ligue 1|Midfield,market_value_log,1.723857347544074,True,8,False
0.1,Ligue 1|Midfield,pre_minutes_share,1.2580593487034473,True,8,False
0.1,Ligue 1|Midfield,pre_squad_rate,-0.8998070130609201,True,8,False
0.1,Ligue 1|Midfield,pre_start_rate,-1.5080251187164493,True,8,False
0.1,Ligue 1|Midfield,pre_npxg_xa,0.10501669721116837,True,8,False
0.1,Ligue 1|Midfield,pre_injury_days,-0.6350795689238122,True,8,False
0.1,Ligue 1|Midfield,pre_club_ppg,0.4427638944265381,True,8,False
0.1,Ligue 1|Midfield,pre_opponent_ppg,0.14484370736034197,True,8,False
0.1,Ligue 1|Midfield,pre_trend_minutes_share,0.8767524542913748,True,8,False
0.1,Ligue 1|Midfield,pre_trend_npxg_xa,-0.4724071349777679,True,8,False
0.1,Ligue 1|Midfield,missing_pre_npxg_xa,-1.2575120388932681,True,8,False
0.1,Ligue 1|Midfield,missing_pre_trend_npxg_xa,-1.2575120388932681,True,8,False
0.1,Premier League|Attack,intercept,-0.2315900236189971,True,7,False
0.1,Premier League|Attack,age_at_world_cup,-0.06913006041144393,True,7,False
0.1,Premier League|Attack,market_value_log,0.8453770507513804,True,7,False
0.1,Premier League|Attack,pre_minutes_share,-0.1884922942951999,True,7,False
0.1,Premier League|Attack,pre_squad_rate,0.13791655561494742,True,7,False
0.1,Premier League|Attack,pre_start_rate,-0.18533770568306734,True,7,False
0.1,Premier League|Attack,pre_npxg_xa,-0.0883297729083058,True,7,False
0.1,Premier League|Attack,pre_injury_days,-0.11025596614263468,True,7,False
0.1,Premier League|Attack,pre_club_ppg,2.1130712954236652,True,7,False
0.1,Premier League|Attack,pre_opponent_ppg,-0.4869545017206619,True,7,False
0.1,Premier League|Attack,pre_trend_minutes_share,0.645239732506477,True,7,False
0.1,Premier League|Attack,pre_trend_npxg_xa,0.6340689700929675,True,7,False
0.1,Premier League|Defender,intercept,-0.232975407909532,True,7,False
0.1,Premier League|Defender,age_at_world_cup,0.23680193929740423,True,7,False
0.1,Premier League|Defender,market_value_log,0.8110901573963567,True,7,False
0.1,Premier League|Defender,pre_minutes_share,0.9280205128749048,True,7,False
0.1,Premier League|Defender,pre_squad_rate,-0.2330519077810861,True,7,False
0.1,Premier League|Defender,pre_start_rate,-0.4741918771590933,True,7,False
0.1,Premier League|Defender,pre_npxg_xa,0.4554684624459568,True,7,False
0.1,Premier League|Defender,pre_injury_days,0.20272554067060083,True,7,False
0.1,Premier League|Defender,pre_club_ppg,0.6831711030764112,True,7,False
0.1,Premier League|Defender,pre_opponent_ppg,-0.009906011768189116,True,7,False
0.1,Premier League|Defender,pre_trend_minutes_share,-0.11362792758802047,True,7,False
0.1,Premier League|Defender,pre_trend_npxg_xa,0.15943134962227945,True,7,False
0.1,Premier League|Defender,missing_pre_npxg_xa,-1.9213921308970263,True,7,False
0.1,Premier League|Defender,missing_pre_trend_npxg_xa,-1.9213921308970263,True,7,False
0.1,Premier League|Midfield,intercept,0.11682000734820723,True,7,False
0.1,Premier League|Midfield,age_at_world_cup,0.8960594826446221,True,7,False
0.1,Premier League|Midfield,market_value_log,1.590543394929876,True,7,False
0.1,Premier League|Midfield,pre_minutes_share,0.7892195487051319,True,7,False
0.1,Premier League|Midfield,pre_squad_rate,-0.643583997963821,True,7,False
0.1,Premier League|Midfield,pre_start_rate,-0.4291185774381098,True,7,False
0.1,Premier League|Midfield,pre_npxg_xa,-0.6050693972921062,True,7,False
0.1,Premier League|Midfield,pre_injury_days,-0.45639939978046906,True,7,False
0.1,Premier League|Midfield,pre_club_ppg,0.7562821629679444,True,7,False
0.1,Premier League|Midfield,pre_opponent_ppg,0.7187043276874997,True,7,False
0.1,Premier League|Midfield,pre_trend_minutes_share,0.13853631655520796,True,7,False
0.1,Premier League|Midfield,pre_trend_npxg_xa,-0.038928377628984795,True,7,False
0.1,Premier League|Midfield,missing_pre_npxg_xa,-1.5470775726304804,True,7,False
0.1,Premier League|Midfield,missing_pre_trend_npxg_xa,-1.5470775726304804,True,7,False
0.1,Serie A|Attack,intercept,-1.512068775023783,True,8,False
0.1,Serie A|Attack,age_at_world_cup,0.4968206280386072,True,8,False
0.1,Serie A|Attack,market_value_log,1.3030200984315634,True,8,False
0.1,Serie A|Attack,pre_minutes_share,0.10882121693318544,True,8,False
0.1,Serie A|Attack,pre_squad_rate,-0.7267067317961718,True,8,False
0.1,Serie A|Attack,pre_start_rate,-1.0066074324301055,True,8,False
0.1,Serie A|Attack,pre_npxg_xa,0.5362767663292155,True,8,False
0.1,Serie A|Attack,pre_injury_days,-2.65879447454675,True,8,False
0.1,Serie A|Attack,pre_club_ppg,-0.006328656107942125,True,8,False
0.1,Serie A|Attack,pre_opponent_ppg,-0.6246169543322877,True,8,False
0.1,Serie A|Attack,pre_trend_minutes_share,0.25446257705702924,True,8,False
0.1,Serie A|Attack,pre_trend_npxg_xa,-1.354885806050104,True,8,False
0.1,Serie A|Defender,intercept,-0.6107912705649587,True,7,False
0.1,Serie A|Defender,age_at_world_cup,0.5986194310398372,True,7,False
0.1,Serie A|Defender,market_value_log,1.2646652369077782,True,7,False
0.1,Serie A|Defender,pre_minutes_share,-0.08912050438992257,True,7,False
0.1,Serie A|Defender,pre_squad_rate,-0.19886083724489184,True,7,False
0.1,Serie A|Defender,pre_start_rate,-0.4682548789642311,True,7,False
0.1,Serie A|Defender,pre_npxg_xa,-0.33467372715806937,True,7,False
0.1,Serie A|Defender,pre_injury_days,-1.5740152880155764,True,7,False
0.1,Serie A|Defender,pre_club_ppg,-0.3978026157344985,True,7,False
0.1,Serie A|Defender,pre_opponent_ppg,0.01702852290281049,True,7,False
0.1,Serie A|Defender,pre_trend_minutes_share,0.3992271965317092,True,7,False
0.1,Serie A|Defender,pre_trend_npxg_xa,-0.11781523476915283,True,7,False
0.1,Serie A|Defender,missing_pre_npxg_xa,-0.6406147568012769,True,7,False
0.1,Serie A|Defender,missing_pre_trend_npxg_xa,-0.6406147568012769,True,7,False
0.1,Serie A|Midfield,intercept,-0.7373635928739144,True,6,False
0.1,Serie A|Midfield,age_at_world_cup,0.306327184160431,True,6,False
0.1,Serie A|Midfield,market_value_log,1.0796917899330147,True,6,False
0.1,Serie A|Midfield,pre_minutes_share,0.3000586714699329,True,6,False
0.1,Serie A|Midfield,pre_squad_rate,-0.8412888856185232,True,6,False
0.1,Serie A|Midfield,pre_start_rate,-0.18734168320744074,True,6,False
0.1,Serie A|Midfield,pre_npxg_xa,0.6812016689170187,True,6,False
0.1,Serie A|Midfield,pre_injury_days,-0.0991967066298532,True,6,False
0.1,Serie A|Midfield,pre_club_ppg,-0.3065415313235744,True,6,False
0.1,Serie A|Midfield,pre_opponent_ppg,0.3438951408772391,True,6,False
0.1,Serie A|Midfield,pre_trend_minutes_share,0.16239228487013124,True,6,False
0.1,Serie A|Midfield,pre_trend_npxg_xa,-0.12234740175059271,True,6,False
0.1,Serie A|Midfield,missing_pre_npxg_xa,0.6804667986968038,True,6,False
0.1,Serie A|Midfield,missing_pre_trend_npxg_xa,0.6804667986968038,True,6,False
0.2,Bundesliga|Attack,intercept,-2.1756924430797584,True,8,False
0.2,Bundesliga|Attack,age_at_world_cup,-0.8828868130966852,True,8,False
0.2,Bundesliga|Attack,market_value_log,-0.1961938676162727,True,8,False
0.2,Bundesliga|Attack,pre_minutes_share,1.474124432773711,True,8,False
0.2,Bundesliga|Attack,pre_squad_rate,0.771978887200738,True,8,False
0.2,Bundesliga|Attack,pre_start_rate,-0.21619881633049132,True,8,False
0.2,Bundesliga|Attack,pre_npxg_xa,0.19286447593913966,True,8,False
0.2,Bundesliga|Attack,pre_injury_days,0.7798109284223257,True,8,False
0.2,Bundesliga|Attack,pre_club_ppg,2.667934583811404,True,8,False
0.2,Bundesliga|Attack,pre_opponent_ppg,-1.2375879997557881,True,8,False
0.2,Bundesliga|Attack,pre_trend_minutes_share,0.0354755896034517,True,8,False
0.2,Bundesliga|Attack,pre_trend_npxg_xa,-0.9801571417071626,True,8,False
0.2,Bundesliga|Attack,missing_pre_npxg_xa,-0.8668942188227202,True,8,False
0.2,Bundesliga|Attack,missing_pre_trend_npxg_xa,-0.8668942188227202,True,8,False
0.2,Bundesliga|Defender,intercept,-1.5414637899221146,True,7,False
0.2,Bundesliga|Defender,age_at_world_cup,0.3477950829710825,True,7,False
0.2,Bundesliga|Defender,market_value_log,2.2362270910846775,True,7,False
0.2,Bundesliga|Defender,pre_minutes_share,0.3533893872151577,True,7,False
0.2,Bundesliga|Defender,pre_squad_rate,-0.7771418901489723,True,7,False
0.2,Bundesliga|Defender,pre_start_rate,-0.1623291121614327,True,7,False
0.2,Bundesliga|Defender,pre_npxg_xa,0.34651474205311034,True,7,False
0.2,Bundesliga|Defender,pre_injury_days,-0.3025693174004206,True,7,False
0.2,Bundesliga|Defender,pre_club_ppg,-0.08850277596988544,True,7,False
0.2,Bundesliga|Defender,pre_opponent_ppg,0.04059990157342246,True,7,False
0.2,Bundesliga|Defender,pre_trend_minutes_share,0.9070374701766037,True,7,False
0.2,Bundesliga|Defender,pre_trend_npxg_xa,-0.6477804273327215,True,7,False
0.2,Bundesliga|Defender,missing_pre_npxg_xa,-0.7166074768773053,True,7,False
0.2,Bundesliga|Defender,missing_pre_trend_npxg_xa,-0.7166074768773053,True,7,False
0.2,Bundesliga|Midfield,intercept,-0.9207538956260415,True,6,False
0.2,Bundesliga|Midfield,age_at_world_cup,0.6903012148393095,True,6,False
0.2,Bundesliga|Midfield,market_value_log,1.5439808601444176,True,6,False
0.2,Bundesliga|Midfield,pre_minutes_share,-0.41708862126288065,True,6,False
0.2,Bundesliga|Midfield,pre_squad_rate,-0.5101584342721035,True,6,False
0.2,Bundesliga|Midfield,pre_start_rate,0.3126892454125583,True,6,False
0.2,Bundesliga|Midfield,pre_npxg_xa,0.23949802240044163,True,6,False
0.2,Bundesliga|Midfield,pre_injury_days,-0.16900844368368168,True,6,False
0.2,Bundesliga|Midfield,pre_club_ppg,0.4672481006590983,True,6,False
0.2,Bundesliga|Midfield,pre_opponent_ppg,0.5096189165600122,True,6,False
0.2,Bundesliga|Midfield,pre_trend_minutes_share,-0.05029251402225235,True,6,False
0.2,Bundesliga|Midfield,pre_trend_npxg_xa,0.19623059220746486,True,6,False
0.2,Bundesliga|Midfield,missing_pre_npxg_xa,-0.7234328350621722,True,6,False
0.2,Bundesliga|Midfield,missing_pre_trend_npxg_xa,-0.7234328350621722,True,6,False
0.2,LaLiga|Attack,intercept,-1.458652035720882,True,8,False
0.2,LaLiga|Attack,age_at_world_cup,0.5246347174686111,True,8,False
0.2,LaLiga|Attack,market_value_log,2.268709326202388,True,8,False
0.2,LaLiga|Attack,pre_minutes_share,-0.0736174607914693,True,8,False
0.2,LaLiga|Attack,pre_squad_rate,-1.6453910082429515,True,8,False
0.2,LaLiga|Attack,pre_start_rate,-0.235156609641725,True,8,False
0.2,LaLiga|Attack,pre_npxg_xa,0.5555186800393338,True,8,False
0.2,LaLiga|Attack,pre_injury_days,-0.17305724528821123,True,8,False
0.2,LaLiga|Attack,pre_club_ppg,0.8550157673989652,True,8,False
0.2,LaLiga|Attack,pre_opponent_ppg,0.43781354474672846,True,8,False
0.2,LaLiga|Attack,pre_trend_minutes_share,-0.337104009718853,True,8,False
0.2,LaLiga|Attack,pre_trend_npxg_xa,0.18694177944687057,True,8,False
0.2,LaLiga|Attack,missing_pre_npxg_xa,-0.553043504493981,True,8,False
0.2,LaLiga|Attack,missing_pre_trend_npxg_xa,-0.553043504493981,True,8,False
0.2,LaLiga|Defender,intercept,-1.9969014804107232,True,7,False
0.2,LaLiga|Defender,age_at_world_cup,0.13337368889435736,True,7,False
0.2,LaLiga|Defender,market_value_log,0.8753721545307391,True,7,False
0.2,LaLiga|Defender,pre_minutes_share,1.0310688254730491,True,7,False
0.2,LaLiga|Defender,pre_squad_rate,-0.529797533591106,True,7,False
0.2,LaLiga|Defender,pre_start_rate,-0.5056907433209742,True,7,False
0.2,LaLiga|Defender,pre_npxg_xa,-0.25842533190797073,True,7,False
0.2,LaLiga|Defender,pre_injury_days,-0.6190415680751993,True,7,False
0.2,LaLiga|Defender,pre_club_ppg,0.6355444895420658,True,7,False
0.2,LaLiga|Defender,pre_opponent_ppg,0.21280323051049746,True,7,False
0.2,LaLiga|Defender,pre_trend_minutes_share,0.03256249483304831,True,7,False
0.2,LaLiga|Defender,pre_trend_npxg_xa,0.2824100120783722,True,7,False
0.2,LaLiga|Defender,missing_pre_npxg_xa,-0.1883642698639102,True,7,False
0.2,LaLiga|Defender,missing_pre_trend_npxg_xa,-0.1883642698639102,True,7,False
0.2,LaLiga|Midfield,intercept,-1.8028045542675906,True,7,False
0.2,LaLiga|Midfield,age_at_world_cup,0.4850036913503098,True,7,False
0.2,LaLiga|Midfield,market_value_log,1.3761928443247302,True,7,False
0.2,LaLiga|Midfield,pre_minutes_share,-1.0409446928266308,True,7,False
0.2,LaLiga|Midfield,pre_squad_rate,0.46589946214714406,True,7,False
0.2,LaLiga|Midfield,pre_start_rate,0.9778989711629925,True,7,False
0.2,LaLiga|Midfield,pre_npxg_xa,-0.9496587846925029,True,7,False
0.2,LaLiga|Midfield,pre_injury_days,0.08169713568607322,True,7,False
0.2,LaLiga|Midfield,pre_club_ppg,0.8274151411704099,True,7,False
0.2,LaLiga|Midfield,pre_opponent_ppg,-0.42524380815698537,True,7,False
0.2,LaLiga|Midfield,pre_trend_minutes_share,0.24037510869735843,True,7,False
0.2,LaLiga|Midfield,pre_trend_npxg_xa,0.28598851133009157,True,7,False
0.2,Ligue 1|Attack,intercept,-2.395520804766603,True,8,False
0.2,Ligue 1|Attack,age_at_world_cup,0.344751966347105,True,8,False
0.2,Ligue 1|Attack,market_value_log,0.6924514220563447,True,8,False
0.2,Ligue 1|Attack,pre_minutes_share,-1.0355942829547085,True,8,False
0.2,Ligue 1|Attack,pre_squad_rate,-0.2914066609510716,True,8,False
0.2,Ligue 1|Attack,pre_start_rate,-0.2602419636234313,True,8,False
0.2,Ligue 1|Attack,pre_npxg_xa,1.080913743579649,True,8,False
0.2,Ligue 1|Attack,pre_injury_days,-1.6607669936688654,True,8,False
0.2,Ligue 1|Attack,pre_club_ppg,1.1824216040065523,True,8,False
0.2,Ligue 1|Attack,pre_opponent_ppg,0.40208867686230826,True,8,False
0.2,Ligue 1|Attack,pre_trend_minutes_share,0.9318338654377644,True,8,False
0.2,Ligue 1|Attack,pre_trend_npxg_xa,-1.173494596543042,True,8,False
0.2,Ligue 1|Defender,intercept,-1.7076601841534673,True,7,False
0.2,Ligue 1|Defender,age_at_world_cup,0.060185669389642885,True,7,False
0.2,Ligue 1|Defender,market_value_log,0.755838733380085,True,7,False
0.2,Ligue 1|Defender,pre_minutes_share,-0.3293991214193714,True,7,False
0.2,Ligue 1|Defender,pre_squad_rate,-0.11767434232754001,True,7,False
0.2,Ligue 1|Defender,pre_start_rate,0.23014486665993686,True,7,False
0.2,Ligue 1|Defender,pre_npxg_xa,0.3635375039160211,True,7,False
0.2,Ligue 1|Defender,pre_injury_days,-0.6226503935944063,True,7,False
0.2,Ligue 1|Defender,pre_club_ppg,0.04943739109071335,True,7,False
0.2,Ligue 1|Defender,pre_opponent_ppg,-0.7211398221327292,True,7,False
0.2,Ligue 1|Defender,pre_trend_minutes_share,-0.03337862894871155,True,7,False
0.2,Ligue 1|Defender,pre_trend_npxg_xa,-0.019510010346871245,True,7,False
0.2,Ligue 1|Defender,missing_pre_npxg_xa,-0.2300234393261298,True,7,False
0.2,Ligue 1|Defender,missing_pre_trend_npxg_xa,-0.2300234393261298,True,7,False
0.2,Ligue 1|Midfield,intercept,-2.3684457447967535,True,7,False
0.2,Ligue 1|Midfield,age_at_world_cup,-0.25932642330509303,True,7,False
0.2,Ligue 1|Midfield,market_value_log,1.596461011746262,True,7,False
0.2,Ligue 1|Midfield,pre_minutes_share,0.9390605231771795,True,7,False
0.2,Ligue 1|Midfield,pre_squad_rate,-0.7419888073695369,True,7,False
0.2,Ligue 1|Midfield,pre_start_rate,-1.2219739318209561,True,7,False
0.2,Ligue 1|Midfield,pre_npxg_xa,0.12088405114362673,True,7,False
0.2,Ligue 1|Midfield,pre_injury_days,-0.5691458054545537,True,7,False
0.2,Ligue 1|Midfield,pre_club_ppg,0.4207469655341813,True,7,False
0.2,Ligue 1|Midfield,pre_opponent_ppg,0.13997392985505158,True,7,False
0.2,Ligue 1|Midfield,pre_trend_minutes_share,0.8023101022901342,True,7,False
0.2,Ligue 1|Midfield,pre_trend_npxg_xa,-0.43762701413791777,True,7,False
0.2,Ligue 1|Midfield,missing_pre_npxg_xa,-0.960249420416163,True,7,False
0.2,Ligue 1|Midfield,missing_pre_trend_npxg_xa,-0.960249420416163,True,7,False
0.2,Premier League|Attack,intercept,-0.23302888984178163,True,7,False
0.2,Premier League|Attack,age_at_world_cup,-0.06256955789931695,True,7,False
0.2,Premier League|Attack,market_value_log,0.8020088023430695,True,7,False
0.2,Premier League|Attack,pre_minutes_share,-0.200141578174576,True,7,False
0.2,Premier League|Attack,pre_squad_rate,0.12585435906253797,True,7,False
0.2,Premier League|Attack,pre_start_rate,-0.15330518085538017,True,7,False
0.2,Premier League|Attack,pre_npxg_xa,-0.07429796584768339,True,7,False
0.2,Premier League|Attack,pre_injury_days,-0.10326242250659443,True,7,False
0.2,Premier League|Attack,pre_club_ppg,1.9837555943832723,True,7,False
0.2,Premier League|Attack,pre_opponent_ppg,-0.4423671085086423,True,7,False
0.2,Premier League|Attack,pre_trend_minutes_share,0.6123662699553908,True,7,False
0.2,Premier League|Attack,pre_trend_npxg_xa,0.5780901496648613,True,7,False
0.2,Premier League|Defender,intercept,-0.23910514196993418,True,7,False
0.2,Premier League|Defender,age_at_world_cup,0.242787193872517,True,7,False
0.2,Premier League|Defender,market_value_log,0.7979144690175014,True,7,False
0.2,Premier League|Defender,pre_minutes_share,0.7743588894523671,True,7,False
0.2,Premier League|Defender,pre_squad_rate,-0.21696734362297748,True,7,False
0.2,Premier League|Defender,pre_start_rate,-0.3394892701576267,True,7,False
0.2,Premier League|Defender,pre_npxg_xa,0.4456431566981137,True,7,False
0.2,Premier League|Defender,pre_injury_days,0.19814850236708387,True,7,False
0.2,Premier League|Defender,pre_club_ppg,0.6591809771859265,True,7,False
0.2,Premier League|Defender,pre_opponent_ppg,-0.0067740262600063834,True,7,False
0.2,Premier League|Defender,pre_trend_minutes_share,-0.11043227936246912,True,7,False
0.2,Premier League|Defender,pre_trend_npxg_xa,0.15434173760437103,True,7,False
0.2,Premier League|Defender,missing_pre_npxg_xa,-1.58544626577998,True,7,False
0.2,Premier League|Defender,missing_pre_trend_npxg_xa,-1.58544626577998,True,7,False
0.2,Premier League|Midfield,intercept,0.10276443063584578,True,7,False
0.2,Premier League|Midfield,age_at_world_cup,0.8537324596302192,True,7,False
0.2,Premier League|Midfield,market_value_log,1.5343364491318559,True,7,False
0.2,Premier League|Midfield,pre_minutes_share,0.6705179373391834,True,7,False
0.2,Premier League|Midfield,pre_squad_rate,-0.6192297319100124,True,7,False
0.2,Premier League|Midfield,pre_start_rate,-0.33122281870041115,True,7,False
0.2,Premier League|Midfield,pre_npxg_xa,-0.5838136081261642,True,7,False
0.2,Premier League|Midfield,pre_injury_days,-0.46716773015925933,True,7,False
0.2,Premier League|Midfield,pre_club_ppg,0.7493093052633567,True,7,False
0.2,Premier League|Midfield,pre_opponent_ppg,0.6921470157106024,True,7,False
0.2,Premier League|Midfield,pre_trend_minutes_share,0.1323023250568538,True,7,False
0.2,Premier League|Midfield,pre_trend_npxg_xa,-0.04395171075104728,True,7,False
0.2,Premier League|Midfield,missing_pre_npxg_xa,-1.2014402954311167,True,7,False
0.2,Premier League|Midfield,missing_pre_trend_npxg_xa,-1.2014402954311167,True,7,False
0.2,Serie A|Attack,intercept,-1.302345849002764,True,7,False
0.2,Serie A|Attack,age_at_world_cup,0.3663972109436257,True,7,False
0.2,Serie A|Attack,market_value_log,1.0364119419401634,True,7,False
0.2,Serie A|Attack,pre_minutes_share,-0.04347543445928302,True,7,False
0.2,Serie A|Attack,pre_squad_rate,-0.5212149541394719,True,7,False
0.2,Serie A|Attack,pre_start_rate,-0.6924643499954408,True,7,False
0.2,Serie A|Attack,pre_npxg_xa,0.5163207658931783,True,7,False
0.2,Serie A|Attack,pre_injury_days,-2.131400414929242,True,7,False
0.2,Serie A|Attack,pre_club_ppg,0.09031239428616172,True,7,False
0.2,Serie A|Attack,pre_opponent_ppg,-0.5880482038152933,True,7,False
0.2,Serie A|Attack,pre_trend_minutes_share,0.16544440133592814,True,7,False
0.2,Serie A|Attack,pre_trend_npxg_xa,-1.1683053551187155,True,7,False
0.2,Serie A|Defender,intercept,-0.5938315397956191,True,7,False
0.2,Serie A|Defender,age_at_world_cup,0.5442747710513816,True,7,False
0.2,Serie A|Defender,market_value_log,1.1485403307909186,True,7,False
0.2,Serie A|Defender,pre_minutes_share,-0.10472849129442084,True,7,False
0.2,Serie A|Defender,pre_squad_rate,-0.14729449501189085,True,7,False
0.2,Serie A|Defender,pre_start_rate,-0.39355368929224166,True,7,False
0.2,Serie A|Defender,pre_npxg_xa,-0.3076873238127239,True,7,False
0.2,Serie A|Defender,pre_injury_days,-1.4221711185885433,True,7,False
0.2,Serie A|Defender,pre_club_ppg,-0.3101687142430075,True,7,False
0.2,Serie A|Defender,pre_opponent_ppg,0.010321131956126947,True,7,False
0.2,Serie A|Defender,pre_trend_minutes_share,0.3578722357838082,True,7,False
0.2,Serie A|Defender,pre_trend_npxg_xa,-0.10665341094498186,True,7,False
0.2,Serie A|Defender,missing_pre_npxg_xa,-0.5763056269225764,True,7,False
0.2,Serie A|Defender,missing_pre_trend_npxg_xa,-0.5763056269225764,True,7,False
0.2,Serie A|Midfield,intercept,-0.7268180645444662,True,6,False
0.2,Serie A|Midfield,age_at_world_cup,0.3010014935650409,True,6,False
0.2,Serie A|Midfield,market_value_log,1.0305610217330834,True,6,False
0.2,Serie A|Midfield,pre_minutes_share,0.2709017721167394,True,6,False
0.2,Serie A|Midfield,pre_squad_rate,-0.8327755609430284,True,6,False
0.2,Serie A|Midfield,pre_start_rate,-0.13494058375656928,True,6,False
0.2,Serie A|Midfield,pre_npxg_xa,0.6446896353529616,True,6,False
0.2,Serie A|Midfield,pre_injury_days,-0.08867707787140576,True,6,False
0.2,Serie A|Midfield,pre_club_ppg,-0.2524375957429494,True,6,False
0.2,Serie A|Midfield,pre_opponent_ppg,0.3369301843785263,True,6,False
0.2,Serie A|Midfield,pre_trend_minutes_share,0.1672102431833609,True,6,False
0.2,Serie A|Midfield,pre_trend_npxg_xa,-0.13358889846573446,True,6,False
0.2,Serie A|Midfield,missing_pre_npxg_xa,0.471437920985415,True,6,False
0.2,Serie A|Midfield,missing_pre_trend_npxg_xa,0.471437920985415,True,6,False
0.3,Bundesliga|Attack,intercept,-2.025768593330822,True,8,False
0.3,Bundesliga|Attack,age_at_world_cup,-0.7662959598906199,True,8,False
0.3,Bundesliga|Attack,market_value_log,-0.037629368472552986,True,8,False
0.3,Bundesliga|Attack,pre_minutes_share,1.1842466408329193,True,8,False
0.3,Bundesliga|Attack,pre_squad_rate,0.720939258236243,True,8,False
0.3,Bundesliga|Attack,pre_start_rate,-0.09708454390237094,True,8,False
0.3,Bundesliga|Attack,pre_npxg_xa,0.24712865795939867,True,8,False
0.3,Bundesliga|Attack,pre_injury_days,0.709057878376904,True,8,False
0.3,Bundesliga|Attack,pre_club_ppg,2.310626798537128,True,8,False
0.3,Bundesliga|Attack,pre_opponent_ppg,-1.1131793705932984,True,8,False
0.3,Bundesliga|Attack,pre_trend_minutes_share,0.06942075320610543,True,8,False
0.3,Bundesliga|Attack,pre_trend_npxg_xa,-0.8588037445082005,True,8,False
0.3,Bundesliga|Attack,missing_pre_npxg_xa,-0.6857205008740314,True,8,False
0.3,Bundesliga|Attack,missing_pre_trend_npxg_xa,-0.6857205008740314,True,8,False
0.3,Bundesliga|Defender,intercept,-1.511759109311355,True,7,False
0.3,Bundesliga|Defender,age_at_world_cup,0.30752279323901716,True,7,False
0.3,Bundesliga|Defender,market_value_log,2.1342232477935106,True,7,False
0.3,Bundesliga|Defender,pre_minutes_share,0.2884946364060701,True,7,False
0.3,Bundesliga|Defender,pre_squad_rate,-0.7361538482300346,True,7,False
0.3,Bundesliga|Defender,pre_start_rate,-0.10431846464032765,True,7,False
0.3,Bundesliga|Defender,pre_npxg_xa,0.3486413084381742,True,7,False
0.3,Bundesliga|Defender,pre_injury_days,-0.27992000405357187,True,7,False
0.3,Bundesliga|Defender,pre_club_ppg,-0.04941305218059409,True,7,False
0.3,Bundesliga|Defender,pre_opponent_ppg,0.04765407010152977,True,7,False
0.3,Bundesliga|Defender,pre_trend_minutes_share,0.868585784007609,True,7,False
0.3,Bundesliga|Defender,pre_trend_npxg_xa,-0.6285125987271869,True,7,False
0.3,Bundesliga|Defender,missing_pre_npxg_xa,-0.5916433398477169,True,7,False
0.3,Bundesliga|Defender,missing_pre_trend_npxg_xa,-0.5916433398477169,True,7,False
0.3,Bundesliga|Midfield,intercept,-0.9098597952133057,True,6,False
0.3,Bundesliga|Midfield,age_at_world_cup,0.6560918286665073,True,6,False
0.3,Bundesliga|Midfield,market_value_log,1.4852870985942364,True,6,False
0.3,Bundesliga|Midfield,pre_minutes_share,-0.33129682952148815,True,6,False
0.3,Bundesliga|Midfield,pre_squad_rate,-0.5059358913073957,True,6,False
0.3,Bundesliga|Midfield,pre_start_rate,0.23491455401215144,True,6,False
0.3,Bundesliga|Midfield,pre_npxg_xa,0.2482532504256998,True,6,False
0.3,Bundesliga|Midfield,pre_injury_days,-0.1620127489806852,True,6,False
0.3,Bundesliga|Midfield,pre_club_ppg,0.4690012281387944,True,6,False
0.3,Bundesliga|Midfield,pre_opponent_ppg,0.4947203047993905,True,6,False
0.3,Bundesliga|Midfield,pre_trend_minutes_share,-0.0507535270431408,True,6,False
0.3,Bundesliga|Midfield,pre_trend_npxg_xa,0.18218322015588256,True,6,False
0.3,Bundesliga|Midfield,missing_pre_npxg_xa,-0.599499256345774,True,6,False
0.3,Bundesliga|Midfield,missing_pre_trend_npxg_xa,-0.599499256345774,True,6,False
0.3,LaLiga|Attack,intercept,-1.4227075230589648,True,8,False
0.3,LaLiga|Attack,age_at_world_cup,0.45185784591415007,True,8,False
0.3,LaLiga|Attack,market_value_log,2.1021079585451057,True,8,False
0.3,LaLiga|Attack,pre_minutes_share,-0.13681319262734665,True,8,False
0.3,LaLiga|Attack,pre_squad_rate,-1.5226738287089558,True,8,False
0.3,LaLiga|Attack,pre_start_rate,-0.16424704633775908,True,8,False
0.3,LaLiga|Attack,pre_npxg_xa,0.5904680154862619,True,8,False
0.3,LaLiga|Attack,pre_injury_days,-0.1726532570550434,True,8,False
0.3,LaLiga|Attack,pre_club_ppg,0.7998828465470311,True,8,False
0.3,LaLiga|Attack,pre_opponent_ppg,0.3972778071205044,True,8,False
0.3,LaLiga|Attack,pre_trend_minutes_share,-0.31064035875832463,True,8,False
0.3,LaLiga|Attack,pre_trend_npxg_xa,0.14985905596374946,True,8,False
0.3,LaLiga|Attack,missing_pre_npxg_xa,-0.47548572375513853,True,8,False
0.3,LaLiga|Attack,missing_pre_trend_npxg_xa,-0.4754857237551385,True,8,False
0.3,LaLiga|Defender,intercept,-1.983008537599249,True,7,False
0.3,LaLiga|Defender,age_at_world_cup,0.137507050880799,True,7,False
0.3,LaLiga|Defender,market_value_log,0.8651324745530996,True,7,False
0.3,LaLiga|Defender,pre_minutes_share,0.8898332205028546,True,7,False
0.3,LaLiga|Defender,pre_squad_rate,-0.503026411134009,True,7,False
0.3,LaLiga|Defender,pre_start_rate,-0.3742529149994823,True,7,False
0.3,LaLiga|Defender,pre_npxg_xa,-0.25203112104523584,True,7,False
0.3,LaLiga|Defender,pre_injury_days,-0.5970160211760978,True,7,False
0.3,LaLiga|Defender,pre_club_ppg,0.6270316138343497,True,7,False
0.3,LaLiga|Defender,pre_opponent_ppg,0.20980611132626006,True,7,False
0.3,LaLiga|Defender,pre_trend_minutes_share,0.04384126199348099,True,7,False
0.3,LaLiga|Defender,pre_trend_npxg_xa,0.27295676821452497,True,7,False
0.3,LaLiga|Defender,missing_pre_npxg_xa,-0.1801804634415669,True,7,False
0.3,LaLiga|Defender,missing_pre_trend_npxg_xa,-0.1801804634415669,True,7,False
0.3,LaLiga|Midfield,intercept,-1.774048046364259,True,7,False
0.3,LaLiga|Midfield,age_at_world_cup,0.4537014113637425,True,7,False
0.3,LaLiga|Midfield,market_value_log,1.3135299728011982,True,7,False
0.3,LaLiga|Midfield,pre_minutes_share,-0.8651750227220124,True,7,False
0.3,LaLiga|Midfield,pre_squad_rate,0.4202673143765639,True,7,False
0.3,LaLiga|Midfield,pre_start_rate,0.8165214085701928,True,7,False
0.3,LaLiga|Midfield,pre_npxg_xa,-0.8981157342456235,True,7,False
0.3,LaLiga|Midfield,pre_injury_days,0.06487733820810794,True,7,False
0.3,LaLiga|Midfield,pre_club_ppg,0.8206990760859656,True,7,False
0.3,LaLiga|Midfield,pre_opponent_ppg,-0.4096292285453431,True,7,False
0.3,LaLiga|Midfield,pre_trend_minutes_share,0.24395283972673804,True,7,False
0.3,LaLiga|Midfield,pre_trend_npxg_xa,0.26342936089158575,True,7,False
0.3,Ligue 1|Attack,intercept,-2.2618541661899343,True,7,False
0.3,Ligue 1|Attack,age_at_world_cup,0.33126562742512494,True,7,False
0.3,Ligue 1|Attack,market_value_log,0.6804226344477248,True,7,False
0.3,Ligue 1|Attack,pre_minutes_share,-0.9018108256517813,True,7,False
0.3,Ligue 1|Attack,pre_squad_rate,-0.22478504860725623,True,7,False
0.3,Ligue 1|Attack,pre_start_rate,-0.2649439357950564,True,7,False
0.3,Ligue 1|Attack,pre_npxg_xa,0.9917534574711582,True,7,False
0.3,Ligue 1|Attack,pre_injury_days,-1.444811437332762,True,7,False
0.3,Ligue 1|Attack,pre_club_ppg,1.078435050147263,True,7,False
0.3,Ligue 1|Attack,pre_opponent_ppg,0.35831367126777003,True,7,False
0.3,Ligue 1|Attack,pre_trend_minutes_share,0.8303063974456188,True,7,False
0.3,Ligue 1|Attack,pre_trend_npxg_xa,-1.0449941749848193,True,7,False
0.3,Ligue 1|Defender,intercept,-1.6965878929114788,True,7,False
0.3,Ligue 1|Defender,age_at_world_cup,0.04975790911949558,True,7,False
0.3,Ligue 1|Defender,market_value_log,0.7336434811693773,True,7,False
0.3,Ligue 1|Defender,pre_minutes_share,-0.2761638488925068,True,7,False
0.3,Ligue 1|Defender,pre_squad_rate,-0.1173287087004362,True,7,False
0.3,Ligue 1|Defender,pre_start_rate,0.18692808952387713,True,7,False
0.3,Ligue 1|Defender,pre_npxg_xa,0.3579103999359501,True,7,False
0.3,Ligue 1|Defender,pre_injury_days,-0.5912317020469059,True,7,False
0.3,Ligue 1|Defender,pre_club_ppg,0.06073990912685406,True,7,False
0.3,Ligue 1|Defender,pre_opponent_ppg,-0.7070546655699264,True,7,False
0.3,Ligue 1|Defender,pre_trend_minutes_share,-0.03419368040646436,True,7,False
0.3,Ligue 1|Defender,pre_trend_npxg_xa,-0.01822621852845406,True,7,False
0.3,Ligue 1|Defender,missing_pre_npxg_xa,-0.1751592310490147,True,7,False
0.3,Ligue 1|Defender,missing_pre_trend_npxg_xa,-0.1751592310490147,True,7,False
0.3,Ligue 1|Midfield,intercept,-2.2929305057860807,True,7,False
0.3,Ligue 1|Midfield,age_at_world_cup,-0.23775713685415595,True,7,False
0.3,Ligue 1|Midfield,market_value_log,1.5043505513271775,True,7,False
0.3,Ligue 1|Midfield,pre_minutes_share,0.7392401917514028,True,7,False
0.3,Ligue 1|Midfield,pre_squad_rate,-0.6377970184964205,True,7,False
0.3,Ligue 1|Midfield,pre_start_rate,-1.0392883925473817,True,7,False
0.3,Ligue 1|Midfield,pre_npxg_xa,0.13361517016221133,True,7,False
0.3,Ligue 1|Midfield,pre_injury_days,-0.5209180773184756,True,7,False
0.3,Ligue 1|Midfield,pre_club_ppg,0.4089124741887987,True,7,False
0.3,Ligue 1|Midfield,pre_opponent_ppg,0.1363311050645848,True,7,False
0.3,Ligue 1|Midfield,pre_trend_minutes_share,0.7470266879208793,True,7,False
0.3,Ligue 1|Midfield,pre_trend_npxg_xa,-0.4107776297379389,True,7,False
0.3,Ligue 1|Midfield,missing_pre_npxg_xa,-0.7962301816850066,True,7,False
0.3,Ligue 1|Midfield,missing_pre_trend_npxg_xa,-0.7962301816850066,True,7,False
0.3,Premier League|Attack,intercept,-0.23458327870345044,True,7,False
0.3,Premier League|Attack,age_at_world_cup,-0.05702260871481707,True,7,False
0.3,Premier League|Attack,market_value_log,0.767716231680857,True,7,False
0.3,Premier League|Attack,pre_minutes_share,-0.20160519051560227,True,7,False
0.3,Premier League|Attack,pre_squad_rate,0.1157296355010166,True,7,False
0.3,Premier League|Attack,pre_start_rate,-0.13452369253435784,True,7,False
0.3,Premier League|Attack,pre_npxg_xa,-0.0628791293501573,True,7,False
0.3,Premier League|Attack,pre_injury_days,-0.09700897175004271,True,7,False
0.3,Premier League|Attack,pre_club_ppg,1.879534005698691,True,7,False
0.3,Premier League|Attack,pre_opponent_ppg,-0.4065869518600495,True,7,False
0.3,Premier League|Attack,pre_trend_minutes_share,0.5851477144285403,True,7,False
0.3,Premier League|Attack,pre_trend_npxg_xa,0.5341283211451571,True,7,False
0.3,Premier League|Defender,intercept,-0.24390987626122831,True,6,False
0.3,Premier League|Defender,age_at_world_cup,0.2445452250203948,True,6,False
0.3,Premier League|Defender,market_value_log,0.7861464093576209,True,6,False
0.3,Premier League|Defender,pre_minutes_share,0.6756048226208192,True,6,False
0.3,Premier League|Defender,pre_squad_rate,-0.20350522099594798,True,6,False
0.3,Premier League|Defender,pre_start_rate,-0.25449204287208355,True,6,False
0.3,Premier League|Defender,pre_npxg_xa,0.4380556121189885,True,6,False
0.3,Premier League|Defender,pre_injury_days,0.19616799211504843,True,6,False
0.3,Premier League|Defender,pre_club_ppg,0.6416638061944652,True,6,False
0.3,Premier League|Defender,pre_opponent_ppg,-0.00450773759837843,True,6,False
0.3,Premier League|Defender,pre_trend_minutes_share,-0.10958333111234914,True,6,False
0.3,Premier League|Defender,pre_trend_npxg_xa,0.15100402284407916,True,6,False
0.3,Premier League|Defender,missing_pre_npxg_xa,-1.386131647801929,True,6,False
0.3,Premier League|Defender,missing_pre_trend_npxg_xa,-1.386131647801929,True,6,False
0.3,Premier League|Midfield,intercept,0.093230422622335,True,7,False
0.3,Premier League|Midfield,age_at_world_cup,0.8191952518668972,True,7,False
0.3,Premier League|Midfield,market_value_log,1.4863301708839052,True,7,False
0.3,Premier League|Midfield,pre_minutes_share,0.5887827796091798,True,7,False
0.3,Premier League|Midfield,pre_squad_rate,-0.5995854437223223,True,7,False
0.3,Premier League|Midfield,pre_start_rate,-0.2642932748183848,True,7,False
0.3,Premier League|Midfield,pre_npxg_xa,-0.5651753651528745,True,7,False
0.3,Premier League|Midfield,pre_injury_days,-0.4687159194654403,True,7,False
0.3,Premier League|Midfield,pre_club_ppg,0.7411163668452556,True,7,False
0.3,Premier League|Midfield,pre_opponent_ppg,0.6716611668324359,True,7,False
0.3,Premier League|Midfield,pre_trend_minutes_share,0.12705002155810674,True,7,False
0.3,Premier League|Midfield,pre_trend_npxg_xa,-0.04780341124212002,True,7,False
0.3,Premier League|Midfield,missing_pre_npxg_xa,-1.0013216987798308,True,7,False
0.3,Premier League|Midfield,missing_pre_trend_npxg_xa,-1.0013216987798308,True,7,False
0.3,Serie A|Attack,intercept,-1.1961212921422562,True,7,False
0.3,Serie A|Attack,age_at_world_cup,0.30550113643206894,True,7,False
0.3,Serie A|Attack,market_value_log,0.8899688530809949,True,7,False
0.3,Serie A|Attack,pre_minutes_share,-0.10153863049565147,True,7,False
0.3,Serie A|Attack,pre_squad_rate,-0.4220615714071668,True,7,False
0.3,Serie A|Attack,pre_start_rate,-0.5370718606175711,True,7,False
0.3,Serie A|Attack,pre_npxg_xa,0.5096144258092641,True,7,False
0.3,Serie A|Attack,pre_injury_days,-1.846798175699295,True,7,False
0.3,Serie A|Attack,pre_club_ppg,0.1343276670099295,True,7,False
0.3,Serie A|Attack,pre_opponent_ppg,-0.5480250446345498,True,7,False
0.3,Serie A|Attack,pre_trend_minutes_share,0.11232197284222357,True,7,False
0.3,Serie A|Attack,pre_trend_npxg_xa,-1.055688575045199,True,7,False
0.3,Serie A|Defender,intercept,-0.581097093969467,True,7,False
0.3,Serie A|Defender,age_at_world_cup,0.502345274508327,True,7,False
0.3,Serie A|Defender,market_value_log,1.0588581319835864,True,7,False
0.3,Serie A|Defender,pre_minutes_share,-0.10917947037370364,True,7,False
0.3,Serie A|Defender,pre_squad_rate,-0.10934098740369827,True,7,False
0.3,Serie A|Defender,pre_start_rate,-0.3431971212056997,True,7,False
0.3,Serie A|Defender,pre_npxg_xa,-0.28667614566201904,True,7,False
0.3,Serie A|Defender,pre_injury_days,-1.3058320121704676,True,7,False
0.3,Serie A|Defender,pre_club_ppg,-0.2430251471190273,True,7,False
0.3,Serie A|Defender,pre_opponent_ppg,0.004700143310614442,True,7,False
0.3,Serie A|Defender,pre_trend_minutes_share,0.3261563030219329,True,7,False
0.3,Serie A|Defender,pre_trend_npxg_xa,-0.0983435226902474,True,7,False
0.3,Serie A|Defender,missing_pre_npxg_xa,-0.5266788147941552,True,7,False
0.3,Serie A|Defender,missing_pre_trend_npxg_xa,-0.5266788147941552,True,7,False
0.3,Serie A|Midfield,intercept,-0.7182662880126317,True,6,False
0.3,Serie A|Midfield,age_at_world_cup,0.2937824856357059,True,6,False
0.3,Serie A|Midfield,market_value_log,0.9885283591766255,True,6,False
0.3,Serie A|Midfield,pre_minutes_share,0.24929189581720135,True,6,False
0.3,Serie A|Midfield,pre_squad_rate,-0.8210507723028025,True,6,False
0.3,Serie A|Midfield,pre_start_rate,-0.0973530890970972,True,6,False
0.3,Serie A|Midfield,pre_npxg_xa,0.6176786233157215,True,6,False
0.3,Serie A|Midfield,pre_injury_days,-0.07783849402859337,True,6,False
0.3,Serie A|Midfield,pre_club_ppg,-0.21205417096396462,True,6,False
0.3,Serie A|Midfield,pre_opponent_ppg,0.33186001883429783,True,6,False
0.3,Serie A|Midfield,pre_trend_minutes_share,0.16770425966654245,True,6,False
0.3,Serie A|Midfield,pre_trend_npxg_xa,-0.1409558543196024,True,6,False
0.3,Serie A|Midfield,missing_pre_npxg_xa,0.36829420988909745,True,6,False
0.3,Serie A|Midfield,missing_pre_trend_npxg_xa,0.36829420988909745,True,6,False
0.4,Bundesliga|Attack,intercept,-1.92408538444646,True,8,False
0.4,Bundesliga|Attack,age_at_world_cup,-0.6893361951108562,True,8,False
0.4,Bundesliga|Attack,market_value_log,0.05822178825878829,True,8,False
0.4,Bundesliga|Attack,pre_minutes_share,1.011591468418659,True,8,False
0.4,Bundesliga|Attack,pre_squad_rate,0.6802931643184631,True,8,False
0.4,Bundesliga|Attack,pre_start_rate,-0.026937678380340068,True,8,False
0.4,Bundesliga|Attack,pre_npxg_xa,0.2721374229850484,True,8,False
0.4,Bundesliga|Attack,pre_injury_days,0.6608003773457977,True,8,False
0.4,Bundesliga|Attack,pre_club_ppg,2.0805590468970636,True,8,False
0.4,Bundesliga|Attack,pre_opponent_ppg,-1.0283746653007066,True,8,False
0.4,Bundesliga|Attack,pre_trend_minutes_share,0.08584775115540864,True,8,False
0.4,Bundesliga|Attack,pre_trend_npxg_xa,-0.7750912141077982,True,8,False
0.4,Bundesliga|Attack,missing_pre_npxg_xa,-0.5721500618808547,True,8,False
0.4,Bundesliga|Attack,missing_pre_trend_npxg_xa,-0.5721500618808547,True,8,False
0.4,Bundesliga|Defender,intercept,-1.4867841472468113,True,7,False
0.4,Bundesliga|Defender,age_at_world_cup,0.27400513036018753,True,7,False
0.4,Bundesliga|Defender,market_value_log,2.047435936047129,True,7,False
0.4,Bundesliga|Defender,pre_minutes_share,0.24552097047062377,True,7,False
0.4,Bundesliga|Defender,pre_squad_rate,-0.7021181986842989,True,7,False
0.4,Bundesliga|Defender,pre_start_rate,-0.06633230411493385,True,7,False
0.4,Bundesliga|Defender,pre_npxg_xa,0.349895527312549,True,7,False
0.4,Bundesliga|Defender,pre_injury_days,-0.26202800582264374,True,7,False
0.4,Bundesliga|Defender,pre_club_ppg,-0.01735675138602193,True,7,False
0.4,Bundesliga|Defender,pre_opponent_ppg,0.05265144521123731,True,7,False
0.4,Bundesliga|Defender,pre_trend_minutes_share,0.8354893613088766,True,7,False
0.4,Bundesliga|Defender,pre_trend_npxg_xa,-0.6116654709863089,True,7,False
0.4,Bundesliga|Defender,missing_pre_npxg_xa,-0.5095097219334371,True,7,False
0.4,Bundesliga|Defender,missing_pre_trend_npxg_xa,-0.5095097219334371,True,7,False
0.4,Bundesliga|Midfield,intercept,-0.9000853410883249,True,6,False
0.4,Bundesliga|Midfield,age_at_world_cup,0.6266560913820138,True,6,False
0.4,Bundesliga|Midfield,market_value_log,1.4359957854467176,True,6,False
0.4,Bundesliga|Midfield,pre_minutes_share,-0.2714813511313774,True,6,False
0.4,Bundesliga|Midfield,pre_squad_rate,-0.5005360903050363,True,6,False
0.4,Bundesliga|Midfield,pre_start_rate,0.18164337417219711,True,6,False
0.4,Bundesliga|Midfield,pre_npxg_xa,0.2539047780180215,True,6,False
0.4,Bundesliga|Midfield,pre_injury_days,-0.1549382473398238,True,6,False
0.4,Bundesliga|Midfield,pre_club_ppg,0.4691764878440939,True,6,False
0.4,Bundesliga|Midfield,pre_opponent_ppg,0.4809766514400583,True,6,False
0.4,Bundesliga|Midfield,pre_trend_minutes_share,-0.05146875065410561,True,6,False
0.4,Bundesliga|Midfield,pre_trend_npxg_xa,0.17121175257632473,True,6,False
0.4,Bundesliga|Midfield,missing_pre_npxg_xa,-0.5179318547856842,True,6,False
0.4,Bundesliga|Midfield,missing_pre_trend_npxg_xa,-0.5179318547856842,True,6,False
0.4,LaLiga|Attack,intercept,-1.3958676102149803,True,8,False
0.4,LaLiga|Attack,age_at_world_cup,0.3981282194949897,True,8,False
0.4,LaLiga|Attack,market_value_log,1.972890873035576,True,8,False
0.4,LaLiga|Attack,pre_minutes_share,-0.17070266264099954,True,8,False
0.4,LaLiga|Attack,pre_squad_rate,-1.4298405590978198,True,8,False
0.4,LaLiga|Attack,pre_start_rate,-0.12153750950180137,True,8,False
0.4,LaLiga|Attack,pre_npxg_xa,0.6111896242921856,True,8,False
0.4,LaLiga|Attack,pre_injury_days,-0.17042372742006878,True,8,False
0.4,LaLiga|Attack,pre_club_ppg,0.7638378943505448,True,8,False
0.4,LaLiga|Attack,pre_opponent_ppg,0.3673551327817494,True,8,False
0.4,LaLiga|Attack,pre_trend_minutes_share,-0.2911543279894615,True,8,False
0.4,LaLiga|Attack,pre_trend_npxg_xa,0.12216955174713509,True,8,False
0.4,LaLiga|Attack,missing_pre_npxg_xa,-0.41929160034769275,True,8,False
0.4,LaLiga|Attack,missing_pre_trend_npxg_xa,-0.41929160034769275,True,8,False
0.4,LaLiga|Defender,intercept,-1.9712600151543755,True,7,False
0.4,LaLiga|Defender,age_at_world_cup,0.1390980294775093,True,7,False
0.4,LaLiga|Defender,market_value_log,0.8553351021284631,True,7,False
0.4,LaLiga|Defender,pre_minutes_share,0.7906493016184095,True,7,False
0.4,LaLiga|Defender,pre_squad_rate,-0.4815275061785664,True,7,False
0.4,LaLiga|Defender,pre_start_rate,-0.2834341534672949,True,7,False
0.4,LaLiga|Defender,pre_npxg_xa,-0.24588095724825632,True,7,False
0.4,LaLiga|Defender,pre_injury_days,-0.5771498442483947,True,7,False
0.4,LaLiga|Defender,pre_club_ppg,0.6198142281601368,True,7,False
0.4,LaLiga|Defender,pre_opponent_ppg,0.20671265698707297,True,7,False
0.4,LaLiga|Defender,pre_trend_minutes_share,0.05150101128935399,True,7,False
0.4,LaLiga|Defender,pre_trend_npxg_xa,0.26462720104218906,True,7,False
0.4,LaLiga|Defender,missing_pre_npxg_xa,-0.17347979801421057,True,7,False
0.4,LaLiga|Defender,missing_pre_trend_npxg_xa,-0.17347979801421057,True,7,False
0.4,LaLiga|Midfield,intercept,-1.751609707114906,True,7,False
0.4,LaLiga|Midfield,age_at_world_cup,0.4270168410842725,True,7,False
0.4,LaLiga|Midfield,market_value_log,1.2615815005742073,True,7,False
0.4,LaLiga|Midfield,pre_minutes_share,-0.7382644983999087,True,7,False
0.4,LaLiga|Midfield,pre_squad_rate,0.3841579475623385,True,7,False
0.4,LaLiga|Midfield,pre_start_rate,0.7002772873144076,True,7,False
0.4,LaLiga|Midfield,pre_npxg_xa,-0.8559090557646991,True,7,False
0.4,LaLiga|Midfield,pre_injury_days,0.050825969946387196,True,7,False
0.4,LaLiga|Midfield,pre_club_ppg,0.8163575223849561,True,7,False
0.4,LaLiga|Midfield,pre_opponent_ppg,-0.3972187285370411,True,7,False
0.4,LaLiga|Midfield,pre_trend_minutes_share,0.24613687579267698,True,7,False
0.4,LaLiga|Midfield,pre_trend_npxg_xa,0.24634156514194855,True,7,False
0.4,Ligue 1|Attack,intercept,-2.1681632065213257,True,7,False
0.4,Ligue 1|Attack,age_at_world_cup,0.3203494715563315,True,7,False
0.4,Ligue 1|Attack,market_value_log,0.6672372752263819,True,7,False
0.4,Ligue 1|Attack,pre_minutes_share,-0.8054738202272173,True,7,False
0.4,Ligue 1|Attack,pre_squad_rate,-0.1795525517011907,True,7,False
0.4,Ligue 1|Attack,pre_start_rate,-0.2620063862491438,True,7,False
0.4,Ligue 1|Attack,pre_npxg_xa,0.9262576203678893,True,7,False
0.4,Ligue 1|Attack,pre_injury_days,-1.2913685267384665,True,7,False
0.4,Ligue 1|Attack,pre_club_ppg,1.0049989128272967,True,7,False
0.4,Ligue 1|Attack,pre_opponent_ppg,0.3278144545059594,True,7,False
0.4,Ligue 1|Attack,pre_trend_minutes_share,0.7524381128100704,True,7,False
0.4,Ligue 1|Attack,pre_trend_npxg_xa,-0.9484478962723807,True,7,False
0.4,Ligue 1|Defender,intercept,-1.6863701622832012,True,7,False
0.4,Ligue 1|Defender,age_at_world_cup,0.03986381118005596,True,7,False
0.4,Ligue 1|Defender,market_value_log,0.7132234889476027,True,7,False
0.4,Ligue 1|Defender,pre_minutes_share,-0.23874760280970364,True,7,False
0.4,Ligue 1|Defender,pre_squad_rate,-0.11489861278066262,True,7,False
0.4,Ligue 1|Defender,pre_start_rate,0.15740177654531062,True,7,False
0.4,Ligue 1|Defender,pre_npxg_xa,0.3525844033274241,True,7,False
0.4,Ligue 1|Defender,pre_injury_days,-0.562782626101298,True,7,False
0.4,Ligue 1|Defender,pre_club_ppg,0.07152426550026542,True,7,False
0.4,Ligue 1|Defender,pre_opponent_ppg,-0.6938208406132176,True,7,False
0.4,Ligue 1|Defender,pre_trend_minutes_share,-0.035433445729604975,True,7,False
0.4,Ligue 1|Defender,pre_trend_npxg_xa,-0.017160423432136408,True,7,False
0.4,Ligue 1|Defender,missing_pre_npxg_xa,-0.14366447299620239,True,7,False
0.4,Ligue 1|Defender,missing_pre_trend_npxg_xa,-0.14366447299620239,True,7,False
0.4,Ligue 1|Midfield,intercept,-2.2370484050431756,True,7,False
0.4,Ligue 1|Midfield,age_at_world_cup,-0.22288571626034448,True,7,False
0.4,Ligue 1|Midfield,market_value_log,1.4314279037597308,True,7,False
0.4,Ligue 1|Midfield,pre_minutes_share,0.6022128239055106,True,7,False
0.4,Ligue 1|Midfield,pre_squad_rate,-0.5619295443254271,True,7,False
0.4,Ligue 1|Midfield,pre_start_rate,-0.9113279336839412,True,7,False
0.4,Ligue 1|Midfield,pre_npxg_xa,0.1441390636633741,True,7,False
0.4,Ligue 1|Midfield,pre_injury_days,-0.4825958029063668,True,7,False
0.4,Ligue 1|Midfield,pre_club_ppg,0.4017185956466363,True,7,False
0.4,Ligue 1|Midfield,pre_opponent_ppg,0.13314475231993256,True,7,False
0.4,Ligue 1|Midfield,pre_trend_minutes_share,0.7025486815799513,True,7,False
0.4,Ligue 1|Midfield,pre_trend_npxg_xa,-0.3885916412308502,True,7,False
0.4,Ligue 1|Midfield,missing_pre_npxg_xa,-0.68700767917224,True,7,False
0.4,Ligue 1|Midfield,missing_pre_trend_npxg_xa,-0.68700767917224,True,7,False
0.4,Premier League|Attack,intercept,-0.23621863922615988,True,7,False
0.4,Premier League|Attack,age_at_world_cup,-0.05236472824355931,True,7,False
0.4,Premier League|Attack,market_value_log,0.7395076987084226,True,7,False
0.4,Premier League|Attack,pre_minutes_share,-0.19926209453603222,True,7,False
0.4,Premier League|Attack,pre_squad_rate,0.10702487240424248,True,7,False
0.4,Premier League|Attack,pre_start_rate,-0.12197606941778043,True,7,False
0.4,Premier League|Attack,pre_npxg_xa,-0.05313812464634368,True,7,False
0.4,Premier League|Attack,pre_injury_days,-0.09145837566453668,True,7,False
0.4,Premier League|Attack,pre_club_ppg,1.7925117102925439,True,7,False
0.4,Premier League|Attack,pre_opponent_ppg,-0.37690484043392114,True,7,False
0.4,Premier League|Attack,pre_trend_minutes_share,0.5620924379428833,True,7,False
0.4,Premier League|Attack,pre_trend_npxg_xa,0.49819690323432264,True,7,False
0.4,Premier League|Defender,intercept,-0.2478436358461028,True,6,False
0.4,Premier League|Defender,age_at_world_cup,0.24404534097587827,True,6,False
0.4,Premier League|Defender,market_value_log,0.77520154574726,True,6,False
0.4,Premier League|Defender,pre_minutes_share,0.6061237976185547,True,6,False
0.4,Premier League|Defender,pre_squad_rate,-0.19186665273121922,True,6,False
0.4,Premier League|Defender,pre_start_rate,-0.1956968037224127,True,6,False
0.4,Premier League|Defender,pre_npxg_xa,0.43168594163708773,True,6,False
0.4,Premier League|Defender,pre_injury_days,0.19540549679984912,True,6,False
0.4,Premier League|Defender,pre_club_ppg,0.6279623419904324,True,6,False
0.4,Premier League|Defender,pre_opponent_ppg,-0.002699787121328661,True,6,False
0.4,Premier League|Defender,pre_trend_minutes_share,-0.10975100420628439,True,6,False
0.4,Premier League|Defender,pre_trend_npxg_xa,0.14855083377768832,True,6,False
0.4,Premier League|Defender,missing_pre_npxg_xa,-1.2450914407584583,True,6,False
0.4,Premier League|Defender,missing_pre_trend_npxg_xa,-1.2450914407584583,True,6,False
0.4,Premier League|Midfield,intercept,0.08619975697431717,True,7,False
0.4,Premier League|Midfield,age_at_world_cup,0.7896507192866352,True,7,False
0.4,Premier League|Midfield,market_value_log,1.4439314061716935,True,7,False
0.4,Premier League|Midfield,pre_minutes_share,0.5287919094767579,True,7,False
0.4,Premier League|Midfield,pre_squad_rate,-0.5828985465513645,True,7,False
0.4,Premier League|Midfield,pre_start_rate,-0.21564511940946562,True,7,False
0.4,Premier League|Midfield,pre_npxg_xa,-0.5483887424333109,True,7,False
0.4,Premier League|Midfield,pre_injury_days,-0.46572545544270205,True,7,False
0.4,Premier League|Midfield,pre_club_ppg,0.7325058471733408,True,7,False
0.4,Premier League|Midfield,pre_opponent_ppg,0.6547779566569605,True,7,False
0.4,Premier League|Midfield,pre_trend_minutes_share,0.12249079370360928,True,7,False
0.4,Premier League|Midfield,pre_trend_npxg_xa,-0.05090585691893874,True,7,False
0.4,Premier League|Midfield,missing_pre_npxg_xa,-0.8641093308441439,True,7,False
0.4,Premier League|Midfield,missing_pre_trend_npxg_xa,-0.8641093308441439,True,7,False
0.4,Serie A|Attack,intercept,-1.1270923038198835,True,7,False
0.4,Serie A|Attack,age_at_world_cup,0.2696330383701462,True,7,False
0.4,Serie A|Attack,market_value_log,0.7933262645604267,True,7,False
0.4,Serie A|Attack,pre_minutes_share,-0.12738610384686033,True,7,False
0.4,Serie A|Attack,pre_squad_rate,-0.35857148816314627,True,7,False
0.4,Serie A|Attack,pre_start_rate,-0.44184916595507295,True,7,False
0.4,Serie A|Attack,pre_npxg_xa,0.5039283299696372,True,7,False
0.4,Serie A|Attack,pre_injury_days,-1.6538779964074655,True,7,False
0.4,Serie A|Attack,pre_club_ppg,0.16087572805768544,True,7,False
0.4,Serie A|Attack,pre_opponent_ppg,-0.5130684193350005,True,7,False
0.4,Serie A|Attack,pre_trend_minutes_share,0.07416030799898571,True,7,False
0.4,Serie A|Attack,pre_trend_npxg_xa,-0.9749230214116154,True,7,False
0.4,Serie A|Defender,intercept,-0.5711158195370648,True,6,False
0.4,Serie A|Defender,age_at_world_cup,0.46863427549577086,True,6,False
0.4,Serie A|Defender,market_value_log,0.9866239716748687,True,6,False
0.4,Serie A|Defender,pre_minutes_share,-0.10893548931458928,True,6,False
0.4,Serie A|Defender,pre_squad_rate,-0.07987957126116653,True,6,False
0.4,Serie A|Defender,pre_start_rate,-0.3062961730016207,True,6,False
0.4,Serie A|Defender,pre_npxg_xa,-0.2695858264502658,True,6,False
0.4,Serie A|Defender,pre_injury_days,-1.2126141011105704,True,6,False
0.4,Serie A|Defender,pre_club_ppg,-0.18936258258851096,True,6,False
0.4,Serie A|Defender,pre_opponent_ppg,-4.163639451037942e-05,True,6,False
0.4,Serie A|Defender,pre_trend_minutes_share,0.3008705323629231,True,6,False
0.4,Serie A|Defender,pre_trend_npxg_xa,-0.0918647784279045,True,6,False
0.4,Serie A|Defender,missing_pre_npxg_xa,-0.48669520270052596,True,6,False
0.4,Serie A|Defender,missing_pre_trend_npxg_xa,-0.48669520270052596,True,6,False
0.4,Serie A|Midfield,intercept,-0.710961236879338,True,6,False
0.4,Serie A|Midfield,age_at_world_cup,0.2860424285837451,True,6,False
0.4,Serie A|Midfield,market_value_log,0.9519019732062683,True,6,False
0.4,Serie A|Midfield,pre_minutes_share,0.2328001133459881,True,6,False
0.4,Serie A|Midfield,pre_squad_rate,-0.808462377690836,True,6,False
0.4,Serie A|Midfield,pre_start_rate,-0.06887663338150966,True,6,False
0.4,Serie A|Midfield,pre_npxg_xa,0.5959763453473018,True,6,False
0.4,Serie A|Midfield,pre_injury_days,-0.06767321968737569,True,6,False
0.4,Serie A|Midfield,pre_club_ppg,-0.17975398877685042,True,6,False
0.4,Serie A|Midfield,pre_opponent_ppg,0.32765701209733317,True,6,False
0.4,Serie A|Midfield,pre_trend_minutes_share,0.16626719591859493,True,6,False
0.4,Serie A|Midfield,pre_trend_npxg_xa,-0.146196875736762,True,6,False
0.4,Serie A|Midfield,missing_pre_npxg_xa,0.305132815672161,True,6,False
0.4,Serie A|Midfield,missing_pre_trend_npxg_xa,0.305132815672161,True,6,False
0.45,Bundesliga|Attack,intercept,-1.8830774034964497,True,8,False
0.45,Bundesliga|Attack,age_at_world_cup,-0.6591439440843694,True,8,False
0.45,Bundesliga|Attack,market_value_log,0.09338861041849443,True,8,False
0.45,Bundesliga|Attack,pre_minutes_share,0.9480853933699145,True,8,False
0.45,Bundesliga|Attack,pre_squad_rate,0.6626769019760386,True,8,False
0.45,Bundesliga|Attack,pre_start_rate,-0.0017331110169034605,True,8,False
0.45,Bundesliga|Attack,pre_npxg_xa,0.2795956830258216,True,8,False
0.45,Bundesliga|Attack,pre_injury_days,0.6411907746618144,True,8,False
0.45,Bundesliga|Attack,pre_club_ppg,1.991518046828792,True,8,False
0.45,Bundesliga|Attack,pre_opponent_ppg,-0.9941045900113743,True,8,False
0.45,Bundesliga|Attack,pre_trend_minutes_share,0.09083768923057382,True,8,False
0.45,Bundesliga|Attack,pre_trend_npxg_xa,-0.7414090567355366,True,8,False
0.45,Bundesliga|Attack,missing_pre_npxg_xa,-0.5293571996298281,True,8,False
0.45,Bundesliga|Attack,missing_pre_trend_npxg_xa,-0.5293571996298281,True,8,False
0.45,Bundesliga|Defender,intercept,-1.4756395026141567,True,7,False
0.45,Bundesliga|Defender,age_at_world_cup,0.25919304508393215,True,7,False
0.45,Bundesliga|Defender,market_value_log,2.0084642913764927,True,7,False
0.45,Bundesliga|Defender,pre_minutes_share,0.22912462079317816,True,7,False
0.45,Bundesliga|Defender,pre_squad_rate,-0.6869921518535819,True,7,False
0.45,Bundesliga|Defender,pre_start_rate,-0.05198073395125095,True,7,False
0.45,Bundesliga|Defender,pre_npxg_xa,0.350289392995453,True,7,False
0.45,Bundesliga|Defender,pre_injury_days,-0.2543545468050447,True,7,False
0.45,Bundesliga|Defender,pre_club_ppg,-0.003335802729739335,True,7,False
0.45,Bundesliga|Defender,pre_opponent_ppg,0.05459529638005941,True,7,False
0.45,Bundesliga|Defender,pre_trend_minutes_share,0.8204892915356145,True,7,False
0.45,Bundesliga|Defender,pre_trend_npxg_xa,-0.6039615408839084,True,7,False
0.45,Bundesliga|Defender,missing_pre_npxg_xa,-0.4776547064441534,True,7,False
0.45,Bundesliga|Defender,missing_pre_trend_npxg_xa,-0.4776547064441534,True,7,False
0.45,Bundesliga|Midfield,intercept,-0.8955490248655138,True,6,False
0.45,Bundesliga|Midfield,age_at_world_cup,0.6132939016060713,True,6,False
0.45,Bundesliga|Midfield,market_value_log,1.4139133157117292,True,6,False
0.45,Bundesliga|Midfield,pre_minutes_share,-0.24795169262842748,True,6,False
0.45,Bundesliga|Midfield,pre_squad_rate,-0.49761705657164484,True,6,False
0.45,Bundesliga|Midfield,pre_start_rate,0.1610044308582697,True,6,False
0.45,Bundesliga|Midfield,pre_npxg_xa,0.2559589483965893,True,6,False
0.45,Bundesliga|Midfield,pre_injury_days,-0.15146131107309221,True,6,False
0.45,Bundesliga|Midfield,pre_club_ppg,0.4688889650089135,True,6,False
0.45,Bundesliga|Midfield,pre_opponent_ppg,0.4744844330087526,True,6,False
0.45,Bundesliga|Midfield,pre_trend_minutes_share,-0.05186661373798015,True,6,False
0.45,Bundesliga|Midfield,pre_trend_npxg_xa,0.16653606450501293,True,6,False
0.45,Bundesliga|Midfield,missing_pre_npxg_xa,-0.48624081179958734,True,6,False
0.45,Bundesliga|Midfield,missing_pre_trend_npxg_xa,-0.48624081179958734,True,6,False
0.45,LaLiga|Attack,intercept,-1.3846584750742974,True,8,False
0.45,LaLiga|Attack,age_at_world_cup,0.37591901850782344,True,8,False
0.45,LaLiga|Attack,market_value_log,1.9178314303841832,True,8,False
0.45,LaLiga|Attack,pre_minutes_share,-0.18148724864043939,True,8,False
0.45,LaLiga|Attack,pre_squad_rate,-1.390811448933337,True,8,False
0.45,LaLiga|Attack,pre_start_rate,-0.10624719295760102,True,8,False
0.45,LaLiga|Attack,pre_npxg_xa,0.6183154473168333,True,8,False
0.45,LaLiga|Attack,pre_injury_days,-0.16896467617824434,True,8,False
0.45,LaLiga|Attack,pre_club_ppg,0.750039881013774,True,8,False
0.45,LaLiga|Attack,pre_opponent_ppg,0.3549650659956683,True,8,False
0.45,LaLiga|Attack,pre_trend_minutes_share,-0.2831174813488053,True,8,False
0.45,LaLiga|Attack,pre_trend_npxg_xa,0.1106148997683059,True,8,False
0.45,LaLiga|Attack,missing_pre_npxg_xa,-0.3964101292948097,True,8,False
0.45,LaLiga|Attack,missing_pre_trend_npxg_xa,-0.3964101292948097,True,8,False
0.45,LaLiga|Defender,intercept,-1.9659120048172793,True,7,False
0.45,LaLiga|Defender,age_at_world_cup,0.1392906044953157,True,7,False
0.45,LaLiga|Defender,market_value_log,0.8505793038763388,True,7,False
0.45,LaLiga|Defender,pre_minutes_share,0.7512387446675785,True,7,False
0.45,LaLiga|Defender,pre_squad_rate,-0.4721182132851044,True,7,False
0.45,LaLiga|Defender,pre_start_rate,-0.2478520126432622,True,7,False
0.45,LaLiga|Defender,pre_npxg_xa,-0.2428973753411133,True,7,False
0.45,LaLiga|Defender,pre_injury_days,-0.5678751379819509,True,7,False
0.45,LaLiga|Defender,pre_club_ppg,0.6165224202324423,True,7,False
0.45,LaLiga|Defender,pre_opponent_ppg,0.2051617806777643,True,7,False
0.45,LaLiga|Defender,pre_trend_minutes_share,0.0544391189546746,True,7,False
0.45,LaLiga|Defender,pre_trend_npxg_xa,0.2607827894315574,True,7,False
0.45,LaLiga|Defender,missing_pre_npxg_xa,-0.1705003083326444,True,7,False
0.45,LaLiga|Defender,missing_pre_trend_npxg_xa,-0.1705003083326444,True,7,False
0.45,LaLiga|Midfield,intercept,-1.7419456114826921,True,7,False
0.45,LaLiga|Midfield,age_at_world_cup,0.415016555633816,True,7,False
0.45,LaLiga|Midfield,market_value_log,1.2385712930960848,True,7,False
0.45,LaLiga|Midfield,pre_minutes_share,-0.6871819150589419,True,7,False
0.45,LaLiga|Midfield,pre_squad_rate,0.3686703719831718,True,7,False
0.45,LaLiga|Midfield,pre_start_rate,0.6535414891475949,True,7,False
0.45,LaLiga|Midfield,pre_npxg_xa,-0.8372971552309613,True,7,False
0.45,LaLiga|Midfield,pre_injury_days,0.044667388516493316,True,7,False
0.45,LaLiga|Midfield,pre_club_ppg,0.8146090798028798,True,7,False
0.45,LaLiga|Midfield,pre_opponent_ppg,-0.3918375242365833,True,7,False
0.45,LaLiga|Midfield,pre_trend_minutes_share,0.24684841825315132,True,7,False
0.45,LaLiga|Midfield,pre_trend_npxg_xa,0.23924229957910503,True,7,False
0.45,Ligue 1|Attack,intercept,-2.130671127268651,True,7,False
0.45,Ligue 1|Attack,age_at_world_cup,0.31547810007371807,True,7,False
0.45,Ligue 1|Attack,market_value_log,0.6605835672700635,True,7,False
0.45,Ligue 1|Attack,pre_minutes_share,-0.7660847386277372,True,7,False
0.45,Ligue 1|Attack,pre_squad_rate,-0.1618635363406723,True,7,False
0.45,Ligue 1|Attack,pre_start_rate,-0.25924644916797074,True,7,False
0.45,Ligue 1|Attack,pre_npxg_xa,0.8991923220387116,True,7,False
0.45,Ligue 1|Attack,pre_injury_days,-1.2293784990022185,True,7,False
0.45,Ligue 1|Attack,pre_club_ppg,0.9755077317760346,True,7,False
0.45,Ligue 1|Attack,pre_opponent_ppg,0.31558490287829943,True,7,False
0.45,Ligue 1|Attack,pre_trend_minutes_share,0.7196001985566548,True,7,False
0.45,Ligue 1|Attack,pre_trend_npxg_xa,-0.9082517500812272,True,7,False
0.45,Ligue 1|Defender,intercept,-1.6815861254425901,True,7,False
0.45,Ligue 1|Defender,age_at_world_cup,0.03518118337198782,True,7,False
0.45,Ligue 1|Defender,market_value_log,0.7036633267844568,True,7,False
0.45,Ligue 1|Defender,pre_minutes_share,-0.2238156787713988,True,7,False
0.45,Ligue 1|Defender,pre_squad_rate,-0.11330896573793543,True,7,False
0.45,Ligue 1|Defender,pre_start_rate,0.14588024813016076,True,7,False
0.45,Ligue 1|Defender,pre_npxg_xa,0.35004327787473594,True,7,False
0.45,Ligue 1|Defender,pre_injury_days,-0.5496168335379149,True,7,False
0.45,Ligue 1|Defender,pre_club_ppg,0.07665589581494561,True,7,False
0.45,Ligue 1|Defender,pre_opponent_ppg,-0.6875181390824887,True,7,False
0.45,Ligue 1|Defender,pre_trend_minutes_share,-0.03611545832118785,True,7,False
0.45,Ligue 1|Defender,pre_trend_npxg_xa,-0.016692015238147163,True,7,False
0.45,Ligue 1|Defender,missing_pre_npxg_xa,-0.13239211479825908,True,7,False
0.45,Ligue 1|Defender,missing_pre_trend_npxg_xa,-0.13239211479825908,True,7,False
0.45,Ligue 1|Midfield,intercept,-2.2138527514276793,True,7,False
0.45,Ligue 1|Midfield,age_at_world_cup,-0.21705226738227823,True,7,False
0.45,Ligue 1|Midfield,market_value_log,1.3998525784922802,True,7,False
0.45,Ligue 1|Midfield,pre_minutes_share,0.5487301307806937,True,7,False
0.45,Ligue 1|Midfield,pre_squad_rate,-0.5308967409195283,True,7,False
0.45,Ligue 1|Midfield,pre_start_rate,-0.8605208404558422,True,7,False
0.45,Ligue 1|Midfield,pre_npxg_xa,0.14875588712712964,True,7,False
0.45,Ligue 1|Midfield,pre_injury_days,-0.4659863096515397,True,7,False
0.45,Ligue 1|Midfield,pre_club_ppg,0.39911368880677056,True,7,False
0.45,Ligue 1|Midfield,pre_opponent_ppg,0.13164390855697453,True,7,False
0.45,Ligue 1|Midfield,pre_trend_minutes_share,0.6831055395915985,True,7,False
0.45,Ligue 1|Midfield,pre_trend_npxg_xa,-0.37874221323998186,True,7,False
0.45,Ligue 1|Midfield,missing_pre_npxg_xa,-0.6443878907056799,True,7,False
0.45,Ligue 1|Midfield,missing_pre_trend_npxg_xa,-0.6443878907056799,True,7,False
0.45,Premier League|Attack,intercept,-0.23704992933383318,True,7,False
0.45,Premier League|Attack,age_at_world_cup,-0.05032205367147533,True,7,False
0.45,Premier League|Attack,market_value_log,0.7271142281577611,True,7,False
0.45,Premier League|Attack,pre_minutes_share,-0.19743408595589887,True,7,False
0.45,Premier League|Attack,pre_squad_rate,0.10309857569903325,True,7,False
0.45,Premier League|Attack,pre_start_rate,-0.1170949778525734,True,7,False
0.45,Premier League|Attack,pre_npxg_xa,-0.04874716334504415,True,7,False
0.45,Premier League|Attack,pre_injury_days,-0.08891256221317292,True,7,False
0.45,Premier League|Attack,pre_club_ppg,1.753930341011514,True,7,False
0.45,Premier League|Attack,pre_opponent_ppg,-0.36381926712400986,True,7,False
0.45,Premier League|Attack,pre_trend_minutes_share,0.5517932968988049,True,7,False
0.45,Premier League|Attack,pre_trend_npxg_xa,0.4824935687990494,True,7,False
0.45,Premier League|Defender,intercept,-0.24956013414535627,True,6,False
0.45,Premier League|Defender,age_at_world_cup,0.24325920361067882,True,6,False
0.45,Premier League|Defender,market_value_log,0.7699556208694643,True,6,False
0.45,Premier League|Defender,pre_minutes_share,0.578441313728595,True,6,False
0.45,Premier League|Defender,pre_squad_rate,-0.18658971819306988,True,6,False
0.45,Premier League|Defender,pre_start_rate,-0.17255028680744167,True,6,False
0.45,Premier League|Defender,pre_npxg_xa,0.42880528126399675,True,6,False
0.45,Premier League|Defender,pre_injury_days,0.19527807977362255,True,6,False
0.45,Premier League|Defender,pre_club_ppg,0.6221173874436586,True,6,False
0.45,Premier League|Defender,pre_opponent_ppg,-0.001908344918746279,True,6,False
0.45,Premier League|Defender,pre_trend_minutes_share,-0.11002453955837782,True,6,False
0.45,Premier League|Defender,pre_trend_npxg_xa,0.14752805097575092,True,6,False
0.45,Premier League|Defender,missing_pre_npxg_xa,-1.1877863237348134,True,6,False
0.45,Premier League|Defender,missing_pre_trend_npxg_xa,-1.1877863237348134,True,6,False
0.45,Premier League|Midfield,intercept,0.0833127968803277,True,6,False
0.45,Premier League|Midfield,age_at_world_cup,0.7762896438413238,True,6,False
0.45,Premier League|Midfield,market_value_log,1.4243856414247107,True,6,False
0.45,Premier League|Midfield,pre_minutes_share,0.5043558120102247,True,6,False
0.45,Premier League|Midfield,pre_squad_rate,-0.5753802349480401,True,6,False
0.45,Premier League|Midfield,pre_start_rate,-0.19598379907499242,True,6,False
0.45,Premier League|Midfield,pre_npxg_xa,-0.5405527740781968,True,6,False
0.45,Premier League|Midfield,pre_injury_days,-0.46323094112970176,True,6,False
0.45,Premier League|Midfield,pre_club_ppg,0.7281651995224461,True,6,False
0.45,Premier League|Midfield,pre_opponent_ppg,0.6472970156389226,True,6,False
0.45,Premier League|Midfield,pre_trend_minutes_share,0.12041491281942664,True,6,False
0.45,Premier League|Midfield,pre_trend_npxg_xa,-0.05225206647583472,True,6,False
0.45,Premier League|Midfield,missing_pre_npxg_xa,-0.8097516446935887,True,6,False
0.45,Premier League|Midfield,missing_pre_trend_npxg_xa,-0.8097516446935887,True,6,False
0.45,Serie A|Attack,intercept,-1.1003452702028014,True,7,False
0.45,Serie A|Attack,age_at_world_cup,0.25662893170900686,True,7,False
0.45,Serie A|Attack,market_value_log,0.755861971453683,True,7,False
0.45,Serie A|Attack,pre_minutes_share,-0.13440820406961965,True,7,False
0.45,Serie A|Attack,pre_squad_rate,-0.3340635380526657,True,7,False
0.45,Serie A|Attack,pre_start_rate,-0.4065621270955628,True,7,False
0.45,Serie A|Attack,pre_npxg_xa,0.5010603356612774,True,7,False
0.45,Serie A|Attack,pre_injury_days,-1.577188371059455,True,7,False
0.45,Serie A|Attack,pre_club_ppg,0.17066636094611254,True,7,False
0.45,Serie A|Attack,pre_opponent_ppg,-0.49754480359944053,True,7,False
0.45,Serie A|Attack,pre_trend_minutes_share,0.05855186858114024,True,7,False
0.45,Serie A|Attack,pre_trend_npxg_xa,-0.9418565942290419,True,7,False
0.45,Serie A|Defender,intercept,-0.566878660744523,True,6,False
0.45,Serie A|Defender,age_at_world_cup,0.4540631784590013,True,6,False
0.45,Serie A|Defender,market_value_log,0.9553633102871042,True,6,False
0.45,Serie A|Defender,pre_minutes_share,-0.10791628108709661,True,6,False
0.45,Serie A|Defender,pre_squad_rate,-0.06744402931254055,True,6,False
0.45,Serie A|Defender,pre_start_rate,-0.2911948869088946,True,6,False
0.45,Serie A|Defender,pre_npxg_xa,-0.26212534695353473,True,6,False
0.45,Serie A|Defender,pre_injury_days,-1.1723973682845106,True,6,False
0.45,Serie A|Defender,pre_club_ppg,-0.1662904268555821,True,6,False
0.45,Serie A|Defender,pre_opponent_ppg,-0.002140859913098482,True,6,False
0.45,Serie A|Defender,pre_trend_minutes_share,0.290019531028503,True,6,False
0.45,Serie A|Defender,pre_trend_npxg_xa,-0.08912984489185723,True,6,False
0.45,Serie A|Defender,missing_pre_npxg_xa,-0.46938019365963113,True,6,False
0.45,Serie A|Defender,missing_pre_trend_npxg_xa,-0.46938019365963113,True,6,False
0.45,Serie A|Midfield,intercept,-0.7076587765172582,True,6,False
0.45,Serie A|Midfield,age_at_world_cup,0.28215100815741423,True,6,False
0.45,Serie A|Midfield,market_value_log,0.9352563672442261,True,6,False
0.45,Serie A|Midfield,pre_minutes_share,0.2259473023806195,True,6,False
0.45,Serie A|Midfield,pre_squad_rate,-0.8021062604312559,True,6,False
0.45,Serie A|Midfield,pre_start_rate,-0.05705785047867316,True,6,False
0.45,Serie A|Midfield,pre_npxg_xa,0.5864968603843702,True,6,False
0.45,Serie A|Midfield,pre_injury_days,-0.06291172425134212,True,6,False
0.45,Serie A|Midfield,pre_club_ppg,-0.16577529584225453,True,6,False
0.45,Serie A|Midfield,pre_opponent_ppg,0.32574930537465757,True,6,False
0.45,Serie A|Midfield,pre_trend_minutes_share,0.1651414939687955,True,6,False
0.45,Serie A|Midfield,pre_trend_npxg_xa,-0.14827750344503465,True,6,False
0.45,Serie A|Midfield,missing_pre_npxg_xa,0.2817649472419598,True,6,False
0.45,Serie A|Midfield,missing_pre_trend_npxg_xa,0.2817649472419598,True,6,False
0.5,Bundesliga|Attack,intercept,-1.84659964043785,True,8,False
0.5,Bundesliga|Attack,age_at_world_cup,-0.6327912034670257,True,8,False
0.5,Bundesliga|Attack,market_value_log,0.12282139082391759,True,8,False
0.5,Bundesliga|Attack,pre_minutes_share,0.8945796160967627,True,8,False
0.5,Bundesliga|Attack,pre_squad_rate,0.6464751870787118,True,8,False
0.5,Bundesliga|Attack,pre_start_rate,0.0190853295351406,True,8,False
0.5,Bundesliga|Attack,pre_npxg_xa,0.2850520427099092,True,8,False
0.5,Bundesliga|Attack,pre_injury_days,0.6236429338366136,True,8,False
0.5,Bundesliga|Attack,pre_club_ppg,1.914282829406846,True,8,False
0.5,Bundesliga|Attack,pre_opponent_ppg,-0.9635965199190591,True,8,False
0.5,Bundesliga|Attack,pre_trend_minutes_share,0.09448531846328158,True,8,False
0.5,Bundesliga|Attack,pre_trend_npxg_xa,-0.7115911437906159,True,8,False
0.5,Bundesliga|Attack,missing_pre_npxg_xa,-0.4929187145712716,True,8,False
0.5,Bundesliga|Attack,missing_pre_trend_npxg_xa,-0.4929187145712716,True,8,False
0.5,Bundesliga|Defender,intercept,-1.4652321987012826,True,7,False
0.5,Bundesliga|Defender,age_at_world_cup,0.2454598200442708,True,7,False
0.5,Bundesliga|Defender,market_value_log,1.9719587279731077,True,7,False
0.5,Bundesliga|Defender,pre_minutes_share,0.21515492139032796,True,7,False
0.5,Bundesliga|Defender,pre_squad_rate,-0.672880799252572,True,7,False
0.5,Bundesliga|Defender,pre_start_rate,-0.0398370739244689,True,7,False
0.5,Bundesliga|Defender,pre_npxg_xa,0.35056047725067574,True,7,False
0.5,Bundesliga|Defender,pre_injury_days,-0.2473527750240354,True,7,False
0.5,Bundesliga|Defender,pre_club_ppg,0.009580036111575436,True,7,False
0.5,Bundesliga|Defender,pre_opponent_ppg,0.05624544799054358,True,7,False
0.5,Bundesliga|Defender,pre_trend_minutes_share,0.8063511739154703,True,7,False
0.5,Bundesliga|Defender,pre_trend_npxg_xa,-0.596665021642191,True,7,False
0.5,Bundesliga|Defender,missing_pre_npxg_xa,-0.450092398957511,True,7,False
0.5,Bundesliga|Defender,missing_pre_trend_npxg_xa,-0.450092398957511,True,7,False
0.5,Bundesliga|Midfield,intercept,-0.8912184584563148,True,6,False
0.5,Bundesliga|Midfield,age_at_world_cup,0.6006805640132025,True,6,False
0.5,Bundesliga|Midfield,market_value_log,1.3932093626736008,True,6,False
0.5,Bundesliga|Midfield,pre_minutes_share,-0.22756909010997528,True,6,False
0.5,Bundesliga|Midfield,pre_squad_rate,-0.4946196800908267,True,6,False
0.5,Bundesliga|Midfield,pre_start_rate,0.14331527637604297,True,6,False
0.5,Bundesliga|Midfield,pre_npxg_xa,0.25762805283365003,True,6,False
0.5,Bundesliga|Midfield,pre_injury_days,-0.14804510161234796,True,6,False
0.5,Bundesliga|Midfield,pre_club_ppg,0.4684228122264562,True,6,False
0.5,Bundesliga|Midfield,pre_opponent_ppg,0.4682216915395501,True,6,False
0.5,Bundesliga|Midfield,pre_trend_minutes_share,-0.05227660110431593,True,6,False
0.5,Bundesliga|Midfield,pre_trend_npxg_xa,0.162283517346348,True,6,False
0.5,Bundesliga|Midfield,missing_pre_npxg_xa,-0.4587838271605274,True,6,False
0.5,Bundesliga|Midfield,missing_pre_trend_npxg_xa,-0.4587838271605274,True,6,False
0.5,LaLiga|Attack,intercept,-1.374552847960586,True,8,False
0.5,LaLiga|Attack,age_at_world_cup,0.35603972369779857,True,8,False
0.5,LaLiga|Attack,market_value_log,1.867698488745881,True,8,False
0.5,LaLiga|Attack,pre_minutes_share,-0.18954300007510805,True,8,False
0.5,LaLiga|Attack,pre_squad_rate,-1.3555059099673616,True,8,False
0.5,LaLiga|Attack,pre_start_rate,-0.09370231705282833,True,8,False
0.5,LaLiga|Attack,pre_npxg_xa,0.6239194524162935,True,8,False
0.5,LaLiga|Attack,pre_injury_days,-0.167373299049526,True,8,False
0.5,LaLiga|Attack,pre_club_ppg,0.7382011028770692,True,8,False
0.5,LaLiga|Attack,pre_opponent_ppg,0.34385257644830514,True,8,False
0.5,LaLiga|Attack,pre_trend_minutes_share,-0.2759376343528399,True,8,False
0.5,LaLiga|Attack,pre_trend_npxg_xa,0.10021284570457528,True,8,False
0.5,LaLiga|Attack,missing_pre_npxg_xa,-0.3761265564201522,True,8,False
0.5,LaLiga|Attack,missing_pre_trend_npxg_xa,-0.3761265564201522,True,8,False
0.5,LaLiga|Defender,intercept,-1.9608330741734632,True,7,False
0.5,LaLiga|Defender,age_at_world_cup,0.139195747830262,True,7,False
0.5,LaLiga|Defender,market_value_log,0.8459135155190599,True,7,False
0.5,LaLiga|Defender,pre_minutes_share,0.716829417248455,True,7,False
0.5,LaLiga|Defender,pre_squad_rate,-0.4633971344628433,True,7,False
0.5,LaLiga|Defender,pre_start_rate,-0.21709026676406337,True,7,False
0.5,LaLiga|Defender,pre_npxg_xa,-0.23997466114563665,True,7,False
0.5,LaLiga|Defender,pre_injury_days,-0.558983334873479,True,7,False
0.5,LaLiga|Defender,pre_club_ppg,0.6133904591569587,True,7,False
0.5,LaLiga|Defender,pre_opponent_ppg,0.20361713359421715,True,7,False
0.5,LaLiga|Defender,pre_trend_minutes_share,0.05693420658834691,True,7,False
0.5,LaLiga|Defender,pre_trend_npxg_xa,0.2571173609485556,True,7,False
0.5,LaLiga|Defender,missing_pre_npxg_xa,-0.16771125394324532,True,7,False
0.5,LaLiga|Defender,missing_pre_trend_npxg_xa,-0.16771125394324532,True,7,False
0.5,LaLiga|Midfield,intercept,-1.7330608273434267,True,7,False
0.5,LaLiga|Midfield,age_at_world_cup,0.4037676347333102,True,7,False
0.5,LaLiga|Midfield,market_value_log,1.2171667557555912,True,7,False
0.5,LaLiga|Midfield,pre_minutes_share,-0.6423432134875013,True,7,False
0.5,LaLiga|Midfield,pre_squad_rate,0.3545425351901987,True,7,False
0.5,LaLiga|Midfield,pre_start_rate,0.6125356636976012,True,7,False
0.5,LaLiga|Midfield,pre_npxg_xa,-0.8200042103034368,True,7,False
0.5,LaLiga|Midfield,pre_injury_days,0.03900829198230028,True,7,False
0.5,LaLiga|Midfield,pre_club_ppg,0.8130105609536942,True,7,False
0.5,LaLiga|Midfield,pre_opponent_ppg,-0.38688008028769716,True,7,False
0.5,LaLiga|Midfield,pre_trend_minutes_share,0.24735851166984343,True,7,False
0.5,LaLiga|Midfield,pre_trend_npxg_xa,0.23289490188554893,True,7,False
0.5,Ligue 1|Attack,intercept,-2.0977283187050926,True,7,False
0.5,Ligue 1|Attack,age_at_world_cup,0.31089905437974186,True,7,False
0.5,Ligue 1|Attack,market_value_log,0.6539806264114468,True,7,False
0.5,Ligue 1|Attack,pre_minutes_share,-0.7309983940503191,True,7,False
0.5,Ligue 1|Attack,pre_squad_rate,-0.1465495311936731,True,7,False
0.5,Ligue 1|Attack,pre_start_rate,-0.256013594615745,True,7,False
0.5,Ligue 1|Attack,pre_npxg_xa,0.8749459322949606,True,7,False
0.5,Ligue 1|Attack,pre_injury_days,-1.1746028865124196,True,7,False
0.5,Ligue 1|Attack,pre_club_ppg,0.9495422100858817,True,7,False
0.5,Ligue 1|Attack,pre_opponent_ppg,0.3047980441374727,True,7,False
0.5,Ligue 1|Attack,pre_trend_minutes_share,0.6899075144296365,True,7,False
0.5,Ligue 1|Attack,pre_trend_npxg_xa,-0.8721763483811814,True,7,False
0.5,Ligue 1|Defender,intercept,-1.67700710025011,True,7,False
0.5,Ligue 1|Defender,age_at_world_cup,0.030683291176304098,True,7,False
0.5,Ligue 1|Defender,market_value_log,0.6945104877141662,True,7,False
0.5,Ligue 1|Defender,pre_minutes_share,-0.21072807564016968,True,7,False
0.5,Ligue 1|Defender,pre_squad_rate,-0.11158404564832743,True,7,False
0.5,Ligue 1|Defender,pre_start_rate,0.135929286748845,True,7,False
0.5,Ligue 1|Defender,pre_npxg_xa,0.34758193859586967,True,7,False
0.5,Ligue 1|Defender,pre_injury_days,-0.5371068348216304,True,7,False
0.5,Ligue 1|Defender,pre_club_ppg,0.08160413011441216,True,7,False
0.5,Ligue 1|Defender,pre_opponent_ppg,-0.6814144831975694,True,7,False
0.5,Ligue 1|Defender,pre_trend_minutes_share,-0.03681268640604988,True,7,False
0.5,Ligue 1|Defender,pre_trend_npxg_xa,-0.016259273895601164,True,7,False
0.5,Ligue 1|Defender,missing_pre_npxg_xa,-0.12304843449430569,True,7,False
0.5,Ligue 1|Defender,missing_pre_trend_npxg_xa,-0.12304843449430569,True,7,False
0.5,Ligue 1|Midfield,intercept,-2.193014434156947,True,7,False
0.5,Ligue 1|Midfield,age_at_world_cup,-0.21199862677881157,True,7,False
0.5,Ligue 1|Midfield,market_value_log,1.370804743215102,True,7,False
0.5,Ligue 1|Midfield,pre_minutes_share,0.502574789628221,True,7,False
0.5,Ligue 1|Midfield,pre_squad_rate,-0.5032947954367017,True,7,False
0.5,Ligue 1|Midfield,pre_start_rate,-0.8161702338437813,True,7,False
0.5,Ligue 1|Midfield,pre_npxg_xa,0.15301255908298086,True,7,False
0.5,Ligue 1|Midfield,pre_injury_days,-0.45070580746815386,True,7,False
0.5,Ligue 1|Midfield,pre_club_ppg,0.3969517815713731,True,7,False
0.5,Ligue 1|Midfield,pre_opponent_ppg,0.13018682423592925,True,7,False
0.5,Ligue 1|Midfield,pre_trend_minutes_share,0.6651244758376665,True,7,False
0.5,Ligue 1|Midfield,pre_trend_npxg_xa,-0.36955682772586274,True,7,False
0.5,Ligue 1|Midfield,missing_pre_npxg_xa,-0.6074044049649008,True,7,False
0.5,Ligue 1|Midfield,missing_pre_trend_npxg_xa,-0.6074044049649008,True,7,False
0.5,Premier League|Attack,intercept,-0.23788274437811752,True,7,False
0.5,Premier League|Attack,age_at_world_cup,-0.04844716797507338,True,7,False
0.5,Premier League|Attack,market_value_log,0.7156497900452635,True,7,False
0.5,Premier League|Attack,pre_minutes_share,-0.19537114669317682,True,7,False
0.5,Premier League|Attack,pre_squad_rate,0.09941446261693603,True,7,False
0.5,Premier League|Attack,pre_start_rate,-0.1128657333588745,True,7,False
0.5,Premier League|Attack,pre_npxg_xa,-0.04462384949927582,True,7,False
0.5,Premier League|Attack,pre_injury_days,-0.0865020916652984,True,7,False
0.5,Premier League|Attack,pre_club_ppg,1.7180654654295398,True,7,False
0.5,Premier League|Attack,pre_opponent_ppg,-0.35170296176711624,True,7,False
0.5,Premier League|Attack,pre_trend_minutes_share,0.5421801535451506,True,7,False
0.5,Premier League|Attack,pre_trend_npxg_xa,0.46802197633250947,True,7,False
0.5,Premier League|Defender,intercept,-0.25113756331945153,True,6,False
0.5,Premier League|Defender,age_at_world_cup,0.24221748663339265,True,6,False
0.5,Premier League|Defender,market_value_log,0.7648369521233975,True,6,False
0.5,Premier League|Defender,pre_minutes_share,0.5542199067652912,True,6,False
0.5,Premier League|Defender,pre_squad_rate,-0.18162118958930398,True,6,False
0.5,Premier League|Defender,pre_start_rate,-0.15244446348723195,True,6,False
0.5,Premier League|Defender,pre_npxg_xa,0.42607953880111343,True,6,False
0.5,Premier League|Defender,pre_injury_days,0.19525803823190382,True,6,False
0.5,Premier League|Defender,pre_club_ppg,0.6167978655123202,True,6,False
0.5,Premier League|Defender,pre_opponent_ppg,-0.001173582218259348,True,6,False
0.5,Premier League|Defender,pre_trend_minutes_share,-0.11036806172485374,True,6,False
0.5,Premier League|Defender,pre_trend_npxg_xa,0.14660188461222978,True,6,False
0.5,Premier League|Defender,missing_pre_npxg_xa,-1.1368734570305015,True,6,False
0.5,Premier League|Defender,missing_pre_trend_npxg_xa,-1.1368734570305015,True,6,False
0.5,Premier League|Midfield,intercept,0.08074318709616889,True,6,False
0.5,Premier League|Midfield,age_at_world_cup,0.7637080036134547,True,6,False
0.5,Premier League|Midfield,market_value_log,1.4057800293286131,True,6,False
0.5,Premier League|Midfield,pre_minutes_share,0.48274486477932316,True,6,False
0.5,Premier League|Midfield,pre_squad_rate,-0.5683134540139485,True,6,False
0.5,Premier League|Midfield,pre_start_rate,-0.1786847581181209,True,6,False
0.5,Premier League|Midfield,pre_npxg_xa,-0.5330381943326733,True,6,False
0.5,Premier League|Midfield,pre_injury_days,-0.4602938460724433,True,6,False
0.5,Premier League|Midfield,pre_club_ppg,0.7238379244449167,True,6,False
0.5,Premier League|Midfield,pre_opponent_ppg,0.6403250938897818,True,6,False
0.5,Premier League|Midfield,pre_trend_minutes_share,0.11845360704910773,True,6,False
0.5,Premier League|Midfield,pre_trend_npxg_xa,-0.053488815121583086,True,6,False
0.5,Premier League|Midfield,missing_pre_npxg_xa,-0.762241966763479,True,6,False
0.5,Premier League|Midfield,missing_pre_trend_npxg_xa,-0.762241966763479,True,6,False
0.5,Serie A|Attack,intercept,-1.0771771819540414,True,7,False
0.5,Serie A|Attack,age_at_world_cup,0.24577285653026312,True,7,False
0.5,Serie A|Attack,market_value_log,0.7234712917001671,True,7,False
0.5,Serie A|Attack,pre_minutes_share,-0.13903306522557837,True,7,False
0.5,Serie A|Attack,pre_squad_rate,-0.31285621566957794,True,7,False
0.5,Serie A|Attack,pre_start_rate,-0.37680120756124436,True,7,False
0.5,Serie A|Attack,pre_npxg_xa,0.4981598353663974,True,7,False
0.5,Serie A|Attack,pre_injury_days,-1.509800810069839,True,7,False
0.5,Serie A|Attack,pre_club_ppg,0.1788877444802406,True,7,False
0.5,Serie A|Attack,pre_opponent_ppg,-0.4831889162881863,True,7,False
0.5,Serie A|Attack,pre_trend_minutes_share,0.044663587802904574,True,7,False
0.5,Serie A|Attack,pre_trend_npxg_xa,-0.9123561688711579,True,7,False
0.5,Serie A|Defender,intercept,-0.5630420037159816,True,6,False
0.5,Serie A|Defender,age_at_world_cup,0.44072206397879415,True,6,False
0.5,Serie A|Defender,market_value_log,0.9267232620611041,True,6,False
0.5,Serie A|Defender,pre_minutes_share,-0.10654293356897966,True,6,False
0.5,Serie A|Defender,pre_squad_rate,-0.056226752990578055,True,6,False
0.5,Serie A|Defender,pre_start_rate,-0.277776379540613,True,6,False
0.5,Serie A|Defender,pre_npxg_xa,-0.2552474061326424,True,6,False
0.5,Serie A|Defender,pre_injury_days,-1.1356175756055824,True,6,False
0.5,Serie A|Defender,pre_club_ppg,-0.1452520918505261,True,6,False
0.5,Serie A|Defender,pre_opponent_ppg,-0.004084489488151836,True,6,False
0.5,Serie A|Defender,pre_trend_minutes_share,0.2801338045945828,True,6,False
0.5,Serie A|Defender,pre_trend_npxg_xa,-0.08666580491448526,True,6,False
0.5,Serie A|Defender,missing_pre_npxg_xa,-0.45350790475441644,True,6,False
0.5,Serie A|Defender,missing_pre_trend_npxg_xa,-0.45350790475441644,True,6,False
0.5,Serie A|Midfield,intercept,-0.7045488123133388,True,6,False
0.5,Serie A|Midfield,age_at_world_cup,0.27829221492481204,True,6,False
0.5,Serie A|Midfield,market_value_log,0.9195743587538038,True,6,False
0.5,Serie A|Midfield,pre_minutes_share,0.21982533591270567,True,6,False
0.5,Serie A|Midfield,pre_squad_rate,-0.7957746982049124,True,6,False
0.5,Serie A|Midfield,pre_start_rate,-0.04650263169238682,True,6,False
0.5,Serie A|Midfield,pre_npxg_xa,0.5777310663315236,True,6,False
0.5,Serie A|Midfield,pre_injury_days,-0.05836780359402541,True,6,False
0.5,Serie A|Midfield,pre_club_ppg,-0.1529556177313682,True,6,False
0.5,Serie A|Midfield,pre_opponent_ppg,0.32393304846280435,True,6,False
0.5,Serie A|Midfield,pre_trend_minutes_share,0.1638383611952486,True,6,False
0.5,Serie A|Midfield,pre_trend_npxg_xa,-0.15008225784419535,True,6,False
0.5,Serie A|Midfield,missing_pre_npxg_xa,0.26208928499887335,True,6,False
0.5,Serie A|Midfield,missing_pre_trend_npxg_xa,0.26208928499887335,True,6,False
0.55,Bundesliga|Attack,intercept,-1.813736784120867,True,8,False
0.55,Bundesliga|Attack,age_at_world_cup,-0.6094951904532365,True,8,False
0.55,Bundesliga|Attack,market_value_log,0.1477960765944231,True,8,False
0.55,Bundesliga|Attack,pre_minutes_share,0.8487447461132157,True,8,False
0.55,Bundesliga|Attack,pre_squad_rate,0.6314789984166053,True,8,False
0.55,Bundesliga|Attack,pre_start_rate,0.03652348394279394,True,8,False
0.55,Bundesliga|Attack,pre_npxg_xa,0.28907863332972755,True,8,False
0.55,Bundesliga|Attack,pre_injury_days,0.6077311641099895,True,8,False
0.55,Bundesliga|Attack,pre_club_ppg,1.8463233399227104,True,8,False
0.55,Bundesliga|Attack,pre_opponent_ppg,-0.9360964216436883,True,8,False
0.55,Bundesliga|Attack,pre_trend_minutes_share,0.09714412846252916,True,8,False
0.55,Bundesliga|Attack,pre_trend_npxg_xa,-0.6848866470216671,True,8,False
0.55,Bundesliga|Attack,missing_pre_npxg_xa,-0.46145380217374865,True,8,False
0.55,Bundesliga|Attack,missing_pre_trend_npxg_xa,-0.46145380217374865,True,8,False
0.55,Bundesliga|Defender,intercept,-1.4554720769575606,True,7,False
0.55,Bundesliga|Defender,age_at_world_cup,0.23267834187493272,True,7,False
0.55,Bundesliga|Defender,market_value_log,1.9376387374299429,True,7,False
0.55,Bundesliga|Defender,pre_minutes_share,0.20312493389591585,True,7,False
0.55,Bundesliga|Defender,pre_squad_rate,-0.6596486632984192,True,7,False
0.55,Bundesliga|Defender,pre_start_rate,-0.029455198375446825,True,7,False
0.55,Bundesliga|Defender,pre_npxg_xa,0.3507269048503436,True,7,False
0.55,Bundesliga|Defender,pre_injury_days,-0.2409256337527245,True,7,False
0.55,Bundesliga|Defender,pre_club_ppg,0.021525107724124987,True,7,False
0.55,Bundesliga|Defender,pre_opponent_ppg,0.057644721023452666,True,7,False
0.55,Bundesliga|Defender,pre_trend_minutes_share,0.7929769408157502,True,7,False
0.55,Bundesliga|Defender,pre_trend_npxg_xa,-0.5897331796864979,True,7,False
0.55,Bundesliga|Defender,missing_pre_npxg_xa,-0.42594617283823527,True,7,False
0.55,Bundesliga|Defender,missing_pre_trend_npxg_xa,-0.42594617283823527,True,7,False
0.55,Bundesliga|Midfield,intercept,-0.8870764890397389,True,6,False
0.55,Bundesliga|Midfield,age_at_world_cup,0.5887293182164074,True,6,False
0.55,Bundesliga|Midfield,market_value_log,1.3737035239804276,True,6,False
0.55,Bundesliga|Midfield,pre_minutes_share,-0.20975535662728126,True,6,False
0.55,Bundesliga|Midfield,pre_squad_rate,-0.49157719480180545,True,6,False
0.55,Bundesliga|Midfield,pre_start_rate,0.1280277440582796,True,6,False
0.55,Bundesliga|Midfield,pre_npxg_xa,0.2589805304018411,True,6,False
0.55,Bundesliga|Midfield,pre_injury_days,-0.14469758635158309,True,6,False
0.55,Bundesliga|Midfield,pre_club_ppg,0.4678152710572516,True,6,False
0.55,Bundesliga|Midfield,pre_opponent_ppg,0.46217311767339697,True,6,False
0.55,Bundesliga|Midfield,pre_trend_minutes_share,-0.05269186465600555,True,6,False
0.55,Bundesliga|Midfield,pre_trend_npxg_xa,0.15839083574341833,True,6,False
0.55,Bundesliga|Midfield,missing_pre_npxg_xa,-0.43469550750247854,True,6,False
0.55,Bundesliga|Midfield,missing_pre_trend_npxg_xa,-0.43469550750247854,True,6,False
0.55,LaLiga|Attack,intercept,-1.3653614647306649,True,8,False
0.55,LaLiga|Attack,age_at_world_cup,0.33809296550779255,True,8,False
0.55,LaLiga|Attack,market_value_log,1.8217327820660423,True,8,False
0.55,LaLiga|Attack,pre_minutes_share,-0.195526603600636,True,8,False
0.55,LaLiga|Attack,pre_squad_rate,-1.3233024275131475,True,8,False
0.55,LaLiga|Attack,pre_start_rate,-0.08327953077339706,True,8,False
0.55,LaLiga|Attack,pre_npxg_xa,0.6283179279575675,True,8,False
0.55,LaLiga|Attack,pre_injury_days,-0.1656953189215979,True,8,False
0.55,LaLiga|Attack,pre_club_ppg,0.7279034596096516,True,8,False
0.55,LaLiga|Attack,pre_opponent_ppg,0.33379448356308944,True,8,False
0.55,LaLiga|Attack,pre_trend_minutes_share,-0.26947088301276756,True,8,False
0.55,LaLiga|Attack,pre_trend_npxg_xa,0.09077323517280253,True,8,False
0.55,LaLiga|Attack,missing_pre_npxg_xa,-0.357987843172117,True,8,False
0.55,LaLiga|Attack,missing_pre_trend_npxg_xa,-0.357987843172117,True,8,False
0.55,LaLiga|Defender,intercept,-1.955982850967217,True,7,False
0.55,LaLiga|Defender,age_at_world_cup,0.1388731726541317,True,7,False
0.55,LaLiga|Defender,market_value_log,0.8413351716156561,True,7,False
0.55,LaLiga|Defender,pre_minutes_share,0.6864985857473861,True,7,False
0.55,LaLiga|Defender,pre_squad_rate,-0.4552570484170174,True,7,False
0.55,LaLiga|Defender,pre_start_rate,-0.19025384473868406,True,7,False
0.55,LaLiga|Defender,pre_npxg_xa,-0.23711233532923276,True,7,False
0.55,LaLiga|Defender,pre_injury_days,-0.5504416424537638,True,7,False
0.55,LaLiga|Defender,pre_club_ppg,0.6103925106496548,True,7,False
0.55,LaLiga|Defender,pre_opponent_ppg,0.20208283977926864,True,7,False
0.55,LaLiga|Defender,pre_trend_minutes_share,0.059065547597616064,True,7,False
0.55,LaLiga|Defender,pre_trend_npxg_xa,0.253611791853488,True,7,False
0.55,LaLiga|Defender,missing_pre_npxg_xa,-0.16508379405176496,True,7,False
0.55,LaLiga|Defender,missing_pre_trend_npxg_xa,-0.16508379405176496,True,7,False
0.55,LaLiga|Midfield,intercept,-1.7248231945687673,True,7,False
0.55,LaLiga|Midfield,age_at_world_cup,0.3931872308809531,True,7,False
0.55,LaLiga|Midfield,market_value_log,1.1971615369036388,True,7,False
0.55,LaLiga|Midfield,pre_minutes_share,-0.6026771501562828,True,7,False
0.55,LaLiga|Midfield,pre_squad_rate,0.34158014052746205,True,7,False
0.55,LaLiga|Midfield,pre_start_rate,0.5762677038171167,True,7,False
0.55,LaLiga|Midfield,pre_npxg_xa,-0.803845031184506,True,7,False
0.55,LaLiga|Midfield,pre_injury_days,0.03379791923093224,True,7,False
0.55,LaLiga|Midfield,pre_club_ppg,0.8115020670814217,True,7,False
0.55,LaLiga|Midfield,pre_opponent_ppg,-0.38227957919649697,True,7,False
0.55,LaLiga|Midfield,pre_trend_minutes_share,0.24769685354705429,True,7,False
0.55,LaLiga|Midfield,pre_trend_npxg_xa,0.22718362430519898,True,7,False
0.55,Ligue 1|Attack,intercept,-2.068488853667109,True,7,False
0.55,Ligue 1|Attack,age_at_world_cup,0.306566124569625,True,7,False
0.55,Ligue 1|Attack,market_value_log,0.6474665118362178,True,7,False
0.55,Ligue 1|Attack,pre_minutes_share,-0.6994413469336523,True,7,False
0.55,Ligue 1|Attack,pre_squad_rate,-0.1331579407954701,True,7,False
0.55,Ligue 1|Attack,pre_start_rate,-0.2524752437498699,True,7,False
0.55,Ligue 1|Attack,pre_npxg_xa,0.8530262036356618,True,7,False
0.55,Ligue 1|Attack,pre_injury_days,-1.125730171076839,True,7,False
0.55,Ligue 1|Attack,pre_club_ppg,0.9264473874163334,True,7,False
0.55,Ligue 1|Attack,pre_opponent_ppg,0.2951733077444538,True,7,False
0.55,Ligue 1|Attack,pre_trend_minutes_share,0.66286920291661,True,7,False
0.55,Ligue 1|Attack,pre_trend_npxg_xa,-0.8395547717744335,True,7,False
0.55,Ligue 1|Defender,intercept,-1.6726218966502902,True,7,False
0.55,Ligue 1|Defender,age_at_world_cup,0.026369262331479567,True,7,False
0.55,Ligue 1|Defender,market_value_log,0.6857429290067099,True,7,False
0.55,Ligue 1|Defender,pre_minutes_share,-0.19914167150202888,True,7,False
0.55,Ligue 1|Defender,pre_squad_rate,-0.10977699173609835,True,7,False
0.55,Ligue 1|Defender,pre_start_rate,0.12724853124066335,True,7,False
0.55,Ligue 1|Defender,pre_npxg_xa,0.34519770892827817,True,7,False
0.55,Ligue 1|Defender,pre_injury_days,-0.5252125077523435,True,7,False
0.55,Ligue 1|Defender,pre_club_ppg,0.08636889583326472,True,7,False
0.55,Ligue 1|Defender,pre_opponent_ppg,-0.6755006715756832,True,7,False
0.55,Ligue 1|Defender,pre_trend_minutes_share,-0.03751340854062859,True,7,False
0.55,Ligue 1|Defender,pre_trend_npxg_xa,-0.015857738318953915,True,7,False
0.55,Ligue 1|Defender,missing_pre_npxg_xa,-0.1151659619933895,True,7,False
0.55,Ligue 1|Defender,missing_pre_trend_npxg_xa,-0.1151659619933895,True,7,False
0.55,Ligue 1|Midfield,intercept,-2.174122946702868,True,7,False
0.55,Ligue 1|Midfield,age_at_world_cup,-0.20757653416530944,True,7,False
0.55,Ligue 1|Midfield,market_value_log,1.3439031179708212,True,7,False
0.55,Ligue 1|Midfield,pre_minutes_share,0.4623642478176515,True,7,False
0.55,Ligue 1|Midfield,pre_squad_rate,-0.47852202387186465,True,7,False
0.55,Ligue 1|Midfield,pre_start_rate,-0.7770808326009906,True,7,False
0.55,Ligue 1|Midfield,pre_npxg_xa,0.15695015981037416,True,7,False
0.55,Ligue 1|Midfield,pre_injury_days,-0.4365589001399262,True,7,False
0.55,Ligue 1|Midfield,pre_club_ppg,0.3951273607515397,True,7,False
0.55,Ligue 1|Midfield,pre_opponent_ppg,0.12876647827516752,True,7,False
0.55,Ligue 1|Midfield,pre_trend_minutes_share,0.6483945935591408,True,7,False
0.55,Ligue 1|Midfield,pre_trend_npxg_xa,-0.36094742305393046,True,7,False
0.55,Ligue 1|Midfield,missing_pre_npxg_xa,-0.5749257580699477,True,7,False
0.55,Ligue 1|Midfield,missing_pre_trend_npxg_xa,-0.5749257580699477,True,7,False
0.55,Premier League|Attack,intercept,-0.2387125726297927,True,7,False
0.55,Premier League|Attack,age_at_world_cup,-0.046724693079593024,True,7,False
0.55,Premier League|Attack,market_value_log,0.7049932697400886,True,7,False
0.55,Premier League|Attack,pre_minutes_share,-0.19316287245010355,True,7,False
0.55,Premier League|Attack,pre_squad_rate,0.09594744100261207,True,7,False
0.55,Premier League|Attack,pre_start_rate,-0.10915340148891113,True,7,False
0.55,Premier League|Attack,pre_npxg_xa,-0.04073884565948888,True,7,False
0.55,Premier League|Attack,pre_injury_days,-0.08421521162340237,True,7,False
0.55,Premier League|Attack,pre_club_ppg,1.6845870675934438,True,7,False
0.55,Premier League|Attack,pre_opponent_ppg,-0.3404389455134053,True,7,False
0.55,Premier League|Attack,pre_trend_minutes_share,0.5331735049576181,True,7,False
0.55,Premier League|Attack,pre_trend_npxg_xa,0.45462379149648163,True,7,False
0.55,Premier League|Defender,intercept,-0.2525920578617272,True,6,False
0.55,Premier League|Defender,age_at_world_cup,0.24097386710530946,True,6,False
0.55,Premier League|Defender,market_value_log,0.7598341150796162,True,6,False
0.55,Premier League|Defender,pre_minutes_share,0.5328197810876786,True,6,False
0.55,Premier League|Defender,pre_squad_rate,-0.17692963721483412,True,6,False
0.55,Premier League|Defender,pre_start_rate,-0.13480372959822193,True,6,False
0.55,Premier League|Defender,pre_npxg_xa,0.42348418671049975,True,6,False
0.55,Premier League|Defender,pre_injury_days,0.1953148479754423,True,6,False
0.55,Premier League|Defender,pre_club_ppg,0.611924335006956,True,6,False
0.55,Premier League|Defender,pre_opponent_ppg,-0.0004862341252276698,True,6,False
0.55,Premier League|Defender,pre_trend_minutes_share,-0.11075468928550167,True,6,False
0.55,Premier League|Defender,pre_trend_npxg_xa,0.1457527325264211,True,6,False
0.55,Premier League|Defender,missing_pre_npxg_xa,-1.0911746043583919,True,6,False
0.55,Premier League|Defender,missing_pre_trend_npxg_xa,-1.0911746043583919,True,6,False
0.55,Premier League|Midfield,intercept,0.07843724628525123,True,6,False
0.55,Premier League|Midfield,age_at_world_cup,0.7518152513680597,True,6,False
0.55,Premier League|Midfield,market_value_log,1.3880212861526047,True,6,False
0.55,Premier League|Midfield,pre_minutes_share,0.46348579938587076,True,6,False
0.55,Premier League|Midfield,pre_squad_rate,-0.5616432014856422,True,6,False
0.55,Premier League|Midfield,pre_start_rate,-0.1633474454963357,True,6,False
0.55,Premier League|Midfield,pre_npxg_xa,-0.5258158836836241,True,6,False
0.55,Premier League|Midfield,pre_injury_days,-0.457028710784465,True,6,False
0.55,Premier League|Midfield,pre_club_ppg,0.7195418058559375,True,6,False
0.55,Premier League|Midfield,pre_opponent_ppg,0.6337908453530334,True,6,False
0.55,Premier League|Midfield,pre_trend_minutes_share,0.11659446935203356,True,6,False
0.55,Premier League|Midfield,pre_trend_npxg_xa,-0.05463131469503747,True,6,False
0.55,Premier League|Midfield,missing_pre_npxg_xa,-0.7202801354849001,True,6,False
0.55,Premier League|Midfield,missing_pre_trend_npxg_xa,-0.7202801354849001,True,6,False
0.55,Serie A|Attack,intercept,-1.0568436893378221,True,7,False
0.55,Serie A|Attack,age_at_world_cup,0.236550113281895,True,7,False
0.55,Serie A|Attack,market_value_log,0.6951170774623777,True,7,False
0.55,Serie A|Attack,pre_minutes_share,-0.14193539074346886,True,7,False
0.55,Serie A|Attack,pre_squad_rate,-0.2942555422888438,True,7,False
0.55,Serie A|Attack,pre_start_rate,-0.3513235436096164,True,7,False
0.55,Serie A|Attack,pre_npxg_xa,0.4952375628601514,True,7,False
0.55,Serie A|Attack,pre_injury_days,-1.4498790216500952,True,7,False
0.55,Serie A|Attack,pre_club_ppg,0.18587969137523794,True,7,False
0.55,Serie A|Attack,pre_opponent_ppg,-0.46988803204277035,True,7,False
0.55,Serie A|Attack,pre_trend_minutes_share,0.0322020914432201,True,7,False
0.55,Serie A|Attack,pre_trend_npxg_xa,-0.8857761501404471,True,7,False
0.55,Serie A|Defender,intercept,-0.5595483764573072,True,6,False
0.55,Serie A|Defender,age_at_world_cup,0.42844446252754714,True,6,False
0.55,Serie A|Defender,market_value_log,0.9003534428567567,True,6,False
0.55,Serie A|Defender,pre_minutes_share,-0.1049291823490892,True,6,False
0.55,Serie A|Defender,pre_squad_rate,-0.04605492057589404,True,6,False
0.55,Serie A|Defender,pre_start_rate,-0.2657525566057546,True,6,False
0.55,Serie A|Defender,pre_npxg_xa,-0.24887252904030102,True,6,False
0.55,Serie A|Defender,pre_injury_days,-1.1018093942357734,True,6,False
0.55,Serie A|Defender,pre_club_ppg,-0.12597946636169677,True,6,False
0.55,Serie A|Defender,pre_opponent_ppg,-0.005888589050301718,True,6,False
0.55,Serie A|Defender,pre_trend_minutes_share,0.2710824650062892,True,6,False
0.55,Serie A|Defender,pre_trend_npxg_xa,-0.08443577296147402,True,6,False
0.55,Serie A|Defender,missing_pre_npxg_xa,-0.4388849700639663,True,6,False
0.55,Serie A|Defender,missing_pre_trend_npxg_xa,-0.4388849700639663,True,6,False
0.55,Serie A|Midfield,intercept,-0.7016083715817674,True,6,False
0.55,Serie A|Midfield,age_at_world_cup,0.27448651506725563,True,6,False
0.55,Serie A|Midfield,market_value_log,0.9047640957164813,True,6,False
0.55,Serie A|Midfield,pre_minutes_share,0.2143220601700217,True,6,False
0.55,Serie A|Midfield,pre_squad_rate,-0.7894955271145676,True,6,False
0.55,Serie A|Midfield,pre_start_rate,-0.037018488914050414,True,6,False
0.55,Serie A|Midfield,pre_npxg_xa,0.5695725074736672,True,6,False
0.55,Serie A|Midfield,pre_injury_days,-0.05403605852280814,True,6,False
0.55,Serie A|Midfield,pre_club_ppg,-0.14113739441009535,True,6,False
0.55,Serie A|Midfield,pre_opponent_ppg,0.32219006864616556,True,6,False
0.55,Serie A|Midfield,pre_trend_minutes_share,0.16240417653602032,True,6,False
0.55,Serie A|Midfield,pre_trend_npxg_xa,-0.15165603217067522,True,6,False
0.55,Serie A|Midfield,missing_pre_npxg_xa,0.24528007864943635,True,6,False
0.55,Serie A|Midfield,missing_pre_trend_npxg_xa,0.24528007864943635,True,6,False
0.6,Bundesliga|Attack,intercept,-1.7838340795432917,True,8,False
0.6,Bundesliga|Attack,age_at_world_cup,-0.5886877234019343,True,8,False
0.6,Bundesliga|Attack,market_value_log,0.16922848573511523,True,8,False
0.6,Bundesliga|Attack,pre_minutes_share,0.808940683237918,True,8,False
0.6,Bundesliga|Attack,pre_squad_rate,0.6175229782427736,True,8,False
0.6,Bundesliga|Attack,pre_start_rate,0.05130005608686296,True,8,False
0.6,Bundesliga|Attack,pre_npxg_xa,0.29205946460358506,True,8,False
0.6,Bundesliga|Attack,pre_injury_days,0.5931532200396273,True,8,False
0.6,Bundesliga|Attack,pre_club_ppg,1.7858246421443411,True,8,False
0.6,Bundesliga|Attack,pre_opponent_ppg,-0.911062934078148,True,8,False
0.6,Bundesliga|Attack,pre_trend_minutes_share,0.09905894743336002,True,8,False
0.6,Bundesliga|Attack,pre_trend_npxg_xa,-0.6607444634372177,True,8,False
0.6,Bundesliga|Attack,missing_pre_npxg_xa,-0.43396627846527097,True,8,False
0.6,Bundesliga|Attack,missing_pre_trend_npxg_xa,-0.4339662784652709,True,8,False
0.6,Bundesliga|Defender,intercept,-1.4462849342172364,True,7,False
0.6,Bundesliga|Defender,age_at_world_cup,0.2207427738269543,True,7,False
0.6,Bundesliga|Defender,market_value_log,1.905270301001269,True,7,False
0.6,Bundesliga|Defender,pre_minutes_share,0.19266819419955433,True,7,False
0.6,Bundesliga|Defender,pre_squad_rate,-0.6471869058162317,True,7,False
0.6,Bundesliga|Defender,pre_start_rate,-0.02049958034944689,True,7,False
0.6,Bundesliga|Defender,pre_npxg_xa,0.35080329622262413,True,7,False
0.6,Bundesliga|Defender,pre_injury_days,-0.23499532171733203,True,7,False
0.6,Bundesliga|Defender,pre_club_ppg,0.03261075742808748,True,7,False
0.6,Bundesliga|Defender,pre_opponent_ppg,0.05882802553388658,True,7,False
0.6,Bundesliga|Defender,pre_trend_minutes_share,0.7802852731570089,True,7,False
0.6,Bundesliga|Defender,pre_trend_npxg_xa,-0.583130017549058,True,7,False
0.6,Bundesliga|Defender,missing_pre_npxg_xa,-0.40457415065419294,True,7,False
0.6,Bundesliga|Defender,missing_pre_trend_npxg_xa,-0.40457415065419294,True,7,False
0.6,Bundesliga|Midfield,intercept,-0.8831083413593943,True,6,False
0.6,Bundesliga|Midfield,age_at_world_cup,0.5773695343111938,True,6,False
0.6,Bundesliga|Midfield,market_value_log,1.3552514662987096,True,6,False
0.6,Bundesliga|Midfield,pre_minutes_share,-0.19406456291243834,True,6,False
0.6,Bundesliga|Midfield,pre_squad_rate,-0.48851383924584957,True,6,False
0.6,Bundesliga|Midfield,pre_start_rate,0.11471918609242943,True,6,False
0.6,Bundesliga|Midfield,pre_npxg_xa,0.260069727941006,True,6,False
0.6,Bundesliga|Midfield,pre_injury_days,-0.14142341351387314,True,6,False
0.6,Bundesliga|Midfield,pre_club_ppg,0.4670948756276813,True,6,False
0.6,Bundesliga|Midfield,pre_opponent_ppg,0.45632494426718523,True,6,False
0.6,Bundesliga|Midfield,pre_trend_minutes_share,-0.053107510702086115,True,6,False
0.6,Bundesliga|Midfield,pre_trend_npxg_xa,0.15480781944420968,True,6,False
0.6,Bundesliga|Midfield,missing_pre_npxg_xa,-0.4133427332678447,True,6,False
0.6,Bundesliga|Midfield,missing_pre_trend_npxg_xa,-0.4133427332678447,True,6,False
0.6,LaLiga|Attack,intercept,-1.356939312147517,True,7,False
0.6,LaLiga|Attack,age_at_world_cup,0.32177359299115044,True,7,False
0.6,LaLiga|Attack,market_value_log,1.7793398844269441,True,7,False
0.6,LaLiga|Attack,pre_minutes_share,-0.19991376366188826,True,7,False
0.6,LaLiga|Attack,pre_squad_rate,-1.2937214894180673,True,7,False
0.6,LaLiga|Attack,pre_start_rate,-0.07452414515942174,True,7,False
0.6,LaLiga|Attack,pre_npxg_xa,0.6317475938280595,True,7,False
0.6,LaLiga|Attack,pre_injury_days,-0.16396325343555598,True,7,False
0.6,LaLiga|Attack,pre_club_ppg,0.7188382249899069,True,7,False
0.6,LaLiga|Attack,pre_opponent_ppg,0.3246201229400143,True,7,False
0.6,LaLiga|Attack,pre_trend_minutes_share,-0.26360647744930094,True,7,False
0.6,LaLiga|Attack,pre_trend_npxg_xa,0.08215051913460332,True,7,False
0.6,LaLiga|Attack,missing_pre_npxg_xa,-0.3416459179707218,True,7,False
0.6,LaLiga|Attack,missing_pre_trend_npxg_xa,-0.3416459179707218,True,7,False
0.6,LaLiga|Defender,intercept,-1.9513310400988273,True,7,False
0.6,LaLiga|Defender,age_at_world_cup,0.1383687782511681,True,7,False
0.6,LaLiga|Defender,market_value_log,0.8368420886090953,True,7,False
0.6,LaLiga|Defender,pre_minutes_share,0.6595391317789874,True,7,False
0.6,LaLiga|Defender,pre_squad_rate,-0.44761483987226747,True,7,False
0.6,LaLiga|Defender,pre_start_rate,-0.1666565004609373,True,7,False
0.6,LaLiga|Defender,pre_npxg_xa,-0.234309636528099,True,7,False
0.6,LaLiga|Defender,pre_injury_days,-0.5422223645246799,True,7,False
0.6,LaLiga|Defender,pre_club_ppg,0.6075090524819519,True,7,False
0.6,LaLiga|Defender,pre_opponent_ppg,0.20056174374792624,True,7,False
0.6,LaLiga|Defender,pre_trend_minutes_share,0.06089444732903599,True,7,False
0.6,LaLiga|Defender,pre_trend_npxg_xa,0.25025056350570846,True,7,False
0.6,LaLiga|Defender,missing_pre_npxg_xa,-0.16259589845307595,True,7,False
0.6,LaLiga|Defender,missing_pre_trend_npxg_xa,-0.16259589845307595,True,7,False
0.6,LaLiga|Midfield,intercept,-1.717131648950331,True,7,False
0.6,LaLiga|Midfield,age_at_world_cup,0.38320628974986226,True,7,False
0.6,LaLiga|Midfield,market_value_log,1.1783882479423347,True,7,False
0.6,LaLiga|Midfield,pre_minutes_share,-0.5673447540585818,True,7,False
0.6,LaLiga|Midfield,pre_squad_rate,0.3296269939034387,True,7,False
0.6,LaLiga|Midfield,pre_start_rate,0.5439620236695306,True,7,False
0.6,LaLiga|Midfield,pre_npxg_xa,-0.7886724566110632,True,7,False
0.6,LaLiga|Midfield,pre_injury_days,0.02899143015412074,True,7,False
0.6,LaLiga|Midfield,pre_club_ppg,0.8100425709676237,True,7,False
0.6,LaLiga|Midfield,pre_opponent_ppg,-0.37798371257821706,True,7,False
0.6,LaLiga|Midfield,pre_trend_minutes_share,0.24788775204729951,True,7,False
0.6,LaLiga|Midfield,pre_trend_npxg_xa,0.22201609207926234,True,7,False
0.6,Ligue 1|Attack,intercept,-2.0423129943392273,True,7,False
0.6,Ligue 1|Attack,age_at_world_cup,0.30244548866375787,True,7,False
0.6,Ligue 1|Attack,market_value_log,0.6410655147121616,True,7,False
0.6,Ligue 1|Attack,pre_minutes_share,-0.6708292181016001,True,7,False
0.6,Ligue 1|Attack,pre_squad_rate,-0.12134801948906736,True,7,False
0.6,Ligue 1|Attack,pre_start_rate,-0.24874460761463324,True,7,False
0.6,Ligue 1|Attack,pre_npxg_xa,0.8330574653982529,True,7,False
0.6,Ligue 1|Attack,pre_injury_days,-1.0817654020898002,True,7,False
0.6,Ligue 1|Attack,pre_club_ppg,0.9057254428982524,True,7,False
0.6,Ligue 1|Attack,pre_opponent_ppg,0.2865014870190759,True,7,False
0.6,Ligue 1|Attack,pre_trend_minutes_share,0.6380988979639698,True,7,False
0.6,Ligue 1|Attack,pre_trend_npxg_xa,-0.8098658018244514,True,7,False
0.6,Ligue 1|Defender,intercept,-1.668418887452537,True,7,False
0.6,Ligue 1|Defender,age_at_world_cup,0.022235224207394648,True,7,False
0.6,Ligue 1|Defender,market_value_log,0.6773385591745338,True,7,False
0.6,Ligue 1|Defender,pre_minutes_share,-0.18879548900258442,True,7,False
0.6,Ligue 1|Defender,pre_squad_rate,-0.10792514387403335,True,7,False
0.6,Ligue 1|Defender,pre_start_rate,0.11961006565116508,True,7,False
0.6,Ligue 1|Defender,pre_npxg_xa,0.34288736375177337,True,7,False
0.6,Ligue 1|Defender,pre_injury_days,-0.5138944160850366,True,7,False
0.6,Ligue 1|Defender,pre_club_ppg,0.09095316144108034,True,7,False
0.6,Ligue 1|Defender,pre_opponent_ppg,-0.6697673167327213,True,7,False
0.6,Ligue 1|Defender,pre_trend_minutes_share,-0.03820965901526136,True,7,False
0.6,Ligue 1|Defender,pre_trend_npxg_xa,-0.015483617713787869,True,7,False
0.6,Ligue 1|Defender,missing_pre_npxg_xa,-0.10841805726112339,True,7,False
0.6,Ligue 1|Defender,missing_pre_trend_npxg_xa,-0.10841805726112339,True,7,False
0.6,Ligue 1|Midfield,intercept,-2.1568649563894624,True,7,False
0.6,Ligue 1|Midfield,age_at_world_cup,-0.2036727232629517,True,7,False
0.6,Ligue 1|Midfield,market_value_log,1.3188504873216507,True,7,False
0.6,Ligue 1|Midfield,pre_minutes_share,0.4270431593638043,True,7,False
0.6,Ligue 1|Midfield,pre_squad_rate,-0.4561170602722605,True,7,False
0.6,Ligue 1|Midfield,pre_start_rate,-0.7423389759957036,True,7,False
0.6,Ligue 1|Midfield,pre_npxg_xa,0.16060310051645288,True,7,False
0.6,Ligue 1|Midfield,pre_injury_days,-0.4233928512487483,True,7,False
0.6,Ligue 1|Midfield,pre_club_ppg,0.393563379236324,True,7,False
0.6,Ligue 1|Midfield,pre_opponent_ppg,0.12737840508319048,True,7,False
0.6,Ligue 1|Midfield,pre_trend_minutes_share,0.6327510182911318,True,7,False
0.6,Ligue 1|Midfield,pre_trend_npxg_xa,-0.35284427766792176,True,7,False
0.6,Ligue 1|Midfield,missing_pre_npxg_xa,-0.5461179464618844,True,7,False
0.6,Ligue 1|Midfield,missing_pre_trend_npxg_xa,-0.5461179464618844,True,7,False
0.6,Premier League|Attack,intercept,-0.23953574111292003,True,7,False
0.6,Premier League|Attack,age_at_world_cup,-0.045140769948692344,True,7,False
0.6,Premier League|Attack,market_value_log,0.6950450861850536,True,7,False
0.6,Premier League|Attack,pre_minutes_share,-0.19087018823836968,True,7,False
0.6,Premier League|Attack,pre_squad_rate,0.0926761927962052,True,7,False
0.6,Premier League|Attack,pre_start_rate,-0.10585831506060246,True,7,False
0.6,Premier League|Attack,pre_npxg_xa,-0.037067983868044,True,7,False
0.6,Premier League|Attack,pre_injury_days,-0.08204142804462393,True,7,False
0.6,Premier League|Attack,pre_club_ppg,1.6532214155066494,True,7,False
0.6,Premier League|Attack,pre_opponent_ppg,-0.3299299103413253,True,7,False
0.6,Premier League|Attack,pre_trend_minutes_share,0.5247062648670037,True,7,False
0.6,Premier League|Attack,pre_trend_npxg_xa,0.44216869303856915,True,7,False
0.6,Premier League|Defender,intercept,-0.25393708538830473,True,6,False
0.6,Premier League|Defender,age_at_world_cup,0.2395700080640934,True,6,False
0.6,Premier League|Defender,market_value_log,0.7549386804733249,True,6,False
0.6,Premier League|Defender,pre_minutes_share,0.513751997526644,True,6,False
0.6,Premier League|Defender,pre_squad_rate,-0.17248843213615045,True,6,False
0.6,Premier League|Defender,pre_start_rate,-0.11919041529445107,True,6,False
0.6,Premier League|Defender,pre_npxg_xa,0.42100046158606697,True,6,False
0.6,Premier League|Defender,pre_injury_days,0.19542602703841225,True,6,False
0.6,Premier League|Defender,pre_club_ppg,0.6074331780364649,True,6,False
0.6,Premier League|Defender,pre_opponent_ppg,0.00016069915595611772,True,6,False
0.6,Premier League|Defender,pre_trend_minutes_share,-0.11116528368863088,True,6,False
0.6,Premier League|Defender,pre_trend_npxg_xa,0.14496596213910534,True,6,False
0.6,Premier League|Defender,missing_pre_npxg_xa,-1.0498099789174762,True,6,False
0.6,Premier League|Defender,missing_pre_trend_npxg_xa,-1.0498099789174762,True,6,False
0.6,Premier League|Midfield,intercept,0.07635310535457676,True,6,False
0.6,Premier League|Midfield,age_at_world_cup,0.740537292736796,True,6,False
0.6,Premier League|Midfield,market_value_log,1.3710316719235236,True,6,False
0.6,Premier League|Midfield,pre_minutes_share,0.44620658615664155,True,6,False
0.6,Premier League|Midfield,pre_squad_rate,-0.5553246618489082,True,6,False
0.6,Premier League|Midfield,pre_start_rate,-0.14965741112470254,True,6,False
0.6,Premier League|Midfield,pre_npxg_xa,-0.5188613977956315,True,6,False
0.6,Premier League|Midfield,pre_injury_days,-0.4535222447107575,True,6,False
0.6,Premier League|Midfield,pre_club_ppg,0.7152894283138268,True,6,False
0.6,Premier League|Midfield,pre_opponent_ppg,0.62763737664857,True,6,False
0.6,Premier League|Midfield,pre_trend_minutes_share,0.11482712891084727,True,6,False
0.6,Premier League|Midfield,pre_trend_npxg_xa,-0.05569185593049852,True,6,False
0.6,Premier League|Midfield,missing_pre_npxg_xa,-0.6828931323945048,True,6,False
0.6,Premier League|Midfield,missing_pre_trend_npxg_xa,-0.6828931323945048,True,6,False
0.6,Serie A|Attack,intercept,-1.0388048097702849,True,6,False
0.6,Serie A|Attack,age_at_world_cup,0.22859745789633315,True,6,False
0.6,Serie A|Attack,market_value_log,0.6700368330132427,True,6,False
0.6,Serie A|Attack,pre_minutes_share,-0.14357920301524407,True,6,False
0.6,Serie A|Attack,pre_squad_rate,-0.27776368511291777,True,6,False
0.6,Serie A|Attack,pre_start_rate,-0.3292377561485677,True,6,False
0.6,Serie A|Attack,pre_npxg_xa,0.492306745577672,True,6,False
0.6,Serie A|Attack,pre_injury_days,-1.3960754669838222,True,6,False
0.6,Serie A|Attack,pre_club_ppg,0.19188460601930002,True,6,False
0.6,Serie A|Attack,pre_opponent_ppg,-0.457535865460785,True,6,False
0.6,Serie A|Attack,pre_trend_minutes_share,0.02094524358722122,True,6,False
0.6,Serie A|Attack,pre_trend_npxg_xa,-0.8616312838778685,True,6,False
0.6,Serie A|Defender,intercept,-0.5563510614635886,True,6,False
0.6,Serie A|Defender,age_at_world_cup,0.41709427805641464,True,6,False
0.6,Serie A|Defender,market_value_log,0.8759672403491151,True,6,False
0.6,Serie A|Defender,pre_minutes_share,-0.10315538022272432,True,6,False
0.6,Serie A|Defender,pre_squad_rate,-0.03678916361075783,True,6,False
0.6,Serie A|Defender,pre_start_rate,-0.2549000643864226,True,6,False
0.6,Serie A|Defender,pre_npxg_xa,-0.24293596931820047,True,6,False
0.6,Serie A|Defender,pre_injury_days,-1.0705935762734622,True,6,False
0.6,Serie A|Defender,pre_club_ppg,-0.10825301844837583,True,6,False
0.6,Serie A|Defender,pre_opponent_ppg,-0.007567139519860994,True,6,False
0.6,Serie A|Defender,pre_trend_minutes_share,0.26275822018348094,True,6,False
0.6,Serie A|Defender,pre_trend_npxg_xa,-0.08240963304283727,True,6,False
0.6,Serie A|Defender,missing_pre_npxg_xa,-0.4253536077940079,True,6,False
0.6,Serie A|Defender,missing_pre_trend_npxg_xa,-0.4253536077940079,True,6,False
0.6,Serie A|Midfield,intercept,-0.6988186331028191,True,6,False
0.6,Serie A|Midfield,age_at_world_cup,0.27074727986030706,True,6,False
0.6,Serie A|Midfield,market_value_log,0.8907457220815936,True,6,False
0.6,Serie A|Midfield,pre_minutes_share,0.20934659829538516,True,6,False
0.6,Serie A|Midfield,pre_squad_rate,-0.783286801566677,True,6,False
0.6,Serie A|Midfield,pre_start_rate,-0.02845129205893145,True,6,False
0.6,Serie A|Midfield,pre_npxg_xa,0.5619375502255765,True,6,False
0.6,Serie A|Midfield,pre_injury_days,-0.04990825515240553,True,6,False
0.6,Serie A|Midfield,pre_club_ppg,-0.13019411284826599,True,6,False
0.6,Serie A|Midfield,pre_opponent_ppg,0.32050708929276284,True,6,False
0.6,Serie A|Midfield,pre_trend_minutes_share,0.16087338564430073,True,6,False
0.6,Serie A|Midfield,pre_trend_npxg_xa,-0.1530342556738268,True,6,False
0.6,Serie A|Midfield,missing_pre_npxg_xa,0.2307438825331468,True,6,False
0.6,Serie A|Midfield,missing_pre_trend_npxg_xa,0.23074388253314682,True,6,False
0.7,Bundesliga|Attack,intercept,-1.7310819511941553,True,7,False
0.7,Bundesliga|Attack,age_at_world_cup,-0.552934604631371,True,7,False
0.7,Bundesliga|Attack,market_value_log,0.20400881059603324,True,7,False
0.7,Bundesliga|Attack,pre_minutes_share,0.7429610871611895,True,7,False
0.7,Bundesliga|Attack,pre_squad_rate,0.5922228286318784,True,7,False
0.7,Bundesliga|Attack,pre_start_rate,0.07485075352631036,True,7,False
0.7,Bundesliga|Attack,pre_npxg_xa,0.29586946838073697,True,7,False
0.7,Bundesliga|Attack,pre_injury_days,0.56716287276151,True,7,False
0.7,Bundesliga|Attack,pre_club_ppg,1.6821605583573067,True,7,False
0.7,Bundesliga|Attack,pre_opponent_ppg,-0.8668795774521262,True,7,False
0.7,Bundesliga|Attack,pre_trend_minutes_share,0.10130829096723,True,7,False
0.7,Bundesliga|Attack,pre_trend_npxg_xa,-0.618574058894403,True,7,False
0.7,Bundesliga|Attack,missing_pre_npxg_xa,-0.38814303372511266,True,7,False
0.7,Bundesliga|Attack,missing_pre_trend_npxg_xa,-0.38814303372511266,True,7,False
0.7,Bundesliga|Defender,intercept,-1.429391699402441,True,7,False
0.7,Bundesliga|Defender,age_at_world_cup,0.19906581923422112,True,7,False
0.7,Bundesliga|Defender,market_value_log,1.84562654699798,True,7,False
0.7,Bundesliga|Defender,pre_minutes_share,0.17541317918706487,True,7,False
0.7,Bundesliga|Defender,pre_squad_rate,-0.6242341568906892,True,7,False
0.7,Bundesliga|Defender,pre_start_rate,-0.005896337598484212,True,7,False
0.7,Bundesliga|Defender,pre_npxg_xa,0.35073180683903304,True,7,False
0.7,Bundesliga|Defender,pre_injury_days,-0.2243829712511881,True,7,False
0.7,Bundesliga|Defender,pre_club_ppg,0.05256345071616159,True,7,False
0.7,Bundesliga|Defender,pre_opponent_ppg,0.06065737211918226,True,7,False
0.7,Bundesliga|Defender,pre_trend_minutes_share,0.7566865615388649,True,7,False
0.7,Bundesliga|Defender,pre_trend_npxg_xa,-0.5707913467200662,True,7,False
0.7,Bundesliga|Defender,missing_pre_npxg_xa,-0.36833076823964767,True,7,False
0.7,Bundesliga|Defender,missing_pre_trend_npxg_xa,-0.36833076823964767,True,7,False
0.7,Bundesliga|Midfield,intercept,-0.875643497265322,True,6,False
0.7,Bundesliga|Midfield,age_at_world_cup,0.5561997840988823,True,6,False
0.7,Bundesliga|Midfield,market_value_log,1.3210588493691218,True,6,False
0.7,Bundesliga|Midfield,pre_minutes_share,-0.16772667629323107,True,6,False
0.7,Bundesliga|Midfield,pre_squad_rate,-0.48239111874018265,True,6,False
0.7,Bundesliga|Midfield,pre_start_rate,0.09278373153572175,True,6,False
0.7,Bundesliga|Midfield,pre_npxg_xa,0.2616189674036502,True,6,False
0.7,Bundesliga|Midfield,pre_injury_days,-0.13510346949114094,True,6,False
0.7,Bundesliga|Midfield,pre_club_ppg,0.46539939361309157,True,6,False
0.7,Bundesliga|Midfield,pre_opponent_ppg,0.44518113515468744,True,6,False
0.7,Bundesliga|Midfield,pre_trend_minutes_share,-0.05392667701792043,True,6,False
0.7,Bundesliga|Midfield,pre_trend_npxg_xa,0.14841614858427307,True,6,False
0.7,Bundesliga|Midfield,missing_pre_npxg_xa,-0.37704811310626596,True,6,False
0.7,Bundesliga|Midfield,missing_pre_trend_npxg_xa,-0.37704811310626596,True,6,False
0.7,LaLiga|Attack,intercept,-1.3419715144989943,True,7,False
0.7,LaLiga|Attack,age_at_world_cup,0.29310803108597755,True,7,False
0.7,LaLiga|Attack,market_value_log,1.7034624912761969,True,7,False
0.7,LaLiga|Attack,pre_minutes_share,-0.20521770870131162,True,7,False
0.7,LaLiga|Attack,pre_squad_rate,-1.2409921415323468,True,7,False
0.7,LaLiga|Attack,pre_start_rate,-0.060743123629729764,True,7,False
0.7,LaLiga|Attack,pre_npxg_xa,0.6363826277897605,True,7,False
0.7,LaLiga|Attack,pre_injury_days,-0.16042416993729014,True,7,False
0.7,LaLiga|Attack,pre_club_ppg,0.7035280268951564,True,7,False
0.7,LaLiga|Attack,pre_opponent_ppg,0.308417111026319,True,7,False
0.7,LaLiga|Attack,pre_trend_minutes_share,-0.25335335018359356,True,7,False
0.7,LaLiga|Attack,pre_trend_npxg_xa,0.06692222622828443,True,7,False
0.7,LaLiga|Attack,missing_pre_npxg_xa,-0.31331675406334164,True,7,False
0.7,LaLiga|Attack,missing_pre_trend_npxg_xa,-0.31331675406334164,True,7,False
0.7,LaLiga|Defender,intercept,-1.942534139888781,True,7,False
0.7,LaLiga|Defender,age_at_world_cup,0.1369501628500853,True,7,False
0.7,LaLiga|Defender,market_value_log,0.8281035773541213,True,7,False
0.7,LaLiga|Defender,pre_minutes_share,0.61364399521985,True,7,False
0.7,LaLiga|Defender,pre_squad_rate,-0.43357421081534786,True,7,False
0.7,LaLiga|Defender,pre_start_rate,-0.12714978420656958,True,7,False
0.7,LaLiga|Defender,pre_npxg_xa,-0.22887898773189283,True,7,False
0.7,LaLiga|Defender,pre_injury_days,-0.5266589739331008,True,7,False
0.7,LaLiga|Defender,pre_club_ppg,0.602028461200481,True,7,False
0.7,LaLiga|Defender,pre_opponent_ppg,0.1975663712557516,True,7,False
0.7,LaLiga|Defender,pre_trend_minutes_share,0.06382803381261014,True,7,False
0.7,LaLiga|Defender,pre_trend_npxg_xa,0.2439117396938031,True,7,False
0.7,LaLiga|Defender,missing_pre_npxg_xa,-0.15797330207461965,True,7,False
0.7,LaLiga|Defender,missing_pre_trend_npxg_xa,-0.15797330207461965,True,7,False
0.7,LaLiga|Midfield,intercept,-1.7030879282362044,True,7,False
0.7,LaLiga|Midfield,age_at_world_cup,0.3648175867010143,True,7,False
0.7,LaLiga|Midfield,market_value_log,1.144008161530439,True,7,False
0.7,LaLiga|Midfield,pre_minutes_share,-0.5071443021930142,True,7,False
0.7,LaLiga|Midfield,pre_squad_rate,0.3082608742133407,True,7,False
0.7,LaLiga|Midfield,pre_start_rate,0.4888976168460059,True,7,False
0.7,LaLiga|Midfield,pre_npxg_xa,-0.7608324397035235,True,7,False
0.7,LaLiga|Midfield,pre_injury_days,0.02043646767618793,True,7,False
0.7,LaLiga|Midfield,pre_club_ppg,0.8071669409577777,True,7,False
0.7,LaLiga|Midfield,pre_opponent_ppg,-0.37014733096490987,True,7,False
0.7,LaLiga|Midfield,pre_trend_minutes_share,0.24790445241967862,True,7,False
0.7,LaLiga|Midfield,pre_trend_npxg_xa,0.21302663539157643,True,7,False
0.7,Ligue 1|Attack,intercept,-1.997278723999376,True,7,False
0.7,Ligue 1|Attack,age_at_world_cup,0.29474396835854383,True,7,False
0.7,Ligue 1|Attack,market_value_log,0.6286578023474018,True,7,False
0.7,Ligue 1|Attack,pre_minutes_share,-0.6207258447648053,True,7,False
0.7,Ligue 1|Attack,pre_squad_rate,-0.10147959970752031,True,7,False
0.7,Ligue 1|Attack,pre_start_rate,-0.2409959161852618,True,7,False
0.7,Ligue 1|Attack,pre_npxg_xa,0.7978607275413361,True,7,False
0.7,Ligue 1|Attack,pre_injury_days,-1.005633882945447,True,7,False
0.7,Ligue 1|Attack,pre_club_ppg,0.8699368021456578,True,7,False
0.7,Ligue 1|Attack,pre_opponent_ppg,0.27141346971264513,True,7,False
0.7,Ligue 1|Attack,pre_trend_minutes_share,0.5941822875030967,True,7,False
0.7,Ligue 1|Attack,pre_trend_npxg_xa,-0.7577049772701214,True,7,False
0.7,Ligue 1|Defender,intercept,-1.6605140817588055,True,7,False
0.7,Ligue 1|Defender,age_at_world_cup,0.014483669087949297,True,7,False
0.7,Ligue 1|Defender,market_value_log,0.6615348258509354,True,7,False
0.7,Ligue 1|Defender,pre_minutes_share,-0.17105752448869524,True,7,False
0.7,Ligue 1|Defender,pre_squad_rate,-0.10418549618132347,True,7,False
0.7,Ligue 1|Defender,pre_start_rate,0.1067931318899801,True,7,False
0.7,Ligue 1|Defender,pre_npxg_xa,0.3384744371541034,True,7,False
0.7,Ligue 1|Defender,pre_injury_days,-0.49283817875536073,True,7,False
0.7,Ligue 1|Defender,pre_club_ppg,0.09960034982965288,True,7,False
0.7,Ligue 1|Defender,pre_opponent_ppg,-0.6588054562015674,True,7,False
0.7,Ligue 1|Defender,pre_trend_minutes_share,-0.039568779798236385,True,7,False
0.7,Ligue 1|Defender,pre_trend_npxg_xa,-0.014805145215087669,True,7,False
0.7,Ligue 1|Defender,missing_pre_npxg_xa,-0.09744594761682711,True,7,False
0.7,Ligue 1|Defender,missing_pre_trend_npxg_xa,-0.09744594761682711,True,7,False
0.7,Ligue 1|Midfield,intercept,-2.126322252015252,True,7,False
0.7,Ligue 1|Midfield,age_at_world_cup,-0.19708632104081994,True,7,False
0.7,Ligue 1|Midfield,market_value_log,1.2733895066885554,True,7,False
0.7,Ligue 1|Midfield,pre_minutes_share,0.3679626647071314,True,7,False
0.7,Ligue 1|Midfield,pre_squad_rate,-0.4170414935771975,True,7,False
0.7,Ligue 1|Midfield,pre_start_rate,-0.6832025794487256,True,7,False
0.7,Ligue 1|Midfield,pre_npxg_xa,0.16716729965150748,True,7,False
0.7,Ligue 1|Midfield,pre_injury_days,-0.39953805222636274,True,7,False
0.7,Ligue 1|Midfield,pre_club_ppg,0.39100155773685247,True,7,False
0.7,Ligue 1|Midfield,pre_opponent_ppg,0.12468819302595101,True,7,False
0.7,Ligue 1|Midfield,pre_trend_minutes_share,0.6042200877613368,True,7,False
0.7,Ligue 1|Midfield,pre_trend_npxg_xa,-0.33794097698539083,True,7,False
0.7,Ligue 1|Midfield,missing_pre_npxg_xa,-0.4971328000231281,True,7,False
0.7,Ligue 1|Midfield,missing_pre_trend_npxg_xa,-0.4971328000231281,True,7,False
0.7,Premier League|Attack,intercept,-0.2411509327215759,True,7,False
0.7,Premier League|Attack,age_at_world_cup,-0.042340074474271176,True,7,False
0.7,Premier League|Attack,market_value_log,0.6769557187946218,True,7,False
0.7,Premier League|Attack,pre_minutes_share,-0.1861867445953629,True,7,False
0.7,Premier League|Attack,pre_squad_rate,0.08665033836653008,True,7,False
0.7,Premier League|Attack,pre_start_rate,-0.10023634852679807,True,7,False
0.7,Premier League|Attack,pre_npxg_xa,-0.030290545490720227,True,7,False
0.7,Premier League|Attack,pre_injury_days,-0.0779969002576539,True,7,False
0.7,Premier League|Attack,pre_club_ppg,1.5959447035991456,True,7,False
0.7,Premier League|Attack,pre_opponent_ppg,-0.31086178822570076,True,7,False
0.7,Premier League|Attack,pre_trend_minutes_share,0.5091701152899054,True,7,False
0.7,Premier League|Attack,pre_trend_npxg_xa,0.4196707342231705,True,7,False
0.7,Premier League|Defender,intercept,-0.2563426751286437,True,6,False
0.7,Premier League|Defender,age_at_world_cup,0.2364062245606992,True,6,False
0.7,Premier League|Defender,market_value_log,0.7454455947612628,True,6,False
0.7,Premier League|Defender,pre_minutes_share,0.4811717870315549,True,6,False
0.7,Premier League|Defender,pre_squad_rate,-0.16426868139797873,True,6,False
0.7,Premier League|Defender,pre_start_rate,-0.0927633244482868,True,6,False
0.7,Premier League|Defender,pre_npxg_xa,0.4163122841257358,True,6,False
0.7,Premier League|Defender,pre_injury_days,0.19574855641701475,True,6,False
0.7,Premier League|Defender,pre_club_ppg,0.5994000952137111,True,6,False
0.7,Premier League|Defender,pre_opponent_ppg,0.0013537377611563437,True,6,False
0.7,Premier League|Defender,pre_trend_minutes_share,-0.1120073644622145,True,6,False
0.7,Premier League|Defender,pre_trend_npxg_xa,0.14353766839329424,True,6,False
0.7,Premier League|Defender,missing_pre_npxg_xa,-0.9775287599081296,True,6,False
0.7,Premier League|Defender,missing_pre_trend_npxg_xa,-0.9775287599081297,True,6,False
0.7,Premier League|Midfield,intercept,0.07272389110763017,True,6,False
0.7,Premier League|Midfield,age_at_world_cup,0.7195885256176264,True,6,False
0.7,Premier League|Midfield,market_value_log,1.339105453261941,True,6,False
0.7,Premier League|Midfield,pre_minutes_share,0.4164578706419637,True,6,False
0.7,Premier League|Midfield,pre_squad_rate,-0.5436000127327127,True,6,False
0.7,Premier League|Midfield,pre_start_rate,-0.12626618772430118,True,6,False
0.7,Premier League|Midfield,pre_npxg_xa,-0.5056751940214437,True,6,False
0.7,Premier League|Midfield,pre_injury_days,-0.4460359291242459,True,6,False
0.7,Premier League|Midfield,pre_club_ppg,0.7069484763302054,True,6,False
0.7,Premier League|Midfield,pre_opponent_ppg,0.6162962138775248,True,6,False
0.7,Premier League|Midfield,pre_trend_minutes_share,0.11153400892520422,True,6,False
0.7,Premier League|Midfield,pre_trend_npxg_xa,-0.05760553679440445,True,6,False
0.7,Premier League|Midfield,missing_pre_npxg_xa,-0.6190174644850518,True,6,False
0.7,Premier League|Midfield,missing_pre_trend_npxg_xa,-0.6190174644850518,True,6,False
0.7,Serie A|Attack,intercept,-1.008090235914467,True,6,False
0.7,Serie A|Attack,age_at_world_cup,0.21551591908439255,True,6,False
0.7,Serie A|Attack,market_value_log,0.6275290851344084,True,6,False
0.7,Serie A|Attack,pre_minutes_share,-0.1443085450101247,True,6,False
0.7,Serie A|Attack,pre_squad_rate,-0.24971702937958398,True,6,False
0.7,Serie A|Attack,pre_start_rate,-0.29277459004872325,True,6,False
0.7,Serie A|Attack,pre_npxg_xa,0.48646599271006963,True,6,False
0.7,Serie A|Attack,pre_injury_days,-1.3029798281867204,True,6,False
0.7,Serie A|Attack,pre_club_ppg,0.2016061252291611,True,6,False
0.7,Serie A|Attack,pre_opponent_ppg,-0.4353025995441918,True,6,False
0.7,Serie A|Attack,pre_trend_minutes_share,0.0013880938465736829,True,6,False
0.7,Serie A|Attack,pre_trend_npxg_xa,-0.8192285231004726,True,6,False
0.7,Serie A|Defender,intercept,-0.5506982226051821,True,6,False
0.7,Serie A|Defender,age_at_world_cup,0.39674431832637574,True,6,False
0.7,Serie A|Defender,market_value_log,0.8322349378913686,True,6,False
0.7,Serie A|Defender,pre_minutes_share,-0.09934177421841651,True,6,False
0.7,Serie A|Defender,pre_squad_rate,-0.020538954388999955,True,6,False
0.7,Serie A|Defender,pre_start_rate,-0.23603905313357376,True,6,False
0.7,Serie A|Defender,pre_npxg_xa,-0.23217315212479647,True,6,False
0.7,Serie A|Defender,pre_injury_days,-1.014738059140635,True,6,False
0.7,Serie A|Defender,pre_club_ppg,-0.07673957948297616,True,6,False
0.7,Serie A|Defender,pre_opponent_ppg,-0.010594854636152574,True,6,False
0.7,Serie A|Defender,pre_trend_minutes_share,0.2479496772110559,True,6,False
0.7,Serie A|Defender,pre_trend_npxg_xa,-0.07887332138107175,True,6,False
0.7,Serie A|Defender,missing_pre_npxg_xa,-0.4010654474234711,True,6,False
0.7,Serie A|Defender,missing_pre_trend_npxg_xa,-0.4010654474234711,True,6,False
0.7,Serie A|Midfield,intercept,-0.6936309868350732,True,6,False
0.7,Serie A|Midfield,age_at_world_cup,0.2634989879832008,True,6,False
0.7,Serie A|Midfield,market_value_log,0.8648134766245289,True,6,False
0.7,Serie A|Midfield,pre_minutes_share,0.20069514203333189,True,6,False
0.7,Serie A|Midfield,pre_squad_rate,-0.7711229252420515,True,6,False
0.7,Serie A|Midfield,pre_start_rate,-0.0135896472861725,True,6,False
0.7,Serie A|Midfield,pre_npxg_xa,0.5479828932810069,True,6,False
0.7,Serie A|Midfield,pre_injury_days,-0.04222562436180916,True,6,False
0.7,Serie A|Midfield,pre_club_ppg,-0.11053593522294106,True,6,False
0.7,Serie A|Midfield,pre_opponent_ppg,0.3172839276300344,True,6,False
0.7,Serie A|Midfield,pre_trend_minutes_share,0.15762010495392334,True,6,False
0.7,Serie A|Midfield,pre_trend_npxg_xa,-0.15531267128443307,True,6,False
0.7,Serie A|Midfield,missing_pre_npxg_xa,0.20684389777556772,True,6,False
0.7,Serie A|Midfield,missing_pre_trend_npxg_xa,0.20684389777556772,True,6,False
0.8,Bundesliga|Attack,intercept,-1.6856428325059396,True,7,False
0.8,Bundesliga|Attack,age_at_world_cup,-0.5231496207723203,True,7,False
0.8,Bundesliga|Attack,market_value_log,0.23087313052690636,True,7,False
0.8,Bundesliga|Attack,pre_minutes_share,0.6902222212753021,True,7,False
0.8,Bundesliga|Attack,pre_squad_rate,0.5697680233679974,True,7,False
0.8,Bundesliga|Attack,pre_start_rate,0.09261186325340008,True,7,False
0.8,Bundesliga|Attack,pre_npxg_xa,0.29782444584602963,True,7,False
0.8,Bundesliga|Attack,pre_injury_days,0.5444461055140251,True,7,False
0.8,Bundesliga|Attack,pre_club_ppg,1.5958887373700708,True,7,False
0.8,Bundesliga|Attack,pre_opponent_ppg,-0.8288000645339187,True,7,False
0.8,Bundesliga|Attack,pre_trend_minutes_share,0.102149062299173,True,7,False
0.8,Bundesliga|Attack,pre_trend_npxg_xa,-0.5827230381195919,True,7,False
0.8,Bundesliga|Attack,missing_pre_npxg_xa,-0.3513725525588657,True,7,False
0.8,Bundesliga|Attack,missing_pre_trend_npxg_xa,-0.3513725525588657,True,7,False
0.8,Bundesliga|Defender,intercept,-1.414162199379063,True,7,False
0.8,Bundesliga|Defender,age_at_world_cup,0.17985961444434992,True,7,False
0.8,Bundesliga|Defender,market_value_log,1.791762177711626,True,7,False
0.8,Bundesliga|Defender,pre_minutes_share,0.16179661589494818,True,7,False
0.8,Bundesliga|Defender,pre_squad_rate,-0.6034748916163628,True,7,False
0.8,Bundesliga|Defender,pre_start_rate,0.005428687319876389,True,7,False
0.8,Bundesliga|Defender,pre_npxg_xa,0.3504197535658005,True,7,False
0.8,Bundesliga|Defender,pre_injury_days,-0.2151282893581485,True,7,False
0.8,Bundesliga|Defender,pre_club_ppg,0.07003171592424527,True,7,False
0.8,Bundesliga|Defender,pre_opponent_ppg,0.06191286393740944,True,7,False
0.8,Bundesliga|Defender,pre_trend_minutes_share,0.7351197935445297,True,7,False
0.8,Bundesliga|Defender,pre_trend_npxg_xa,-0.559450510189782,True,7,False
0.8,Bundesliga|Defender,missing_pre_npxg_xa,-0.3386516518353339,True,7,False
0.8,Bundesliga|Defender,missing_pre_trend_npxg_xa,-0.3386516518353339,True,7,False
0.8,Bundesliga|Midfield,intercept,-0.8687376017938692,True,6,False
0.8,Bundesliga|Midfield,age_at_world_cup,0.5368039293205599,True,6,False
0.8,Bundesliga|Midfield,market_value_log,1.2899086179380161,True,6,False
0.8,Bundesliga|Midfield,pre_minutes_share,-0.14652424941576797,True,6,False
0.8,Bundesliga|Midfield,pre_squad_rate,-0.47634512463405027,True,6,False
0.8,Bundesliga|Midfield,pre_start_rate,0.07558622447600992,True,6,False
0.8,Bundesliga|Midfield,pre_npxg_xa,0.26252519199319,True,6,False
0.8,Bundesliga|Midfield,pre_injury_days,-0.12908987185105675,True,6,False
0.8,Bundesliga|Midfield,pre_club_ppg,0.4634633037411088,True,6,False
0.8,Bundesliga|Midfield,pre_opponent_ppg,0.4347034927463198,True,6,False
0.8,Bundesliga|Midfield,pre_trend_minutes_share,-0.05471556548430193,True,6,False
0.8,Bundesliga|Midfield,pre_trend_npxg_xa,0.14286308967364997,True,6,False
0.8,Bundesliga|Midfield,missing_pre_npxg_xa,-0.3472298540432669,True,6,False
0.8,Bundesliga|Midfield,missing_pre_trend_npxg_xa,-0.3472298540432669,True,6,False
0.8,LaLiga|Attack,intercept,-1.3289839617828862,True,7,False
0.8,LaLiga|Attack,age_at_world_cup,0.2686385094361521,True,7,False
0.8,LaLiga|Attack,market_value_log,1.6372156175025285,True,7,False
0.8,LaLiga|Attack,pre_minutes_share,-0.2073601358429793,True,7,False
0.8,LaLiga|Attack,pre_squad_rate,-1.195092475033819,True,7,False
0.8,LaLiga|Attack,pre_start_rate,-0.05050344724777524,True,7,False
0.8,LaLiga|Attack,pre_npxg_xa,0.6388449880249872,True,7,False
0.8,LaLiga|Attack,pre_injury_days,-0.15687709717706594,True,7,False
0.8,LaLiga|Attack,pre_club_ppg,0.6909739455591586,True,7,False
0.8,LaLiga|Attack,pre_opponent_ppg,0.29446687386310316,True,7,False
0.8,LaLiga|Attack,pre_trend_minutes_share,-0.24466365189836925,True,7,False
0.8,LaLiga|Attack,pre_trend_npxg_xa,0.053855950198290474,True,7,False
0.8,LaLiga|Attack,missing_pre_npxg_xa,-0.28954245259178407,True,7,False
0.8,LaLiga|Attack,missing_pre_trend_npxg_xa,-0.28954245259178407,True,7,False
0.8,LaLiga|Defender,intercept,-1.9343067799638398,True,7,False
0.8,LaLiga|Defender,age_at_world_cup,0.1351463065972027,True,7,False
0.8,LaLiga|Defender,market_value_log,0.8196818598746934,True,7,False
0.8,LaLiga|Defender,pre_minutes_share,0.575949205993619,True,7,False
0.8,LaLiga|Defender,pre_squad_rate,-0.42088634168450856,True,7,False
0.8,LaLiga|Defender,pre_start_rate,-0.09546867299981243,True,7,False
0.8,LaLiga|Defender,pre_npxg_xa,-0.22367300050523606,True,7,False
0.8,LaLiga|Defender,pre_injury_days,-0.5121362736236172,True,7,False
0.8,LaLiga|Defender,pre_club_ppg,0.5968615449152385,True,7,False
0.8,LaLiga|Defender,pre_opponent_ppg,0.19464026759812086,True,7,False
0.8,LaLiga|Defender,pre_trend_minutes_share,0.06601736340111086,True,7,False
0.8,LaLiga|Defender,pre_trend_npxg_xa,0.23801973195604617,True,7,False
0.8,LaLiga|Defender,missing_pre_npxg_xa,-0.15374193354338392,True,7,False
0.8,LaLiga|Defender,missing_pre_trend_npxg_xa,-0.15374193354338392,True,7,False
0.8,LaLiga|Midfield,intercept,-1.690471234304619,True,7,False
0.8,LaLiga|Midfield,age_at_world_cup,0.34822571455134554,True,7,False
0.8,LaLiga|Midfield,market_value_log,1.1131665175895729,True,7,False
0.8,LaLiga|Midfield,pre_minutes_share,-0.4577954824553911,True,7,False
0.8,LaLiga|Midfield,pre_squad_rate,0.28966262657368574,True,7,False
0.8,LaLiga|Midfield,pre_start_rate,0.4437095550991052,True,7,False
0.8,LaLiga|Midfield,pre_npxg_xa,-0.7357598443694758,True,7,False
0.8,LaLiga|Midfield,pre_injury_days,0.013079022830415945,True,7,False
0.8,LaLiga|Midfield,pre_club_ppg,0.8042504600830173,True,7,False
0.8,LaLiga|Midfield,pre_opponent_ppg,-0.3631230134329188,True,7,False
0.8,LaLiga|Midfield,pre_trend_minutes_share,0.24753400204745063,True,7,False
0.8,LaLiga|Midfield,pre_trend_npxg_xa,0.2054729547224747,True,7,False
0.8,Ligue 1|Attack,intercept,-1.9597740179847531,True,7,False
0.8,Ligue 1|Attack,age_at_world_cup,0.2876466498149759,True,7,False
0.8,Ligue 1|Attack,market_value_log,0.6168173853193346,True,7,False
0.8,Ligue 1|Attack,pre_minutes_share,-0.578070362924247,True,7,False
0.8,Ligue 1|Attack,pre_squad_rate,-0.08543686771013342,True,7,False
0.8,Ligue 1|Attack,pre_start_rate,-0.2331551182514429,True,7,False
0.8,Ligue 1|Attack,pre_npxg_xa,0.7676454193352686,True,7,False
0.8,Ligue 1|Attack,pre_injury_days,-0.9417366463050634,True,7,False
0.8,Ligue 1|Attack,pre_club_ppg,0.8399449784843519,True,7,False
0.8,Ligue 1|Attack,pre_opponent_ppg,0.25862782823477476,True,7,False
0.8,Ligue 1|Attack,pre_trend_minutes_share,0.5562990869334357,True,7,False
0.8,Ligue 1|Attack,pre_trend_npxg_xa,-0.7132177770843374,True,7,False
0.8,Ligue 1|Defender,intercept,-1.6532075053687136,True,7,False
0.8,Ligue 1|Defender,age_at_world_cup,0.007374788270804886,True,7,False
0.8,Ligue 1|Defender,market_value_log,0.6469414510901712,True,7,False
0.8,Ligue 1|Defender,pre_minutes_share,-0.1563481570303383,True,7,False
0.8,Ligue 1|Defender,pre_squad_rate,-0.10049856727134213,True,7,False
0.8,Ligue 1|Defender,pre_start_rate,0.09646751869711638,True,7,False
0.8,Ligue 1|Defender,pre_npxg_xa,0.3343154996951093,True,7,False
0.8,Ligue 1|Defender,pre_injury_days,-0.4736633247312943,True,7,False
0.8,Ligue 1|Defender,pre_club_ppg,0.10759369238317988,True,7,False
0.8,Ligue 1|Defender,pre_opponent_ppg,-0.6484598938880481,True,7,False
0.8,Ligue 1|Defender,pre_trend_minutes_share,-0.04086462422104301,True,7,False
0.8,Ligue 1|Defender,pre_trend_npxg_xa,-0.01420307121976977,True,7,False
0.8,Ligue 1|Defender,missing_pre_npxg_xa,-0.0888792283646954,True,7,False
0.8,Ligue 1|Defender,missing_pre_trend_npxg_xa,-0.0888792283646954,True,7,False
0.8,Ligue 1|Midfield,intercept,-2.099961190496013,True,7,False
0.8,Ligue 1|Midfield,age_at_world_cup,-0.19173129937778394,True,7,False
0.8,Ligue 1|Midfield,market_value_log,1.2330003319957452,True,7,False
0.8,Ligue 1|Midfield,pre_minutes_share,0.3206022178643969,True,7,False
0.8,Ligue 1|Midfield,pre_squad_rate,-0.3839631251460096,True,7,False
0.8,Ligue 1|Midfield,pre_start_rate,-0.6346465217149755,True,7,False
0.8,Ligue 1|Midfield,pre_npxg_xa,0.17289198923448307,True,7,False
0.8,Ligue 1|Midfield,pre_injury_days,-0.3784066423446198,True,7,False
0.8,Ligue 1|Midfield,pre_club_ppg,0.3889540906346939,True,7,False
0.8,Ligue 1|Midfield,pre_opponent_ppg,0.12210156797362065,True,7,False
0.8,Ligue 1|Midfield,pre_trend_minutes_share,0.5787365771799289,True,7,False
0.8,Ligue 1|Midfield,pre_trend_npxg_xa,-0.32450098525412124,True,7,False
0.8,Ligue 1|Midfield,missing_pre_npxg_xa,-0.456889885159654,True,7,False
0.8,Ligue 1|Midfield,missing_pre_trend_npxg_xa,-0.456889885159654,True,7,False
0.8,Premier League|Attack,intercept,-0.24271154545657148,True,6,False
0.8,Premier League|Attack,age_at_world_cup,-0.03996009816630736,True,6,False
0.8,Premier League|Attack,market_value_log,0.6608629202864509,True,6,False
0.8,Premier League|Attack,pre_minutes_share,-0.18152582463167888,True,6,False
0.8,Premier League|Attack,pre_squad_rate,0.081217704828594,True,6,False
0.8,Premier League|Attack,pre_start_rate,-0.0955794539870215,True,6,False
0.8,Premier League|Attack,pre_npxg_xa,-0.024161685532207707,True,6,False
0.8,Premier League|Attack,pre_injury_days,-0.07430572252575489,True,6,False
0.8,Premier League|Attack,pre_club_ppg,1.5447790867193383,True,6,False
0.8,Premier League|Attack,pre_opponent_ppg,-0.293978415784151,True,6,False
0.8,Premier League|Attack,pre_trend_minutes_share,0.49520559225228644,True,6,False
0.8,Premier League|Attack,pre_trend_npxg_xa,0.39984619457838194,True,6,False
0.8,Premier League|Defender,intercept,-0.25842754737855916,True,6,False
0.8,Premier League|Defender,age_at_world_cup,0.23291799519967007,True,6,False
0.8,Premier League|Defender,market_value_log,0.7363198715985139,True,6,False
0.8,Premier League|Defender,pre_minutes_share,0.4542795024833254,True,6,False
0.8,Premier League|Defender,pre_squad_rate,-0.15681237937090464,True,6,False
0.8,Premier League|Defender,pre_start_rate,-0.07121658632913282,True,6,False
0.8,Premier League|Defender,pre_npxg_xa,0.41192942550916584,True,6,False
0.8,Premier League|Defender,pre_injury_days,0.1961348936133506,True,6,False
0.8,Premier League|Defender,pre_club_ppg,0.5923824704676354,True,6,False
0.8,Premier League|Defender,pre_opponent_ppg,0.002436495648606229,True,6,False
0.8,Premier League|Defender,pre_trend_minutes_share,-0.1128247383564553,True,6,False
0.8,Premier League|Defender,pre_trend_npxg_xa,0.14225482891340296,True,6,False
0.8,Premier League|Defender,missing_pre_npxg_xa,-0.9161515567467644,True,6,False
0.8,Premier League|Defender,missing_pre_trend_npxg_xa,-0.9161515567467644,True,6,False
0.8,Premier League|Midfield,intercept,0.06965898921851996,True,6,False
0.8,Premier League|Midfield,age_at_world_cup,0.7004713391106636,True,6,False
0.8,Premier League|Midfield,market_value_log,1.3095743358443952,True,6,False
0.8,Premier League|Midfield,pre_minutes_share,0.39173369169890127,True,6,False
0.8,Premier League|Midfield,pre_squad_rate,-0.5329059501067224,True,6,False
0.8,Premier League|Midfield,pre_start_rate,-0.10702564932306857,True,6,False
0.8,Premier League|Midfield,pre_npxg_xa,-0.4933429293779757,True,6,False
0.8,Premier League|Midfield,pre_injury_days,-0.43820667324401114,True,6,False
0.8,Premier League|Midfield,pre_club_ppg,0.6988569312884094,True,6,False
0.8,Premier League|Midfield,pre_opponent_ppg,0.606019303663365,True,6,False
0.8,Premier League|Midfield,pre_trend_minutes_share,0.10851788476134176,True,6,False
0.8,Premier League|Midfield,pre_trend_npxg_xa,-0.059291535024398365,True,6,False
0.8,Premier League|Midfield,missing_pre_npxg_xa,-0.566332799021129,True,6,False
0.8,Premier League|Midfield,missing_pre_trend_npxg_xa,-0.566332799021129,True,6,False
0.8,Serie A|Attack,intercept,-0.9827824557156387,True,6,False
0.8,Serie A|Attack,age_at_world_cup,0.20511799204022801,True,6,False
0.8,Serie A|Attack,market_value_log,0.5927200794436916,True,6,False
0.8,Serie A|Attack,pre_minutes_share,-0.14290121848298035,True,6,False
0.8,Serie A|Attack,pre_squad_rate,-0.2266690341767078,True,6,False
0.8,Serie A|Attack,pre_start_rate,-0.26382430098642795,True,6,False
0.8,Serie A|Attack,pre_npxg_xa,0.4807094354518005,True,6,False
0.8,Serie A|Attack,pre_injury_days,-1.2247632746876431,True,6,False
0.8,Serie A|Attack,pre_club_ppg,0.20903956207792773,True,6,False
0.8,Serie A|Attack,pre_opponent_ppg,-0.4158405445139273,True,6,False
0.8,Serie A|Attack,pre_trend_minutes_share,-0.01502426583361782,True,6,False
0.8,Serie A|Attack,pre_trend_npxg_xa,-0.782983860287354,True,6,False
0.8,Serie A|Defender,intercept,-0.5458465021759038,True,6,False
0.8,Serie A|Defender,age_at_world_cup,0.378971586340397,True,6,False
0.8,Serie A|Defender,market_value_log,0.7940459985530037,True,6,False
0.8,Serie A|Defender,pre_minutes_share,-0.0953973319514421,True,6,False
0.8,Serie A|Defender,pre_squad_rate,-0.006772780634167842,True,6,False
0.8,Serie A|Defender,pre_start_rate,-0.22015491216151492,True,6,False
0.8,Serie A|Defender,pre_npxg_xa,-0.22262803661723707,True,6,False
0.8,Serie A|Defender,pre_injury_days,-0.966103627357866,True,6,False
0.8,Serie A|Defender,pre_club_ppg,-0.049572449557908835,True,6,False
0.8,Serie A|Defender,pre_opponent_ppg,-0.013248241086430822,True,6,False
0.8,Serie A|Defender,pre_trend_minutes_share,0.2351533276678184,True,6,False
0.8,Serie A|Defender,pre_trend_npxg_xa,-0.07590105303522965,True,6,False
0.8,Serie A|Defender,missing_pre_npxg_xa,-0.3798318534228893,True,6,False
0.8,Serie A|Defender,missing_pre_trend_npxg_xa,-0.3798318534228893,True,6,False
0.8,Serie A|Midfield,intercept,-0.6888868290407336,True,6,False
0.8,Serie A|Midfield,age_at_world_cup,0.25658114776791646,True,6,False
0.8,Serie A|Midfield,market_value_log,0.8413117138510892,True,6,False
0.8,Serie A|Midfield,pre_minutes_share,0.1934181903491376,True,6,False
0.8,Serie A|Midfield,pre_squad_rate,-0.7593322444642654,True,6,False
0.8,Serie A|Midfield,pre_start_rate,-0.0011568550637189481,True,6,False
0.8,Serie A|Midfield,pre_npxg_xa,0.5354635616158409,True,6,False
0.8,Serie A|Midfield,pre_injury_days,-0.0352399255282188,True,6,False
0.8,Serie A|Midfield,pre_club_ppg,-0.0933411518129562,True,6,False
0.8,Serie A|Midfield,pre_opponent_ppg,0.3142092670427726,True,6,False
0.8,Serie A|Midfield,pre_trend_minutes_share,0.15422319366514517,True,6,False
0.8,Serie A|Midfield,pre_trend_npxg_xa,-0.15708909178240457,True,6,False
0.8,Serie A|Midfield,missing_pre_npxg_xa,0.18799003221169241,True,6,False
0.8,Serie A|Midfield,missing_pre_trend_npxg_xa,0.18799003221169241,True,6,False
1.0,Bundesliga|Attack,intercept,-1.6104209843781399,True,7,False
1.0,Bundesliga|Attack,age_at_world_cup,-0.47594182117022665,True,7,False
1.0,Bundesliga|Attack,market_value_log,0.26914486292663725,True,7,False
1.0,Bundesliga|Attack,pre_minutes_share,0.6104897949519057,True,7,False
1.0,Bundesliga|Attack,pre_squad_rate,0.531291060107652,True,7,False
1.0,Bundesliga|Attack,pre_start_rate,0.11709249646268004,True,7,False
1.0,Bundesliga|Attack,pre_npxg_xa,0.2987592791132721,True,7,False
1.0,Bundesliga|Attack,pre_injury_days,0.5060243094445676,True,7,False
1.0,Bundesliga|Attack,pre_club_ppg,1.4587494486218948,True,7,False
1.0,Bundesliga|Attack,pre_opponent_ppg,-0.7657086720682352,True,7,False
1.0,Bundesliga|Attack,pre_trend_minutes_share,0.10148819721243148,True,7,False
1.0,Bundesliga|Attack,pre_trend_npxg_xa,-0.524404390315163,True,7,False
1.0,Bundesliga|Attack,missing_pre_npxg_xa,-0.2957979989050905,True,7,False
1.0,Bundesliga|Attack,missing_pre_trend_npxg_xa,-0.2957979989050905,True,7,False
1.0,Bundesliga|Defender,intercept,-1.3876128925084135,True,7,False
1.0,Bundesliga|Defender,age_at_world_cup,0.14725491546010563,True,7,False
1.0,Bundesliga|Defender,market_value_log,1.6977853338322135,True,7,False
1.0,Bundesliga|Defender,pre_minutes_share,0.14176459422985127,True,7,False
1.0,Bundesliga|Defender,pre_squad_rate,-0.5670682128446619,True,7,False
1.0,Bundesliga|Defender,pre_start_rate,0.02163132918966313,True,7,False
1.0,Bundesliga|Defender,pre_npxg_xa,0.3492706337892294,True,7,False
1.0,Bundesliga|Defender,pre_injury_days,-0.19966894184375042,True,7,False
1.0,Bundesliga|Defender,pre_club_ppg,0.09917539844168723,True,7,False
1.0,Bundesliga|Defender,pre_opponent_ppg,0.06318527356015684,True,7,False
1.0,Bundesliga|Defender,pre_trend_minutes_share,0.6968558760533292,True,7,False
1.0,Bundesliga|Defender,pre_trend_npxg_xa,-0.5391899274642181,True,7,False
1.0,Bundesliga|Defender,missing_pre_npxg_xa,-0.29269265329579186,True,7,False
1.0,Bundesliga|Defender,missing_pre_trend_npxg_xa,-0.29269265329579186,True,7,False
1.0,Bundesliga|Midfield,intercept,-0.8563383012678177,True,6,False
1.0,Bundesliga|Midfield,age_at_world_cup,0.5023119403315024,True,6,False
1.0,Bundesliga|Midfield,market_value_log,1.2347933430636209,True,6,False
1.0,Bundesliga|Midfield,pre_minutes_share,-0.11460506003858353,True,6,False
1.0,Bundesliga|Midfield,pre_squad_rate,-0.4646620480274427,True,6,False
1.0,Bundesliga|Midfield,pre_start_rate,0.050757537334851825,True,6,False
1.0,Bundesliga|Midfield,pre_npxg_xa,0.26302827638719195,True,6,False
1.0,Bundesliga|Midfield,pre_injury_days,-0.11794635976959474,True,6,False
1.0,Bundesliga|Midfield,pre_club_ppg,0.45916705620504966,True,6,False
1.0,Bundesliga|Midfield,pre_opponent_ppg,0.41546765863490825,True,6,False
1.0,Bundesliga|Midfield,pre_trend_minutes_share,-0.05616777523764944,True,6,False
1.0,Bundesliga|Midfield,pre_trend_npxg_xa,0.1336323360463339,True,6,False
1.0,Bundesliga|Midfield,missing_pre_npxg_xa,-0.3008282665602539,True,6,False
1.0,Bundesliga|Midfield,missing_pre_trend_npxg_xa,-0.3008282665602539,True,6,False
1.0,LaLiga|Attack,intercept,-1.307297477070304,True,7,False
1.0,LaLiga|Attack,age_at_world_cup,0.22879379025504704,True,7,False
1.0,LaLiga|Attack,market_value_log,1.5262576295051782,True,7,False
1.0,LaLiga|Attack,pre_minutes_share,-0.20625606214782344,True,7,False
1.0,LaLiga|Attack,pre_squad_rate,-1.118213956949838,True,7,False
1.0,LaLiga|Attack,pre_start_rate,-0.03656391126297261,True,7,False
1.0,LaLiga|Attack,pre_npxg_xa,0.6396152924794014,True,7,False
1.0,LaLiga|Attack,pre_injury_days,-0.14998828003431441,True,7,False
1.0,LaLiga|Attack,pre_club_ppg,0.6711973456739855,True,7,False
1.0,LaLiga|Attack,pre_opponent_ppg,0.27141603187526503,True,7,False
1.0,LaLiga|Attack,pre_trend_minutes_share,-0.23068001604948096,True,7,False
1.0,LaLiga|Attack,pre_trend_npxg_xa,0.0325174724586014,True,7,False
1.0,LaLiga|Attack,missing_pre_npxg_xa,-0.2517142379755007,True,7,False
1.0,LaLiga|Attack,missing_pre_trend_npxg_xa,-0.2517142379755007,True,7,False
1.0,LaLiga|Defender,intercept,-1.9192221861947991,True,7,False
1.0,LaLiga|Defender,age_at_world_cup,0.13087249388358324,True,7,False
1.0,LaLiga|Defender,market_value_log,0.8037237197949073,True,7,False
1.0,LaLiga|Defender,pre_minutes_share,0.5174437861121876,True,7,False
1.0,LaLiga|Defender,pre_squad_rate,-0.39858664403883415,True,7,False
1.0,LaLiga|Defender,pre_start_rate,-0.048096286821034874,True,7,False
1.0,LaLiga|Defender,pre_npxg_xa,-0.21389002464557888,True,7,False
1.0,LaLiga|Defender,pre_injury_days,-0.4857414234147475,True,7,False
1.0,LaLiga|Defender,pre_club_ppg,0.5872560363068804,True,7,False
1.0,LaLiga|Defender,pre_opponent_ppg,0.1890082037275395,True,7,False
1.0,LaLiga|Defender,pre_trend_minutes_share,0.0688577072699329,True,7,False
1.0,LaLiga|Defender,pre_trend_npxg_xa,0.2273471047973726,True,7,False
1.0,LaLiga|Defender,missing_pre_npxg_xa,-0.14619566310420623,True,7,False
1.0,LaLiga|Defender,missing_pre_trend_npxg_xa,-0.14619566310420623,True,7,False
1.0,LaLiga|Midfield,intercept,-1.668395003860412,True,7,False
1.0,LaLiga|Midfield,age_at_world_cup,0.31935473535309933,True,7,False
1.0,LaLiga|Midfield,market_value_log,1.0597497234182118,True,7,False
1.0,LaLiga|Midfield,pre_minutes_share,-0.38181784159280124,True,7,False
1.0,LaLiga|Midfield,pre_squad_rate,0.2586977465195241,True,7,False
1.0,LaLiga|Midfield,pre_start_rate,0.37394639070564467,True,7,False
1.0,LaLiga|Midfield,pre_npxg_xa,-0.6920081719971739,True,7,False
1.0,LaLiga|Midfield,pre_injury_days,0.001169978445241966,True,7,False
1.0,LaLiga|Midfield,pre_club_ppg,0.7981007225432749,True,7,False
1.0,LaLiga|Midfield,pre_opponent_ppg,-0.350882518971422,True,7,False
1.0,LaLiga|Midfield,pre_trend_minutes_share,0.2459701549770189,True,7,False
1.0,LaLiga|Midfield,pre_trend_npxg_xa,0.19349435192818307,True,7,False
1.0,Ligue 1|Attack,intercept,-1.9004747303050273,True,7,False
1.0,Ligue 1|Attack,age_at_world_cup,0.27489524842043245,True,7,False
1.0,Ligue 1|Attack,market_value_log,0.5948555771917708,True,7,False
1.0,Ligue 1|Attack,pre_minutes_share,-0.5087173392702181,True,7,False
1.0,Ligue 1|Attack,pre_squad_rate,-0.061215284266067295,True,7,False
1.0,Ligue 1|Attack,pre_start_rate,-0.21788945863628573,True,7,False
1.0,Ligue 1|Attack,pre_npxg_xa,0.7179434526683223,True,7,False
1.0,Ligue 1|Attack,pre_injury_days,-0.8397640547078871,True,7,False
1.0,Ligue 1|Attack,pre_club_ppg,0.7919675037535935,True,7,False
1.0,Ligue 1|Attack,pre_opponent_ppg,0.23782983107336078,True,7,False
1.0,Ligue 1|Attack,pre_trend_minutes_share,0.4938577160164102,True,7,False
1.0,Ligue 1|Attack,pre_trend_npxg_xa,-0.6409650504931381,True,7,False
1.0,Ligue 1|Defender,intercept,-1.6401010315258358,True,7,False
1.0,Ligue 1|Defender,age_at_world_cup,-0.005142681871860876,True,7,False
1.0,Ligue 1|Defender,market_value_log,0.620850490317286,True,7,False
1.0,Ligue 1|Defender,pre_minutes_share,-0.13321390061952385,True,7,False
1.0,Ligue 1|Defender,pre_squad_rate,-0.09351776239213198,True,7,False
1.0,Ligue 1|Defender,pre_start_rate,0.08088342817442368,True,7,False
1.0,Ligue 1|Defender,pre_npxg_xa,0.3266585893277714,True,7,False
1.0,Ligue 1|Defender,pre_injury_days,-0.440042301551513,True,7,False
1.0,Ligue 1|Defender,pre_club_ppg,0.1218290342166319,True,7,False
1.0,Ligue 1|Defender,pre_opponent_ppg,-0.6293790222891116,True,7,False
1.0,Ligue 1|Defender,pre_trend_minutes_share,-0.043231433013262634,True,7,False
1.0,Ligue 1|Defender,pre_trend_npxg_xa,-0.013169654664841724,True,7,False
1.0,Ligue 1|Defender,missing_pre_npxg_xa,-0.07629337346049278,True,7,False
1.0,Ligue 1|Defender,missing_pre_trend_npxg_xa,-0.07629337346049278,True,7,False
1.0,Ligue 1|Midfield,intercept,-2.0562718694514617,True,7,False
1.0,Ligue 1|Midfield,age_at_world_cup,-0.18349809574713113,True,7,False
1.0,Ligue 1|Midfield,market_value_log,1.1637562728103936,True,7,False
1.0,Ligue 1|Midfield,pre_minutes_share,0.2496961663821295,True,7,False
1.0,Ligue 1|Midfield,pre_squad_rate,-0.3306260717975491,True,7,False
1.0,Ligue 1|Midfield,pre_start_rate,-0.5593490666434844,True,7,False
1.0,Ligue 1|Midfield,pre_npxg_xa,0.18235309441576877,True,7,False
1.0,Ligue 1|Midfield,pre_injury_days,-0.34239822974304035,True,7,False
1.0,Ligue 1|Midfield,pre_club_ppg,0.3857277256858269,True,7,False
1.0,Ligue 1|Midfield,pre_opponent_ppg,0.11720791409761322,True,7,False
1.0,Ligue 1|Midfield,pre_trend_minutes_share,0.5348291215064187,True,7,False
1.0,Ligue 1|Midfield,pre_trend_npxg_xa,-0.30108057475001415,True,7,False
1.0,Ligue 1|Midfield,missing_pre_npxg_xa,-0.39431209316570515,True,7,False
1.0,Ligue 1|Midfield,missing_pre_trend_npxg_xa,-0.39431209316570515,True,7,False
1.0,Premier League|Attack,intercept,-0.24563425607312697,True,6,False
1.0,Premier League|Attack,age_at_world_cup,-0.03620109252690595,True,6,False
1.0,Premier League|Attack,market_value_log,0.6332512025504585,True,6,False
1.0,Premier League|Attack,pre_minutes_share,-0.17261698793925276,True,6,False
1.0,Premier League|Attack,pre_squad_rate,0.0717854042266297,True,6,False
1.0,Premier League|Attack,pre_start_rate,-0.08819907881129209,True,6,False
1.0,Premier League|Attack,pre_npxg_xa,-0.013478313124566354,True,6,False
1.0,Premier League|Attack,pre_injury_days,-0.06779374317376388,True,6,False
1.0,Premier League|Attack,pre_club_ppg,1.456723619560889,True,6,False
1.0,Premier League|Attack,pre_opponent_ppg,-0.2653117616417871,True,6,False
1.0,Premier League|Attack,pre_trend_minutes_share,0.47095673652237807,True,6,False
1.0,Premier League|Attack,pre_trend_npxg_xa,0.36634605551416977,True,6,False
1.0,Premier League|Defender,intercept,-0.2618438078638709,True,6,False
1.0,Premier League|Defender,age_at_world_cup,0.22543314202887435,True,6,False
1.0,Premier League|Defender,market_value_log,0.7190688063899927,True,6,False
1.0,Premier League|Defender,pre_minutes_share,0.4122549183288961,True,6,False
1.0,Premier League|Defender,pre_squad_rate,-0.14375135535610226,True,6,False
1.0,Premier League|Defender,pre_start_rate,-0.038121724512919966,True,6,False
1.0,Premier League|Defender,pre_npxg_xa,0.4038677096902275,True,6,False
1.0,Premier League|Defender,pre_injury_days,0.19691043167573719,True,6,False
1.0,Premier League|Defender,pre_club_ppg,0.5805629553938167,True,6,False
1.0,Premier League|Defender,pre_opponent_ppg,0.004345776963026608,True,6,False
1.0,Premier League|Defender,pre_trend_minutes_share,-0.11426261620267822,True,6,False
1.0,Premier League|Defender,pre_trend_npxg_xa,0.1399843040559261,True,6,False
1.0,Premier League|Defender,missing_pre_npxg_xa,-0.81672558125776,True,6,False
1.0,Premier League|Defender,missing_pre_trend_npxg_xa,-0.81672558125776,True,6,False
1.0,Premier League|Midfield,intercept,0.06473073601895475,True,6,False
1.0,Premier League|Midfield,age_at_world_cup,0.6666367638216786,True,6,False
1.0,Premier League|Midfield,market_value_log,1.2564516660009317,True,6,False
1.0,Premier League|Midfield,pre_minutes_share,0.35292193221426166,True,6,False
1.0,Premier League|Midfield,pre_squad_rate,-0.5139621184706935,True,6,False
1.0,Premier League|Midfield,pre_start_rate,-0.07728079328928276,True,6,False
1.0,Premier League|Midfield,pre_npxg_xa,-0.4708346356185164,True,6,False
1.0,Premier League|Midfield,pre_injury_days,-0.4223420081673794,True,6,False
1.0,Premier League|Midfield,pre_club_ppg,0.6834751109563767,True,6,False
1.0,Premier League|Midfield,pre_opponent_ppg,0.5879103023966654,True,6,False
1.0,Premier League|Midfield,pre_trend_minutes_share,0.10315576028034928,True,6,False
1.0,Premier League|Midfield,pre_trend_npxg_xa,-0.06214349528769837,True,6,False
1.0,Premier League|Midfield,missing_pre_npxg_xa,-0.4842618895632721,True,6,False
1.0,Premier League|Midfield,missing_pre_trend_npxg_xa,-0.4842618895632721,True,6,False
1.0,Serie A|Attack,intercept,-0.94319887047003,True,6,False
1.0,Serie A|Attack,age_at_world_cup,0.189360390319589,True,6,False
1.0,Serie A|Attack,market_value_log,0.5387193455010529,True,6,False
1.0,Serie A|Attack,pre_minutes_share,-0.13696977920744735,True,6,False
1.0,Serie A|Attack,pre_squad_rate,-0.1908657794641723,True,6,False
1.0,Serie A|Attack,pre_start_rate,-0.22052118246419622,True,6,False
1.0,Serie A|Attack,pre_npxg_xa,0.46959594239692093,True,6,False
1.0,Serie A|Attack,pre_injury_days,-1.0994270740587073,True,6,False
1.0,Serie A|Attack,pre_club_ppg,0.2192935352968595,True,6,False
1.0,Serie A|Attack,pre_opponent_ppg,-0.3833228473637473,True,6,False
1.0,Serie A|Attack,pre_trend_minutes_share,-0.040967179986119796,True,6,False
1.0,Serie A|Attack,pre_trend_npxg_xa,-0.7236926121449577,True,6,False
1.0,Serie A|Defender,intercept,-0.5379161322121907,True,6,False
1.0,Serie A|Defender,age_at_world_cup,0.3492649924568433,True,6,False
1.0,Serie A|Defender,market_value_log,0.7302800092778654,True,6,False
1.0,Serie A|Defender,pre_minutes_share,-0.08766999388295971,True,6,False
1.0,Serie A|Defender,pre_squad_rate,0.0151883653257459,True,6,False
1.0,Serie A|Defender,pre_start_rate,-0.19473351966093275,True,6,False
1.0,Serie A|Defender,pre_npxg_xa,-0.20630232579725466,True,6,False
1.0,Serie A|Defender,pre_injury_days,-0.8852305730764465,True,6,False
1.0,Serie A|Defender,pre_club_ppg,-0.00516474975822324,True,6,False
1.0,Serie A|Defender,pre_opponent_ppg,-0.017669225504329308,True,6,False
1.0,Serie A|Defender,pre_trend_minutes_share,0.21409373340225787,True,6,False
1.0,Serie A|Defender,pre_trend_npxg_xa,-0.07122366272184134,True,6,False
1.0,Serie A|Defender,missing_pre_npxg_xa,-0.34433048582647663,True,6,False
1.0,Serie A|Defender,missing_pre_trend_npxg_xa,-0.34433048582647663,True,6,False
1.0,Serie A|Midfield,intercept,-0.6804530037093532,True,6,False
1.0,Serie A|Midfield,age_at_world_cup,0.24374585473439728,True,6,False
1.0,Serie A|Midfield,market_value_log,0.8002040910042657,True,6,False
1.0,Serie A|Midfield,pre_minutes_share,0.18181242709463546,True,6,False
1.0,Serie A|Midfield,pre_squad_rate,-0.7369107233391322,True,6,False
1.0,Serie A|Midfield,pre_start_rate,0.01840495186384347,True,6,False
1.0,Serie A|Midfield,pre_npxg_xa,0.5136848046786651,True,6,False
1.0,Serie A|Midfield,pre_injury_days,-0.02305984963041871,True,6,False
1.0,Serie A|Midfield,pre_club_ppg,-0.06461333712535507,True,6,False
1.0,Serie A|Midfield,pre_opponent_ppg,0.3083858081354928,True,6,False
1.0,Serie A|Midfield,pre_trend_minutes_share,0.14731907950224976,True,6,False
1.0,Serie A|Midfield,pre_trend_npxg_xa,-0.1595777892922789,True,6,False
1.0,Serie A|Midfield,missing_pre_npxg_xa,0.16008806562585767,True,6,False
1.0,Serie A|Midfield,missing_pre_trend_npxg_xa,0.16008806562585767,True,6,False
1.2,Bundesliga|Attack,intercept,-1.54989375819778,True,7,False
1.2,Bundesliga|Attack,age_at_world_cup,-0.43984458062856585,True,7,False
1.2,Bundesliga|Attack,market_value_log,0.2944542218965161,True,7,False
1.2,Bundesliga|Attack,pre_minutes_share,0.5524468428710003,True,7,False
1.2,Bundesliga|Attack,pre_squad_rate,0.49913544955822925,True,7,False
1.2,Bundesliga|Attack,pre_start_rate,0.13258012336129388,True,7,False
1.2,Bundesliga|Attack,pre_npxg_xa,0.29774940639871766,True,7,False
1.2,Bundesliga|Attack,pre_injury_days,0.47422544346323503,True,7,False
1.2,Bundesliga|Attack,pre_club_ppg,1.3529838475360183,True,7,False
1.2,Bundesliga|Attack,pre_opponent_ppg,-0.7148762100141667,True,7,False
1.2,Bundesliga|Attack,pre_trend_minutes_share,0.09927448095863955,True,7,False
1.2,Bundesliga|Attack,pre_trend_npxg_xa,-0.4784323773567754,True,7,False
1.2,Bundesliga|Attack,missing_pre_npxg_xa,-0.2556117410046715,True,7,False
1.2,Bundesliga|Attack,missing_pre_trend_npxg_xa,-0.2556117410046715,True,7,False
1.2,Bundesliga|Defender,intercept,-1.365047904429903,True,6,False
1.2,Bundesliga|Defender,age_at_world_cup,0.12054567871103702,True,6,False
1.2,Bundesliga|Defender,market_value_log,1.6179829784189141,True,6,False
1.2,Bundesliga|Defender,pre_minutes_share,0.12781395351885405,True,6,False
1.2,Bundesliga|Defender,pre_squad_rate,-0.5358539536030327,True,6,False
1.2,Bundesliga|Defender,pre_start_rate,0.03243913278287562,True,6,False
1.2,Bundesliga|Defender,pre_npxg_xa,0.3476357431833543,True,6,False
1.2,Bundesliga|Defender,pre_injury_days,-0.18717068035093976,True,6,False
1.2,Bundesliga|Defender,pre_club_ppg,0.12249357243853269,True,6,False
1.2,Bundesliga|Defender,pre_opponent_ppg,0.06333276218032599,True,6,False
1.2,Bundesliga|Defender,pre_trend_minutes_share,0.6636664491750301,True,6,False
1.2,Bundesliga|Defender,pre_trend_npxg_xa,-0.5214810183873411,True,6,False
1.2,Bundesliga|Defender,missing_pre_npxg_xa,-0.2585515967011705,True,6,False
1.2,Bundesliga|Defender,missing_pre_trend_npxg_xa,-0.2585515967011705,True,6,False
1.2,Bundesliga|Midfield,intercept,-0.8454881799957698,True,6,False
1.2,Bundesliga|Midfield,age_at_world_cup,0.47237099727146675,True,6,False
1.2,Bundesliga|Midfield,market_value_log,1.1870929932451748,True,6,False
1.2,Bundesliga|Midfield,pre_minutes_share,-0.09182749678334672,True,6,False
1.2,Bundesliga|Midfield,pre_squad_rate,-0.45363605201203916,True,6,False
1.2,Bundesliga|Midfield,pre_start_rate,0.03413150766683035,True,6,False
1.2,Bundesliga|Midfield,pre_npxg_xa,0.2624109263553665,True,6,False
1.2,Bundesliga|Midfield,pre_injury_days,-0.10788326656730517,True,6,False
1.2,Bundesliga|Midfield,pre_club_ppg,0.45458478296981136,True,6,False
1.2,Bundesliga|Midfield,pre_opponent_ppg,0.3981589178826312,True,6,False
1.2,Bundesliga|Midfield,pre_trend_minutes_share,-0.05743275490430321,True,6,False
1.2,Bundesliga|Midfield,pre_trend_npxg_xa,0.1262146562589816,True,6,False
1.2,Bundesliga|Midfield,missing_pre_npxg_xa,-0.26612453778935224,True,6,False
1.2,Bundesliga|Midfield,missing_pre_trend_npxg_xa,-0.26612453778935224,True,6,False
1.2,LaLiga|Attack,intercept,-1.2896378054718454,True,7,False
1.2,LaLiga|Attack,age_at_world_cup,0.1974891165157585,True,7,False
1.2,LaLiga|Attack,market_value_log,1.4361801768371452,True,7,False
1.2,LaLiga|Attack,pre_minutes_share,-0.20149174125417657,True,7,False
1.2,LaLiga|Attack,pre_squad_rate,-1.0554886610070418,True,7,False
1.2,LaLiga|Attack,pre_start_rate,-0.02770733183539348,True,7,False
1.2,LaLiga|Attack,pre_npxg_xa,0.6370697240769081,True,7,False
1.2,LaLiga|Attack,pre_injury_days,-0.14352547253873743,True,7,False
1.2,LaLiga|Attack,pre_club_ppg,0.6558271555871182,True,7,False
1.2,LaLiga|Attack,pre_opponent_ppg,0.2528987670809495,True,7,False
1.2,LaLiga|Attack,pre_trend_minutes_share,-0.21987932931768248,True,7,False
1.2,LaLiga|Attack,pre_trend_npxg_xa,0.015798300814664632,True,7,False
1.2,LaLiga|Attack,missing_pre_npxg_xa,-0.2228408132808309,True,7,False
1.2,LaLiga|Attack,missing_pre_trend_npxg_xa,-0.2228408132808309,True,7,False
1.2,LaLiga|Defender,intercept,-1.9056030545354254,True,7,False
1.2,LaLiga|Defender,age_at_world_cup,0.12617450742462036,True,7,False
1.2,LaLiga|Defender,market_value_log,0.7888392357034493,True,7,False
1.2,LaLiga|Defender,pre_minutes_share,0.47385500254575263,True,7,False
1.2,LaLiga|Defender,pre_squad_rate,-0.3793596977261671,True,7,False
1.2,LaLiga|Defender,pre_start_rate,-0.014687413166319685,True,7,False
1.2,LaLiga|Defender,pre_npxg_xa,-0.20486909957185115,True,7,False
1.2,LaLiga|Defender,pre_injury_days,-0.4622911996355972,True,7,False
1.2,LaLiga|Defender,pre_club_ppg,0.5784041988427857,True,7,False
1.2,LaLiga|Defender,pre_opponent_ppg,0.18366835975146187,True,7,False
1.2,LaLiga|Defender,pre_trend_minutes_share,0.07034368255861603,True,7,False
1.2,LaLiga|Defender,pre_trend_npxg_xa,0.21788531823171678,True,7,False
1.2,LaLiga|Defender,missing_pre_npxg_xa,-0.1395967077789961,True,7,False
1.2,LaLiga|Defender,missing_pre_trend_npxg_xa,-0.1395967077789961,True,7,False
1.2,LaLiga|Midfield,intercept,-1.649388232324501,True,7,False
1.2,LaLiga|Midfield,age_at_world_cup,0.29496427587469665,True,7,False
1.2,LaLiga|Midfield,market_value_log,1.0147121386326197,True,7,False
1.2,LaLiga|Midfield,pre_minutes_share,-0.3261821075413159,True,7,False
1.2,LaLiga|Midfield,pre_squad_rate,0.23379243742305802,True,7,False
1.2,LaLiga|Midfield,pre_start_rate,0.32258625632904525,True,7,False
1.2,LaLiga|Midfield,pre_npxg_xa,-0.6547022644062518,True,7,False
1.2,LaLiga|Midfield,pre_injury_days,-0.007936414803580979,True,7,False
1.2,LaLiga|Midfield,pre_club_ppg,0.791479922082152,True,7,False
1.2,LaLiga|Midfield,pre_opponent_ppg,-0.34039928540087333,True,7,False
1.2,LaLiga|Midfield,pre_trend_minutes_share,0.24367928207078957,True,7,False
1.2,LaLiga|Midfield,pre_trend_npxg_xa,0.18443840739121134,True,7,False
1.2,Ligue 1|Attack,intercept,-1.855304241983031,True,7,False
1.2,Ligue 1|Attack,age_at_world_cup,0.2636684975256109,True,7,False
1.2,Ligue 1|Attack,market_value_log,0.5750426591770422,True,7,False
1.2,Ligue 1|Attack,pre_minutes_share,-0.45419851060664435,True,7,False
1.2,Ligue 1|Attack,pre_squad_rate,-0.043924476281491105,True,7,False
1.2,Ligue 1|Attack,pre_start_rate,-0.20361984723638363,True,7,False
1.2,Ligue 1|Attack,pre_npxg_xa,0.6782609362393996,True,7,False
1.2,Ligue 1|Attack,pre_injury_days,-0.7613283350464289,True,7,False
1.2,Ligue 1|Attack,pre_club_ppg,0.7546841246747383,True,7,False
1.2,Ligue 1|Attack,pre_opponent_ppg,0.22132741354307003,True,7,False
1.2,Ligue 1|Attack,pre_trend_minutes_share,0.4441487749503363,True,7,False
1.2,Ligue 1|Attack,pre_trend_npxg_xa,-0.5844330040837229,True,7,False
1.2,Ligue 1|Defender,intercept,-1.6286227956947994,True,7,False
1.2,Ligue 1|Defender,age_at_world_cup,-0.01574033696419414,True,7,False
1.2,Ligue 1|Defender,market_value_log,0.5981680193710959,True,7,False
1.2,Ligue 1|Defender,pre_minutes_share,-0.11570338294313764,True,7,False
1.2,Ligue 1|Defender,pre_squad_rate,-0.08718917510180256,True,7,False
1.2,Ligue 1|Defender,pre_start_rate,0.06971717427061468,True,7,False
1.2,Ligue 1|Defender,pre_npxg_xa,0.3197418257569071,True,7,False
1.2,Ligue 1|Defender,pre_injury_days,-0.4115198084038947,True,7,False
1.2,Ligue 1|Defender,pre_club_ppg,0.13405699328696388,True,7,False
1.2,Ligue 1|Defender,pre_opponent_ppg,-0.6121186523091975,True,7,False
1.2,Ligue 1|Defender,pre_trend_minutes_share,-0.045295365250102776,True,7,False
1.2,Ligue 1|Defender,pre_trend_npxg_xa,-0.012297825749765888,True,7,False
1.2,Ligue 1|Defender,missing_pre_npxg_xa,-0.06741999504683512,True,7,False
1.2,Ligue 1|Defender,missing_pre_trend_npxg_xa,-0.06741999504683512,True,7,False
1.2,Ligue 1|Midfield,intercept,-2.0210506211614905,True,7,False
1.2,Ligue 1|Midfield,age_at_world_cup,-0.17738332930514097,True,7,False
1.2,Ligue 1|Midfield,market_value_log,1.105934551034985,True,7,False
1.2,Ligue 1|Midfield,pre_minutes_share,0.19946904291224804,True,7,False
1.2,Ligue 1|Midfield,pre_squad_rate,-0.2891572100827934,True,7,False
1.2,Ligue 1|Midfield,pre_start_rate,-0.5033651841630035,True,7,False
1.2,Ligue 1|Midfield,pre_npxg_xa,0.18977894975730014,True,7,False
1.2,Ligue 1|Midfield,pre_injury_days,-0.31265012792661717,True,7,False
1.2,Ligue 1|Midfield,pre_club_ppg,0.3830803384380743,True,7,False
1.2,Ligue 1|Midfield,pre_opponent_ppg,0.11265195314968755,True,7,False
1.2,Ligue 1|Midfield,pre_trend_minutes_share,0.49805837740449393,True,7,False
1.2,Ligue 1|Midfield,pre_trend_npxg_xa,-0.28122827255751603,True,7,False
1.2,Ligue 1|Midfield,missing_pre_npxg_xa,-0.34758143487192145,True,7,False
1.2,Ligue 1|Midfield,missing_pre_trend_npxg_xa,-0.34758143487192145,True,7,False
1.2,Premier League|Attack,intercept,-0.2482722926174623,True,6,False
1.2,Premier League|Attack,age_at_world_cup,-0.033454930609064494,True,6,False
1.2,Premier League|Attack,market_value_log,0.6101639180436477,True,6,False
1.2,Premier League|Attack,pre_minutes_share,-0.16444511936826983,True,6,False
1.2,Premier League|Attack,pre_squad_rate,0.06385155185763142,True,6,False
1.2,Premier League|Attack,pre_start_rate,-0.08249418511687535,True,6,False
1.2,Premier League|Attack,pre_npxg_xa,-0.004454849165338589,True,6,False
1.2,Premier League|Attack,pre_injury_days,-0.06221039283103884,True,6,False
1.2,Premier League|Attack,pre_club_ppg,1.3830855698360536,True,6,False
1.2,Premier League|Attack,pre_opponent_ppg,-0.24178620431476522,True,6,False
1.2,Premier League|Attack,pre_trend_minutes_share,0.450427767661623,True,6,False
1.2,Premier League|Attack,pre_trend_npxg_xa,0.33894983653306326,True,6,False
1.2,Premier League|Defender,intercept,-0.2644985009955957,True,6,False
1.2,Premier League|Defender,age_at_world_cup,0.21771872723071944,True,6,False
1.2,Premier League|Defender,market_value_log,0.7030241021778341,True,6,False
1.2,Premier League|Defender,pre_minutes_share,0.3806874334189962,True,6,False
1.2,Premier League|Defender,pre_squad_rate,-0.1326325968579514,True,6,False
1.2,Premier League|Defender,pre_start_rate,-0.013838233548663849,True,6,False
1.2,Premier League|Defender,pre_npxg_xa,0.39652608353287017,True,6,False
1.2,Premier League|Defender,pre_injury_days,0.19754449083116002,True,6,False
1.2,Premier League|Defender,pre_club_ppg,0.5708102162920995,True,6,False
1.2,Premier League|Defender,pre_opponent_ppg,0.005988872461435577,True,6,False
1.2,Premier League|Defender,pre_trend_minutes_share,-0.11537302918207099,True,6,False
1.2,Premier League|Defender,pre_trend_npxg_xa,0.1379774653709447,True,6,False
1.2,Premier League|Defender,missing_pre_npxg_xa,-0.738970421688723,True,6,False
1.2,Premier League|Defender,missing_pre_trend_npxg_xa,-0.738970421688723,True,6,False
1.2,Premier League|Midfield,intercept,0.06090377075897921,True,6,False
1.2,Premier League|Midfield,age_at_world_cup,0.6373991226797964,True,6,False
1.2,Premier League|Midfield,market_value_log,1.2097425230299927,True,6,False
1.2,Premier League|Midfield,pre_minutes_share,0.32375743204108465,True,6,False
1.2,Premier League|Midfield,pre_squad_rate,-0.4975373192212814,True,6,False
1.2,Premier League|Midfield,pre_start_rate,-0.05540827145914032,True,6,False
1.2,Premier League|Midfield,pre_npxg_xa,-0.45070165628522535,True,6,False
1.2,Premier League|Midfield,pre_injury_days,-0.4068946983625764,True,6,False
1.2,Premier League|Midfield,pre_club_ppg,0.6691455702702621,True,6,False
1.2,Premier League|Midfield,pre_opponent_ppg,0.5722450792261508,True,6,False
1.2,Premier League|Midfield,pre_trend_minutes_share,0.09849849491874846,True,6,False
1.2,Premier League|Midfield,pre_trend_npxg_xa,-0.06447810039436999,True,6,False
1.2,Premier League|Midfield,missing_pre_npxg_xa,-0.4230897031755762,True,6,False
1.2,Premier League|Midfield,missing_pre_trend_npxg_xa,-0.4230897031755762,True,6,False
1.2,Serie A|Attack,intercept,-0.9133613517872267,True,6,False
1.2,Serie A|Attack,age_at_world_cup,0.17767928008156464,True,6,False
1.2,Serie A|Attack,market_value_log,0.4983925737335763,True,6,False
1.2,Serie A|Attack,pre_minutes_share,-0.1294392529991276,True,6,False
1.2,Serie A|Attack,pre_squad_rate,-0.16426491735007506,True,6,False
1.2,Serie A|Attack,pre_start_rate,-0.18943895540218264,True,6,False
1.2,Serie A|Attack,pre_npxg_xa,0.45910019295020355,True,6,False
1.2,Serie A|Attack,pre_injury_days,-1.0023042190857718,True,6,False
1.2,Serie A|Attack,pre_club_ppg,0.22554430786259147,True,6,False
1.2,Serie A|Attack,pre_opponent_ppg,-0.3571336899492446,True,6,False
1.2,Serie A|Attack,pre_trend_minutes_share,-0.06040113482653432,True,6,False
1.2,Serie A|Attack,pre_trend_npxg_xa,-0.6766690014056225,True,6,False
1.2,Serie A|Defender,intercept,-0.5316692034099191,True,6,False
1.2,Serie A|Defender,age_at_world_cup,0.3252599984916913,True,6,False
1.2,Serie A|Defender,market_value_log,0.6788798974464484,True,6,False
1.2,Serie A|Defender,pre_minutes_share,-0.0805265951306204,True,6,False
1.2,Serie A|Defender,pre_squad_rate,0.03178129906486173,True,6,False
1.2,Serie A|Defender,pre_start_rate,-0.17514319989553895,True,6,False
1.2,Serie A|Defender,pre_npxg_xa,-0.19269030103870463,True,6,False
1.2,Serie A|Defender,pre_injury_days,-0.8203977563828051,True,6,False
1.2,Serie A|Defender,pre_club_ppg,0.0294826056536341,True,6,False
1.2,Serie A|Defender,pre_opponent_ppg,-0.021191043976283984,True,6,False
1.2,Serie A|Defender,pre_trend_minutes_share,0.19742059741132775,True,6,False
1.2,Serie A|Defender,pre_trend_npxg_xa,-0.06776252355993413,True,6,False
1.2,Serie A|Defender,missing_pre_npxg_xa,-0.3156843636147638,True,6,False
1.2,Serie A|Defender,missing_pre_trend_npxg_xa,-0.3156843636147638,True,6,False
1.2,Serie A|Midfield,intercept,-0.6731092868478131,True,6,False
1.2,Serie A|Midfield,age_at_world_cup,0.23216045538651517,True,6,False
1.2,Serie A|Midfield,market_value_log,0.7652626307718837,True,6,False
1.2,Serie A|Midfield,pre_minutes_share,0.17290712367488265,True,6,False
1.2,Serie A|Midfield,pre_squad_rate,-0.7159812226724472,True,6,False
1.2,Serie A|Midfield,pre_start_rate,0.032999271605897426,True,6,False
1.2,Serie A|Midfield,pre_npxg_xa,0.4951332419587663,True,6,False
1.2,Serie A|Midfield,pre_injury_days,-0.0128479466543808,True,6,False
1.2,Serie A|Midfield,pre_club_ppg,-0.04151150171705611,True,6,False
1.2,Serie A|Midfield,pre_opponent_ppg,0.30288971795836184,True,6,False
1.2,Serie A|Midfield,pre_trend_minutes_share,0.14054464572287087,True,6,False
1.2,Serie A|Midfield,pre_trend_npxg_xa,-0.16111034235632363,True,6,False
1.2,Serie A|Midfield,missing_pre_npxg_xa,0.14037939370949218,True,6,False
1.2,Serie A|Midfield,missing_pre_trend_npxg_xa,0.14037939370949218,True,6,False
1.5,Bundesliga|Attack,intercept,-1.4774478737111276,True,7,True
1.5,Bundesliga|Attack,age_at_world_cup,-0.3987771611691074,True,7,True
1.5,Bundesliga|Attack,market_value_log,0.318469763822453,True,7,True
1.5,Bundesliga|Attack,pre_minutes_share,0.48916873818755285,True,7,True
1.5,Bundesliga|Attack,pre_squad_rate,0.45915602009735174,True,7,True
1.5,Bundesliga|Attack,pre_start_rate,0.1465213160489505,True,7,True
1.5,Bundesliga|Attack,pre_npxg_xa,0.29480422988484006,True,7,True
1.5,Bundesliga|Attack,pre_injury_days,0.43492689057134015,True,7,True
1.5,Bundesliga|Attack,pre_club_ppg,1.2309197869530424,True,7,True
1.5,Bundesliga|Attack,pre_opponent_ppg,-0.6539255994794008,True,7,True
1.5,Bundesliga|Attack,pre_trend_minutes_share,0.09488811406020121,True,7,True
1.5,Bundesliga|Attack,pre_trend_npxg_xa,-0.42451940997347104,True,7,True
1.5,Bundesliga|Attack,missing_pre_npxg_xa,-0.21242144813747751,True,7,True
1.5,Bundesliga|Attack,missing_pre_trend_npxg_xa,-0.21242144813747751,True,7,True
1.5,Bundesliga|Defender,intercept,-1.3365922961030563,True,6,True
1.5,Bundesliga|Defender,age_at_world_cup,0.0883750818468855,True,6,True
1.5,Bundesliga|Defender,market_value_log,1.517665585065659,True,6,True
1.5,Bundesliga|Defender,pre_minutes_share,0.1134481980377649,True,6,True
1.5,Bundesliga|Defender,pre_squad_rate,-0.49608349891314146,True,6,True
1.5,Bundesliga|Defender,pre_start_rate,0.042922756402634994,True,6,True
1.5,Bundesliga|Defender,pre_npxg_xa,0.3446167168166512,True,6,True
1.5,Bundesliga|Defender,pre_injury_days,-0.17220675522564627,True,6,True
1.5,Bundesliga|Defender,pre_club_ppg,0.14976717878641357,True,6,True
1.5,Bundesliga|Defender,pre_opponent_ppg,0.06228050401810894,True,6,True
1.5,Bundesliga|Defender,pre_trend_minutes_share,0.6209454404805975,True,6,True
1.5,Bundesliga|Defender,pre_trend_npxg_xa,-0.4985077085973135,True,6,True
1.5,Bundesliga|Defender,missing_pre_npxg_xa,-0.22090578716467887,True,6,True
1.5,Bundesliga|Defender,missing_pre_trend_npxg_xa,-0.22090578716467887,True,6,True
1.5,Bundesliga|Midfield,intercept,-0.831481186809108,True,6,True
1.5,Bundesliga|Midfield,age_at_world_cup,0.43392256025741277,True,6,True
1.5,Bundesliga|Midfield,market_value_log,1.1258019955256295,True,6,True
1.5,Bundesliga|Midfield,pre_minutes_share,-0.06787973673182283,True,6,True
1.5,Bundesliga|Midfield,pre_squad_rate,-0.4383530186166409,True,6,True
1.5,Bundesliga|Midfield,pre_start_rate,0.018108456501807896,True,6,True
1.5,Bundesliga|Midfield,pre_npxg_xa,0.2603020626451065,True,6,True
1.5,Bundesliga|Midfield,pre_injury_days,-0.0945357254760754,True,6,True
1.5,Bundesliga|Midfield,pre_club_ppg,0.44754612486271284,True,6,True
1.5,Bundesliga|Midfield,pre_opponent_ppg,0.3750933937598196,True,6,True
1.5,Bundesliga|Midfield,pre_trend_minutes_share,-0.05898475249249107,True,6,True
1.5,Bundesliga|Midfield,pre_trend_npxg_xa,0.1173910351546602,True,6,True
1.5,Bundesliga|Midfield,missing_pre_npxg_xa,-0.22755104649653993,True,6,True
1.5,Bundesliga|Midfield,missing_pre_trend_npxg_xa,-0.22755104649653993,True,6,True
1.5,LaLiga|Attack,intercept,-1.2681303779963986,True,7,True
1.5,LaLiga|Attack,age_at_world_cup,0.16107700566037975,True,7,True
1.5,LaLiga|Attack,market_value_log,1.3277835798624038,True,7,True
1.5,LaLiga|Attack,pre_minutes_share,-0.19172646350401504,True,7,True
1.5,LaLiga|Attack,pre_squad_rate,-0.9791478561482245,True,7,True
1.5,LaLiga|Attack,pre_start_rate,-0.019319611764697566,True,7,True
1.5,LaLiga|Attack,pre_npxg_xa,0.6300534684038333,True,7,True
1.5,LaLiga|Attack,pre_injury_days,-0.13470964814034977,True,7,True
1.5,LaLiga|Attack,pre_club_ppg,0.6374449094751228,True,7,True
1.5,LaLiga|Attack,pre_opponent_ppg,0.23071950230708496,True,7,True
1.5,LaLiga|Attack,pre_trend_minutes_share,-0.20757195864132189,True,7,True
1.5,LaLiga|Attack,pre_trend_npxg_xa,-0.0034070783940068398,True,7,True
1.5,LaLiga|Attack,missing_pre_npxg_xa,-0.19030460037076652,True,7,True
1.5,LaLiga|Attack,missing_pre_trend_npxg_xa,-0.19030460037076652,True,7,True
1.5,LaLiga|Defender,intercept,-1.8873198722316553,True,7,True
1.5,LaLiga|Defender,age_at_world_cup,0.11895001461392728,True,7,True
1.5,LaLiga|Defender,market_value_log,0.7682673477257611,True,7,True
1.5,LaLiga|Defender,pre_minutes_share,0.4255176512274158,True,7,True
1.5,LaLiga|Defender,pre_squad_rate,-0.35465981829320736,True,7,True
1.5,LaLiga|Defender,pre_start_rate,0.01978199266684582,True,7,True
1.5,LaLiga|Defender,pre_npxg_xa,-0.19258014825453115,True,7,True
1.5,LaLiga|Defender,pre_injury_days,-0.4315164538995264,True,7,True
1.5,LaLiga|Defender,pre_club_ppg,0.5662005734550597,True,7,True
1.5,LaLiga|Defender,pre_opponent_ppg,0.17617453011071188,True,7,True
1.5,LaLiga|Defender,pre_trend_minutes_share,0.07105703452479639,True,7,True
1.5,LaLiga|Defender,pre_trend_npxg_xa,0.2054725679305384,True,7,True
1.5,LaLiga|Defender,missing_pre_npxg_xa,-0.1310252532632681,True,7,True
1.5,LaLiga|Defender,missing_pre_trend_npxg_xa,-0.1310252532632681,True,7,True
1.5,LaLiga|Midfield,intercept,-1.6249009168257178,True,7,True
1.5,LaLiga|Midfield,age_at_world_cup,0.26454578407061985,True,7,True
1.5,LaLiga|Midfield,market_value_log,0.9584234943295374,True,7,True
1.5,LaLiga|Midfield,pre_minutes_share,-0.2661855523378551,True,7,True
1.5,LaLiga|Midfield,pre_squad_rate,0.2041797479901367,True,7,True
1.5,LaLiga|Midfield,pre_start_rate,0.2667237487411399,True,7,True
1.5,LaLiga|Midfield,pre_npxg_xa,-0.6074334514227385,True,7,True
1.5,LaLiga|Midfield,pre_injury_days,-0.017975651424449124,True,7,True
1.5,LaLiga|Midfield,pre_club_ppg,0.7808409898107653,True,7,True
1.5,LaLiga|Midfield,pre_opponent_ppg,-0.32695852864325003,True,7,True
1.5,LaLiga|Midfield,pre_trend_minutes_share,0.23946980179686891,True,7,True
1.5,LaLiga|Midfield,pre_trend_npxg_xa,0.17438774308359217,True,7,True
1.5,Ligue 1|Attack,intercept,-1.8040857400443056,True,7,True
1.5,Ligue 1|Attack,age_at_world_cup,0.24901031950335467,True,7,True
1.5,Ligue 1|Attack,market_value_log,0.5488162041086263,True,7,True
1.5,Ligue 1|Attack,pre_minutes_share,-0.3905704866951866,True,7,True
1.5,Ligue 1|Attack,pre_squad_rate,-0.025852008323519065,True,7,True
1.5,Ligue 1|Attack,pre_start_rate,-0.18431848618633018,True,7,True
1.5,Ligue 1|Attack,pre_npxg_xa,0.6310603430817006,True,7,True
1.5,Ligue 1|Attack,pre_injury_days,-0.6717097098613966,True,7,True
1.5,Ligue 1|Attack,pre_club_ppg,0.7111294632356132,True,7,True
1.5,Ligue 1|Attack,pre_opponent_ppg,0.20166742221996023,True,7,True
1.5,Ligue 1|Attack,pre_trend_minutes_share,0.38559659054047457,True,7,True
1.5,Ligue 1|Attack,pre_trend_npxg_xa,-0.5189694331434812,True,7,True
1.5,Ligue 1|Defender,intercept,-1.6137276895891863,True,7,True
1.5,Ligue 1|Defender,age_at_world_cup,-0.028785275542974227,True,7,True
1.5,Ligue 1|Defender,market_value_log,0.5691149041960475,True,7,True
1.5,Ligue 1|Defender,pre_minutes_share,-0.09599772745315635,True,7,True
1.5,Ligue 1|Defender,pre_squad_rate,-0.07890794116274524,True,7,True
1.5,Ligue 1|Defender,pre_start_rate,0.057930842706291896,True,7,True
1.5,Ligue 1|Defender,pre_npxg_xa,0.3104698285830787,True,7,True
1.5,Ligue 1|Defender,pre_injury_days,-0.37597173547057744,True,7,True
1.5,Ligue 1|Defender,pre_club_ppg,0.1493561995182785,True,7,True
1.5,Ligue 1|Defender,pre_opponent_ppg,-0.5889834605884756,True,7,True
1.5,Ligue 1|Defender,pre_trend_minutes_share,-0.04788010309641466,True,7,True
1.5,Ligue 1|Defender,pre_trend_npxg_xa,-0.011184910265927824,True,7,True
1.5,Ligue 1|Defender,missing_pre_npxg_xa,-0.05802983383664266,True,7,True
1.5,Ligue 1|Defender,missing_pre_trend_npxg_xa,-0.05802983383664266,True,7,True
1.5,Ligue 1|Midfield,intercept,-1.978683677069039,True,7,True
1.5,Ligue 1|Midfield,age_at_world_cup,-0.17051399764790878,True,7,True
1.5,Ligue 1|Midfield,market_value_log,1.034238893214205,True,7,True
1.5,Ligue 1|Midfield,pre_minutes_share,0.14715351284249936,True,7,True
1.5,Ligue 1|Midfield,pre_squad_rate,-0.24139272554728214,True,7,True
1.5,Ligue 1|Midfield,pre_start_rate,-0.44152389325263686,True,7,True
1.5,Ligue 1|Midfield,pre_npxg_xa,0.19816750647226403,True,7,True
1.5,Ligue 1|Midfield,pre_injury_days,-0.276366805609981,True,7,True
1.5,Ligue 1|Midfield,pre_club_ppg,0.379508722822531,True,7,True
1.5,Ligue 1|Midfield,pre_opponent_ppg,0.1063770271904581,True,7,True
1.5,Ligue 1|Midfield,pre_trend_minutes_share,0.45252474245336416,True,7,True
1.5,Ligue 1|Midfield,pre_trend_npxg_xa,-0.25636381226806015,True,7,True
1.5,Ligue 1|Midfield,missing_pre_npxg_xa,-0.29575134922241114,True,7,True
1.5,Ligue 1|Midfield,missing_pre_trend_npxg_xa,-0.29575134922241114,True,7,True
1.5,Premier League|Attack,intercept,-0.2517092117419573,True,6,True
1.5,Premier League|Attack,age_at_world_cup,-0.030655026397912167,True,6,True
1.5,Premier League|Attack,market_value_log,0.5814321682470978,True,6,True
1.5,Premier League|Attack,pre_minutes_share,-0.1535786775731969,True,6,True
1.5,Premier League|Attack,pre_squad_rate,0.05402975892610471,True,6,True
1.5,Premier League|Attack,pre_start_rate,-0.07583594195270771,True,6,True
1.5,Premier League|Attack,pre_npxg_xa,0.006748743394241846,True,6,True
1.5,Premier League|Attack,pre_injury_days,-0.05515500940467984,True,6,True
1.5,Premier League|Attack,pre_club_ppg,1.291868290504574,True,6,True
1.5,Premier League|Attack,pre_opponent_ppg,-0.21333098499722514,True,6,True
1.5,Premier League|Attack,pre_trend_minutes_share,0.4245991062065117,True,6,True
1.5,Premier League|Attack,pre_trend_npxg_xa,0.30583230361802366,True,6,True
1.5,Premier League|Defender,intercept,-0.2674726419399138,True,6,True
1.5,Premier League|Defender,age_at_world_cup,0.20631644394577914,True,6,True
1.5,Premier League|Defender,market_value_log,0.6809483860530028,True,6,True
1.5,Premier League|Defender,pre_minutes_share,0.34540561460496394,True,6,True
1.5,Premier League|Defender,pre_squad_rate,-0.11865568185834895,True,6,True
1.5,Premier League|Defender,pre_start_rate,0.012511299379311124,True,6,True
1.5,Premier League|Defender,pre_npxg_xa,0.38652268952488295,True,6,True
1.5,Premier League|Defender,pre_injury_days,0.19810643855138638,True,6,True
1.5,Premier League|Defender,pre_club_ppg,0.558670262362912,True,6,True
1.5,Premier League|Defender,pre_opponent_ppg,0.008072387854860422,True,6,True
1.5,Premier League|Defender,pre_trend_minutes_share,-0.11644002624103873,True,6,True
1.5,Premier League|Defender,pre_trend_npxg_xa,0.13528840580572826,True,6,True
1.5,Premier League|Defender,missing_pre_npxg_xa,-0.6488253534421721,True,6,True
1.5,Premier League|Defender,missing_pre_trend_npxg_xa,-0.6488253534421721,True,6,True
1.5,Premier League|Midfield,intercept,0.05648021132003558,True,6,True
1.5,Premier League|Midfield,age_at_world_cup,0.5999511856756861,True,6,True
1.5,Premier League|Midfield,market_value_log,1.1489550778876731,True,6,True
1.5,Premier League|Midfield,pre_minutes_share,0.29132395250750925,True,6,True
1.5,Premier League|Midfield,pre_squad_rate,-0.47635795376168005,True,6,True
1.5,Premier League|Midfield,pre_start_rate,-0.031757016666602744,True,6,True
1.5,Premier League|Midfield,pre_npxg_xa,-0.424023470452064,True,6,True
1.5,Premier League|Midfield,pre_injury_days,-0.3852256287299494,True,6,True
1.5,Premier League|Midfield,pre_club_ppg,0.6494495807797762,True,6,True
1.5,Premier League|Midfield,pre_opponent_ppg,0.552002041391808,True,6,True
1.5,Premier League|Midfield,pre_trend_minutes_share,0.09250281687810874,True,6,True
1.5,Premier League|Midfield,pre_trend_npxg_xa,-0.0672923261327497,True,6,True
1.5,Premier League|Midfield,missing_pre_npxg_xa,-0.35567444672240905,True,6,True
1.5,Premier League|Midfield,missing_pre_trend_npxg_xa,-0.35567444672240905,True,6,True
1.5,Serie A|Attack,intercept,-0.8798456112060753,True,6,True
1.5,Serie A|Attack,age_at_world_cup,0.16443072498352848,True,6,True
1.5,Serie A|Attack,market_value_log,0.45346626902948267,True,6,True
1.5,Serie A|Attack,pre_minutes_share,-0.11781891822559776,True,6,True
1.5,Serie A|Attack,pre_squad_rate,-0.13512425036131018,True,6,True
1.5,Serie A|Attack,pre_start_rate,-0.15604611668456936,True,6,True
1.5,Serie A|Attack,pre_npxg_xa,0.4445037169197377,True,6,True
1.5,Serie A|Attack,pre_injury_days,-0.8902372835600565,True,6,True
1.5,Serie A|Attack,pre_club_ppg,0.23046270877971564,True,6,True
1.5,Serie A|Attack,pre_opponent_ppg,-0.32599245312229524,True,6,True
1.5,Serie A|Attack,pre_trend_minutes_share,-0.08150843782549004,True,6,True
1.5,Serie A|Attack,pre_trend_npxg_xa,-0.621129668251419,True,6,True
1.5,Serie A|Defender,intercept,-0.5243774464894249,True,6,True
1.5,Serie A|Defender,age_at_world_cup,0.29655889407086566,True,6,True
1.5,Serie A|Defender,market_value_log,0.6176832781893805,True,6,True
1.5,Serie A|Defender,pre_minutes_share,-0.07112019782543239,True,6,True
1.5,Serie A|Defender,pre_squad_rate,0.049944397194115246,True,6,True
1.5,Serie A|Defender,pre_start_rate,-0.1527449075514913,True,6,True
1.5,Serie A|Defender,pre_npxg_xa,-0.17579030786469824,True,6,True
1.5,Serie A|Defender,pre_injury_days,-0.7437095021357727,True,6,True
1.5,Serie A|Defender,pre_club_ppg,0.06889793568307667,True,6,True
1.5,Serie A|Defender,pre_opponent_ppg,-0.025280735416288648,True,6,True
1.5,Serie A|Defender,pre_trend_minutes_share,0.17794492059021105,True,6,True
1.5,Serie A|Defender,pre_trend_npxg_xa,-0.06407426169966926,True,6,True
1.5,Serie A|Defender,missing_pre_npxg_xa,-0.2815816633520163,True,6,True
1.5,Serie A|Defender,missing_pre_trend_npxg_xa,-0.2815816633520163,True,6,True
1.5,Serie A|Midfield,intercept,-0.6635985749715112,True,6,True
1.5,Serie A|Midfield,age_at_world_cup,0.21681446736052495,True,6,True
1.5,Serie A|Midfield,market_value_log,0.7213672076610994,True,6,True
1.5,Serie A|Midfield,pre_minutes_share,0.16274075036508168,True,6,True
1.5,Serie A|Midfield,pre_squad_rate,-0.6871162045564355,True,6,True
1.5,Serie A|Midfield,pre_start_rate,0.04885705405412802,True,6,True
1.5,Serie A|Midfield,pre_npxg_xa,0.4715683736464881,True,6,True
1.5,Serie A|Midfield,pre_injury_days,-0.0003759483830828509,True,6,True
1.5,Serie A|Midfield,pre_club_ppg,-0.014219747212077109,True,6,True
1.5,Serie A|Midfield,pre_opponent_ppg,0.2951191481171182,True,6,True
1.5,Serie A|Midfield,pre_trend_minutes_share,0.13093580944859312,True,6,True
1.5,Serie A|Midfield,pre_trend_npxg_xa,-0.16232172708120904,True,6,True
1.5,Serie A|Midfield,missing_pre_npxg_xa,0.11963311701442077,True,6,True
1.5,Serie A|Midfield,missing_pre_trend_npxg_xa,0.11963311701442077,True,6,True
2.0,Bundesliga|Attack,intercept,-1.3876702683804687,True,7,False
2.0,Bundesliga|Attack,age_at_world_cup,-0.3508965337691528,True,7,False
2.0,Bundesliga|Attack,market_value_log,0.3388317200246106,True,7,False
2.0,Bundesliga|Attack,pre_minutes_share,0.4186685510636158,True,7,False
2.0,Bundesliga|Attack,pre_squad_rate,0.40710302481853144,True,7,False
2.0,Bundesliga|Attack,pre_start_rate,0.15734643937431522,True,7,False
2.0,Bundesliga|Attack,pre_npxg_xa,0.2888308181675507,True,7,False
2.0,Bundesliga|Attack,pre_injury_days,0.38402128660201146,True,7,False
2.0,Bundesliga|Attack,pre_club_ppg,1.0850520238656025,True,7,False
2.0,Bundesliga|Attack,pre_opponent_ppg,-0.5781808849613749,True,7,False
2.0,Bundesliga|Attack,pre_trend_minutes_share,0.0871896748175242,True,7,False
2.0,Bundesliga|Attack,pre_trend_npxg_xa,-0.3593668890705519,True,7,False
2.0,Bundesliga|Attack,missing_pre_npxg_xa,-0.16566795449325175,True,7,False
2.0,Bundesliga|Attack,missing_pre_trend_npxg_xa,-0.16566795449325175,True,7,False
2.0,Bundesliga|Defender,intercept,-1.2989764597188649,True,6,False
2.0,Bundesliga|Defender,age_at_world_cup,0.04882022563062692,True,6,False
2.0,Bundesliga|Defender,market_value_log,1.3860168130995432,True,6,False
2.0,Bundesliga|Defender,pre_minutes_share,0.09877003992864015,True,6,False
2.0,Bundesliga|Defender,pre_squad_rate,-0.4427968148058638,True,6,False
2.0,Bundesliga|Defender,pre_start_rate,0.05252198913124068,True,6,False
2.0,Bundesliga|Defender,pre_npxg_xa,0.33877589713419387,True,6,False
2.0,Bundesliga|Defender,pre_injury_days,-0.15372588480377555,True,6,False
2.0,Bundesliga|Defender,pre_club_ppg,0.18171799806759345,True,6,False
2.0,Bundesliga|Defender,pre_opponent_ppg,0.05877867130487672,True,6,False
2.0,Bundesliga|Defender,pre_trend_minutes_share,0.5630390459807376,True,6,False
2.0,Bundesliga|Defender,pre_trend_npxg_xa,-0.4670336155642294,True,6,False
2.0,Bundesliga|Defender,missing_pre_npxg_xa,-0.17887003481387292,True,6,False
2.0,Bundesliga|Defender,missing_pre_trend_npxg_xa,-0.17887003481387292,True,6,False
2.0,Bundesliga|Midfield,intercept,-0.8125833188937444,True,6,False
2.0,Bundesliga|Midfield,age_at_world_cup,0.3822579323595007,True,6,False
2.0,Bundesliga|Midfield,market_value_log,1.0429047525187396,True,6,False
2.0,Bundesliga|Midfield,pre_minutes_share,-0.042917552825693955,True,6,False
2.0,Bundesliga|Midfield,pre_squad_rate,-0.41586782690574364,True,6,False
2.0,Bundesliga|Midfield,pre_start_rate,0.0038642220860037675,True,6,False
2.0,Bundesliga|Midfield,pre_npxg_xa,0.2552977123696055,True,6,False
2.0,Bundesliga|Midfield,pre_injury_days,-0.07602502406350582,True,6,False
2.0,Bundesliga|Midfield,pre_club_ppg,0.4359488580267073,True,6,False
2.0,Bundesliga|Midfield,pre_opponent_ppg,0.34253279986304525,True,6,False
2.0,Bundesliga|Midfield,pre_trend_minutes_share,-0.06077354938063249,True,6,False
2.0,Bundesliga|Midfield,pre_trend_npxg_xa,0.10657430048873119,True,6,False
2.0,Bundesliga|Midfield,missing_pre_npxg_xa,-0.18398281215357212,True,6,False
2.0,Bundesliga|Midfield,missing_pre_trend_npxg_xa,-0.18398281215357212,True,6,False
2.0,LaLiga|Attack,intercept,-1.2405770226336432,True,7,False
2.0,LaLiga|Attack,age_at_world_cup,0.11780193328992235,True,7,False
2.0,LaLiga|Attack,market_value_log,1.1928932553758764,True,7,False
2.0,LaLiga|Attack,pre_minutes_share,-0.17422937668168517,True,7,False
2.0,LaLiga|Attack,pre_squad_rate,-0.8819377307574403,True,7,False
2.0,LaLiga|Attack,pre_start_rate,-0.011336514112451174,True,7,False
2.0,LaLiga|Attack,pre_npxg_xa,0.6148103273161759,True,7,False
2.0,LaLiga|Attack,pre_injury_days,-0.12212977504928436,True,7,False
2.0,LaLiga|Attack,pre_club_ppg,0.6134533295230195,True,7,False
2.0,LaLiga|Attack,pre_opponent_ppg,0.20307253782228463,True,7,False
2.0,LaLiga|Attack,pre_trend_minutes_share,-0.19334799636646988,True,7,False
2.0,LaLiga|Attack,pre_trend_npxg_xa,-0.025458591303641774,True,7,False
2.0,LaLiga|Attack,missing_pre_npxg_xa,-0.15328864005949416,True,7,False
2.0,LaLiga|Attack,missing_pre_trend_npxg_xa,-0.15328864005949416,True,7,False
2.0,LaLiga|Defender,intercept,-1.8611814919347704,True,7,False
2.0,LaLiga|Defender,age_at_world_cup,0.10736741173115129,True,7,False
2.0,LaLiga|Defender,market_value_log,0.7378445273825789,True,7,False
2.0,LaLiga|Defender,pre_minutes_share,0.3707499177993154,True,7,False
2.0,LaLiga|Defender,pre_squad_rate,-0.32116246065050624,True,7,False
2.0,LaLiga|Defender,pre_start_rate,0.054318541978433055,True,7,False
2.0,LaLiga|Defender,pre_npxg_xa,-0.17482531314351754,True,7,False
2.0,LaLiga|Defender,pre_injury_days,-0.38910739029648783,True,7,False
2.0,LaLiga|Defender,pre_club_ppg,0.5480102915074151,True,7,False
2.0,LaLiga|Defender,pre_opponent_ppg,0.16490435287273078,True,7,False
2.0,LaLiga|Defender,pre_trend_minutes_share,0.07009218103482892,True,7,False
2.0,LaLiga|Defender,pre_trend_npxg_xa,0.18833612461534677,True,7,False
2.0,LaLiga|Defender,missing_pre_npxg_xa,-0.11928770598256008,True,7,False
2.0,LaLiga|Defender,missing_pre_trend_npxg_xa,-0.11928770598256008,True,7,False
2.0,LaLiga|Midfield,intercept,-1.5913648710657842,True,7,False
2.0,LaLiga|Midfield,age_at_world_cup,0.2251827917689452,True,7,False
2.0,LaLiga|Midfield,market_value_log,0.8849354491156229,True,7,False
2.0,LaLiga|Midfield,pre_minutes_share,-0.2016696933722211,True,7,False
2.0,LaLiga|Midfield,pre_squad_rate,0.16801617603612884,True,7,False
2.0,LaLiga|Midfield,pre_start_rate,0.2056719331421286,True,7,False
2.0,LaLiga|Midfield,pre_npxg_xa,-0.5445558104784972,True,7,False
2.0,LaLiga|Midfield,pre_injury_days,-0.0286514473936668,True,7,False
2.0,LaLiga|Midfield,pre_club_ppg,0.7620807366713731,True,7,False
2.0,LaLiga|Midfield,pre_opponent_ppg,-0.3086240154996557,True,7,False
2.0,LaLiga|Midfield,pre_trend_minutes_share,0.2315567414626103,True,7,False
2.0,LaLiga|Midfield,pre_trend_npxg_xa,0.16321690626255372,True,7,False
2.0,Ligue 1|Attack,intercept,-1.7444430915713,True,6,False
2.0,Ligue 1|Attack,age_at_world_cup,0.2288319386568246,True,6,False
2.0,Ligue 1|Attack,market_value_log,0.5124942757795545,True,6,False
2.0,Ligue 1|Attack,pre_minutes_share,-0.3143169777946382,True,6,False
2.0,Ligue 1|Attack,pre_squad_rate,-0.007411051837523587,True,6,False
2.0,Ligue 1|Attack,pre_start_rate,-0.15721132123534812,True,6,False
2.0,Ligue 1|Attack,pre_npxg_xa,0.5727563812530414,True,6,False
2.0,Ligue 1|Attack,pre_injury_days,-0.5668881829385094,True,6,False
2.0,Ligue 1|Attack,pre_club_ppg,0.6576092284312499,True,6,False
2.0,Ligue 1|Attack,pre_opponent_ppg,0.17709679953415797,True,6,False
2.0,Ligue 1|Attack,pre_trend_minutes_share,0.31494932488544236,True,6,False
2.0,Ligue 1|Attack,pre_trend_npxg_xa,-0.4414723676354673,True,6,False
2.0,Ligue 1|Defender,intercept,-1.5933053768803453,True,7,False
2.0,Ligue 1|Defender,age_at_world_cup,-0.04496539023133798,True,7,False
2.0,Ligue 1|Defender,market_value_log,0.530316366541836,True,7,False
2.0,Ligue 1|Defender,pre_minutes_share,-0.07336479386183897,True,7,False
2.0,Ligue 1|Defender,pre_squad_rate,-0.06780416687418649,True,7,False
2.0,Ligue 1|Defender,pre_start_rate,0.045625518146079014,True,7,False
2.0,Ligue 1|Defender,pre_npxg_xa,0.2972229440421147,True,7,False
2.0,Ligue 1|Defender,pre_injury_days,-0.3302800496185814,True,7,False
2.0,Ligue 1|Defender,pre_club_ppg,0.16876022725910314,True,7,False
2.0,Ligue 1|Defender,pre_opponent_ppg,-0.556041340789338,True,7,False
2.0,Ligue 1|Defender,pre_trend_minutes_share,-0.05109363091209116,True,7,False
2.0,Ligue 1|Defender,pre_trend_npxg_xa,-0.009631069164539837,True,7,False
2.0,Ligue 1|Defender,missing_pre_npxg_xa,-0.04791623198667425,True,7,False
2.0,Ligue 1|Defender,missing_pre_trend_npxg_xa,-0.04791623198667425,True,7,False
2.0,Ligue 1|Midfield,intercept,-1.9254522791722155,True,7,False
2.0,Ligue 1|Midfield,age_at_world_cup,-0.16231360363114558,True,7,False
2.0,Ligue 1|Midfield,market_value_log,0.9414244432940387,True,7,False
2.0,Ligue 1|Midfield,pre_minutes_share,0.09351114538416175,True,7,False
2.0,Ligue 1|Midfield,pre_squad_rate,-0.18532888728254196,True,7,False
2.0,Ligue 1|Midfield,pre_start_rate,-0.372043140576817,True,7,False
2.0,Ligue 1|Midfield,pre_npxg_xa,0.20721686532276312,True,7,False
2.0,Ligue 1|Midfield,pre_injury_days,-0.23083201335279394,True,7,False
2.0,Ligue 1|Midfield,pre_club_ppg,0.37374064146967095,True,7,False
2.0,Ligue 1|Midfield,pre_opponent_ppg,0.09717531999195325,True,7,False
2.0,Ligue 1|Midfield,pre_trend_minutes_share,0.3941122537541874,True,7,False
2.0,Ligue 1|Midfield,pre_trend_npxg_xa,-0.22403340396300253,True,7,False
2.0,Ligue 1|Midfield,missing_pre_npxg_xa,-0.23741017736585496,True,7,False
2.0,Ligue 1|Midfield,missing_pre_trend_npxg_xa,-0.23741017736585496,True,7,False
2.0,Premier League|Attack,intercept,-0.2562324815649625,True,6,False
2.0,Premier League|Attack,age_at_world_cup,-0.028183107812936505,True,6,False
2.0,Premier League|Attack,market_value_log,0.5438394300523307,True,6,False
2.0,Premier League|Attack,pre_minutes_share,-0.13858244427144864,True,6,False
2.0,Premier League|Attack,pre_squad_rate,0.04151483148115398,True,6,False
2.0,Premier League|Attack,pre_start_rate,-0.0676480818125316,True,6,False
2.0,Premier League|Attack,pre_npxg_xa,0.021027580425238734,True,6,False
2.0,Premier League|Attack,pre_injury_days,-0.04591242372455801,True,6,False
2.0,Premier League|Attack,pre_club_ppg,1.1741625153540867,True,6,False
2.0,Premier League|Attack,pre_opponent_ppg,-0.17800114763985472,True,6,False
2.0,Premier League|Attack,pre_trend_minutes_share,0.3904210564190819,True,6,False
2.0,Premier League|Attack,pre_trend_npxg_xa,0.26453149489919414,True,6,False
2.0,Premier League|Defender,intercept,-0.27067665789830736,True,6,False
2.0,Premier League|Defender,age_at_world_cup,0.18862737812491853,True,6,False
2.0,Premier League|Defender,market_value_log,0.6486261862609082,True,6,False
2.0,Premier League|Defender,pre_minutes_share,0.3051028405608,True,6,False
2.0,Premier League|Defender,pre_squad_rate,-0.1003816925719649,True,6,False
2.0,Premier League|Defender,pre_start_rate,0.04111778932095296,True,6,False
2.0,Premier League|Defender,pre_npxg_xa,0.37183009237909326,True,6,False
2.0,Premier League|Defender,pre_injury_days,0.19803142845055693,True,6,False
2.0,Premier League|Defender,pre_club_ppg,0.5423687965820709,True,6,False
2.0,Premier League|Defender,pre_opponent_ppg,0.010786163608506085,True,6,False
2.0,Premier League|Defender,pre_trend_minutes_share,-0.11693797260475565,True,6,False
2.0,Premier League|Defender,pre_trend_npxg_xa,0.13137232145072586,True,6,False
2.0,Premier League|Defender,missing_pre_npxg_xa,-0.5419222375371653,True,6,False
2.0,Premier League|Defender,missing_pre_trend_npxg_xa,-0.5419222375371653,True,6,False
2.0,Premier League|Midfield,intercept,0.05120997294691588,True,6,False
2.0,Premier League|Midfield,age_at_world_cup,0.549574630258259,True,6,False
2.0,Premier League|Midfield,market_value_log,1.0657338572353432,True,6,False
2.0,Premier League|Midfield,pre_minutes_share,0.25473644298297865,True,6,False
2.0,Premier League|Midfield,pre_squad_rate,-0.4474581820922811,True,6,False
2.0,Premier League|Midfield,pre_start_rate,-0.006341009627991367,True,6,False
2.0,Premier League|Midfield,pre_npxg_xa,-0.3866335308201236,True,6,False
2.0,Premier League|Midfield,pre_injury_days,-0.35354085614732056,True,6,False
2.0,Premier League|Midfield,pre_club_ppg,0.6206406603316105,True,6,False
2.0,Premier League|Midfield,pre_opponent_ppg,0.5241411300217428,True,6,False
2.0,Premier League|Midfield,pre_trend_minutes_share,0.0843863031634477,True,6,False
2.0,Premier League|Midfield,pre_trend_npxg_xa,-0.07073881968365366,True,6,False
2.0,Premier League|Midfield,missing_pre_npxg_xa,-0.28082450965567773,True,6,False
2.0,Premier League|Midfield,missing_pre_trend_npxg_xa,-0.28082450965567773,True,6,False
2.0,Serie A|Attack,intercept,-0.8413069773334455,True,6,False
2.0,Serie A|Attack,age_at_world_cup,0.14842769314894816,True,6,False
2.0,Serie A|Attack,market_value_log,0.4021667543976311,True,6,False
2.0,Serie A|Attack,pre_minutes_share,-0.10035992502590549,True,6,False
2.0,Serie A|Attack,pre_squad_rate,-0.10328824889105821,True,6,False
2.0,Serie A|Attack,pre_start_rate,-0.11949200569212383,True,6,False
2.0,Serie A|Attack,pre_npxg_xa,0.42285000463546935,True,6,False
2.0,Serie A|Attack,pre_injury_days,-0.7571912884147681,True,6,False
2.0,Serie A|Attack,pre_club_ppg,0.23225970651229924,True,6,False
2.0,Serie A|Attack,pre_opponent_ppg,-0.28790365728778283,True,6,False
2.0,Serie A|Attack,pre_trend_minutes_share,-0.1035908171437764,True,6,False
2.0,Serie A|Attack,pre_trend_npxg_xa,-0.5531364472586094,True,6,False
2.0,Serie A|Defender,intercept,-0.5156106954796178,True,6,False
2.0,Serie A|Defender,age_at_world_cup,0.2611786929289575,True,6,False
2.0,Serie A|Defender,market_value_log,0.5428358920976112,True,6,False
2.0,Serie A|Defender,pre_minutes_share,-0.0585404454566549,True,6,False
2.0,Serie A|Defender,pre_squad_rate,0.0691941136441312,True,6,False
2.0,Serie A|Defender,pre_start_rate,-0.12654401259797077,True,6,False
2.0,Serie A|Defender,pre_npxg_xa,-0.15375935522824946,True,6,False
2.0,Serie A|Defender,pre_injury_days,-0.6508016504224369,True,6,False
2.0,Serie A|Defender,pre_club_ppg,0.11329396636006707,True,6,False
2.0,Serie A|Defender,pre_opponent_ppg,-0.030016422284614472,True,6,False
2.0,Serie A|Defender,pre_trend_minutes_share,0.15468895814384004,True,6,False
2.0,Serie A|Defender,pre_trend_npxg_xa,-0.06031852415105202,True,6,False
2.0,Serie A|Defender,missing_pre_npxg_xa,-0.23998879947407292,True,6,False
2.0,Serie A|Defender,missing_pre_trend_npxg_xa,-0.23998879947407292,True,6,False
2.0,Serie A|Midfield,intercept,-0.650562981839091,True,6,False
2.0,Serie A|Midfield,age_at_world_cup,0.19554968307210208,True,6,False
2.0,Serie A|Midfield,market_value_log,0.6638649253939263,True,6,False
2.0,Serie A|Midfield,pre_minutes_share,0.15075590398548344,True,6,False
2.0,Serie A|Midfield,pre_squad_rate,-0.6447048103002346,True,6,False
2.0,Serie A|Midfield,pre_start_rate,0.06566995540999593,True,6,False
2.0,Serie A|Midfield,pre_npxg_xa,0.43994411551766016,True,6,False
2.0,Serie A|Midfield,pre_injury_days,0.014983867700220478,True,6,False
2.0,Serie A|Midfield,pre_club_ppg,0.018465805857390286,True,6,False
2.0,Serie A|Midfield,pre_opponent_ppg,0.28319025389292757,True,6,False
2.0,Serie A|Midfield,pre_trend_minutes_share,0.11666328599489098,True,6,False
2.0,Serie A|Midfield,pre_trend_npxg_xa,-0.1627701698276065,True,6,False
2.0,Serie A|Midfield,missing_pre_npxg_xa,0.09761847431168603,True,6,False
2.0,Serie A|Midfield,missing_pre_trend_npxg_xa,0.09761847431168603,True,6,False
